station,year,season,summacpreywt,nmacpreysp,nbenthivorespp,nstomtot,meanmacpreywt,meanbenthivorelen.simple,meanbenthivorelen.weighted,depthm,lat,lon,bWT,bSA,bDO,SST
NM20070901001,2007,FALL,2.7966,8,4,13,0.215123077,36.66459975,16.36141301,19.812,41.019,-71.824,17.01,31.26,7.16,18.19
NM20070901002,2007,FALL,2.0075,4,4,17,0.118088235,43.775464,9.961243451,12.8016,41.006,-71.969,18.26,31.64,7.22,18.99
NM20070901003,2007,FALL,9.5074,9,5,21,0.452733333,34.49654895,7.707568769,12.8016,40.944,-72.145,,,,
NM20070901004,2007,FALL,5.4039,7,5,18,0.300216667,38.08030889,7.183226072,11.5824,40.953,-72.12,16.42,31.48,7.18,18.68
NM20070901005,2007,FALL,0.7088,4,4,17,0.041694118,41.33915247,10.64374927,15.8496,40.961,-72.048,16.15,31.62,6.87,19.14
NM20070901006,2007,FALL,10.6569,6,5,18,0.59205,44.17549823,7.446820837,10.9728,40.939,-72.169,16.1,31.2,7.52,18.88
NM20070901007,2007,FALL,4.2667,9,4,16,0.26666875,34.61040838,27.95766993,15.5448,40.939,-72.108,15.74,31.25,7.32,19.02
NM20070901008,2007,FALL,15.3841,7,5,19,0.809689474,37.51088211,7.35112385,12.8016,40.835,-72.44,15.05,31.02,6.5,18.74
NM20070901009,2007,FALL,58.476,6,7,27,2.165777778,39.22729487,37.1396826,12.192,40.64,-73.111,18.97,30.89,7.4,20.22
NM20070901010,2007,FALL,8.1282,4,5,15,0.54188,30.3820576,7.169656395,18.288,40.784,-72.591,15.75,31.62,6.26,19.1
NM20070901011,2007,FALL,21.1448,7,6,26,0.813261538,40.09969102,32.91001277,15.8496,40.63,-73.106,18.97,30.89,7.4,20.22
NM20070901012,2007,FALL,4.4542,6,4,14,0.318157143,36.00826643,8.468647618,18.288,40.79966667,-72.52933333,16.37,31.17,6.34,18.9
NM20070901013,2007,FALL,55.8683,7,5,29,1.926493103,27.37685738,26.03533289,9.144,40.606,-73.38516667,20.04,30.84,6.26,20.3
NM20070901014,2007,FALL,17.3542,7,6,23,0.754530435,31.64215897,18.12608583,10.0584,40.55333333,-73.61166667,20.67,30.92,5.7,21.15
NM20070901015,2007,FALL,28.6804,8,7,36,0.796677778,34.79832867,21.15324762,13.4112,40.5815,-73.38233333,18.94,30.95,5.17,19.85
NM20070901016,2007,FALL,65.5813,7,6,16,4.09883125,48.86717639,27.03063962,17.6784,40.552,-73.3935,18.65,31.04,3.48,20.45
NM20070901017,2007,FALL,6.8989,8,7,29,0.237893103,34.78566113,7.285355673,15.24,40.50433333,-73.629,18.01,30.78,5.05,21.02
NM20070901018,2007,FALL,17.4335,4,5,16,1.08959375,43.65945096,50.55024751,8.5344,40.52066667,-73.91566667,19.92,30.34,5.5,19.96
NM20070901019,2007,FALL,5.5494,6,5,18,0.3083,43.56536069,9.601772441,7.9248,40.4445,-73.95133333,19.69,29.65,5.81,20.22
NM20070901020,2007,FALL,13.5662,9,7,32,0.42394375,32.32061652,23.39226019,15.24,40.54533333,-73.733,20.42,30.87,7.09,20.49
NM20070901021,2007,FALL,13.1848,6,6,28,0.470885714,29.65415123,8.891059127,15.24,40.49833333,-73.8575,19.59,30.71,7.05,20.09
NM20070901022,2007,FALL,7.61,7,6,33,0.230606061,34.81670239,6.988507117,16.764,40.22466667,-73.95283333,18.72,30.78,4.39,20.8
NM20070901023,2007,FALL,5.3625,10,8,30,0.17875,29.86190825,13.210688,9.144,39.79883333,-74.07366667,20.45,31.19,5.85,20.26
NM20070901024,2007,FALL,18.335,3,6,19,0.965,35.4528774,24.41080447,7.3152,39.738,-74.09466667,20.66,31.26,5.05,20.69
NM20070901025,2007,FALL,26.5776,9,8,35,0.75936,24.92861009,9.321438244,15.8496,39.81433333,-74.03033333,19.66,31.09,3.51,20.26
NM20070901026,2007,FALL,4.3808,7,4,14,0.312914286,41.62637945,6.487187372,19.812,40.043,-74.0095,17.07,30.75,2.55,21.1
NM20070901027,2007,FALL,4.9168,7,5,18,0.273155556,33.31642371,9.561224717,15.8496,40.14566667,-73.96533333,19.23,30.85,4.07,21.33
NM20070901028,2007,FALL,4.2618,8,6,24,0.177575,27.00723717,19.86587674,12.8016,39.5965,-74.176,20.27,31.1,4.4,21.8
NM20070901029,2007,FALL,6.0046,9,8,24,0.250191667,28.98689658,19.69229669,10.9728,39.57466667,-74.1955,19.75,31.09,3.55,21.5
NM20070901030,2007,FALL,12.5962,9,6,26,0.484469231,30.66081915,25.87733885,13.1064,39.26866667,-74.52733333,20.68,30.69,3.99,21.91
NM20070901031,2007,FALL,28.3461,9,7,26,1.090234615,28.37878945,23.20888388,7.0104,39.20283333,-74.625,21.25,30.71,4.87,21.94
NM20070901032,2007,FALL,69.94401,10,6,27,2.590518889,29.13527249,8.541547508,16.4592,39.55516667,-74.06516667,19.75,31.52,4.93,20.86
NM20070901033,2007,FALL,16.0632,11,6,22,0.730145455,33.41634328,18.93961177,16.4592,39.247,-74.32666667,19.26,30.82,3.86,22.07
NM20070901034,2007,FALL,7.1885,6,5,14,0.513464286,35.00625334,28.45099326,12.8016,39.28366667,-74.40433333,20.87,30.68,4.54,22.08
NM20070901035,2007,FALL,4.1073,6,5,24,0.1711375,28.45235953,20.87281389,12.8016,39.21916667,-74.52566667,18.37,31.04,2.41,21.65
NM20070901036,2007,FALL,5.5817,6,6,24,0.232570833,32.34124871,22.49436969,12.192,39.183,-74.57016667,19.94,30.7,3.71,21.69
NM20070901037,2007,FALL,59.9396,13,5,28,2.1407,29.13421549,11.75434409,18.288,39.57133333,-74.09966667,20.02,31.41,3.82,21.17
NM20070901038,2007,FALL,3.066,2,2,4,0.7665,42.3754455,44.48545217,7.62,38.972,-74.6435,21.59,30.98,5.75,21.96
NM20070901039,2007,FALL,6.5905,7,7,26,0.253480769,30.55446227,24.57009564,10.3632,39.05183333,-74.70983333,21.7,30.79,4.51,22.95
NM20070901040,2007,FALL,4.011,9,4,15,0.2674,29.98271115,17.73533875,11.5824,39.04133333,-74.64583333,21.62,30.9,5.18,22.53
NM20070901041,2007,FALL,5.3225,9,5,21,0.253452381,27.47002848,14.58633676,10.668,39.09866667,-74.6475,21.37,30.93,4.78,22.37
NM20070901042,2007,FALL,4.0525,7,5,14,0.289464286,29.4700694,25.35348073,10.668,38.999,-74.72816667,21.35,31.12,6.29,21.38
NM20070901043,2007,FALL,6.2609,9,6,18,0.347827778,31.80080786,22.92257179,16.1544,38.90966667,-74.703,21.5,31.34,6.92,22.23
NM20070901044,2007,FALL,4.4709,13,6,34,0.131497059,27.98747376,16.89356117,11.5824,38.92016667,-74.75066667,21.26,31.09,7.09,21.81
NM20070901045,2007,FALL,12.7375,5,5,25,0.5095,26.12311935,24.70715212,15.24,38.97633333,-74.77316667,21.58,31.04,6.26,21.92
NM20070901046,2007,FALL,5.0624,8,7,19,0.266442105,34.13767481,26.7911951,18.288,39.17383333,-74.527,17.92,30.89,2.63,21.47
NM20070901047,2007,FALL,4.3935,12,5,23,0.191021739,27.889294,19.89254926,11.2776,38.8695,-74.84416667,21.31,31.27,6.76,21.13
NM20070901048,2007,FALL,1.4892,7,4,18,0.082733333,33.84988978,13.02696915,14.9352,38.906,-74.85283333,21.8,31.17,6.65,21.65
NM20070901049,2007,FALL,5.5506,9,4,16,0.3469125,24.80891138,26.57423231,7.3152,38.85016667,-74.909,21.82,30.52,6.49,21.99
NM20070901050,2007,FALL,8.22,7,4,15,0.548,33.30661384,22.91960776,7.3152,38.87683333,-74.88966667,21.79,30.99,6.95,21.85
NM20070901051,2007,FALL,5.875,7,5,14,0.419642857,33.84816185,23.59610725,13.716,38.47266667,-74.9425,22.05,30.91,5.95,22.33
NM20070901052,2007,FALL,2393.022,3,3,5,478.6044,50.86624955,53.59810561,10.9728,38.6835,-74.7475,20.81,31.42,6.39,22.64
NM20070901053,2007,FALL,15.6368,7,5,20,0.78184,27.74351834,38.11372359,20.4216,38.84883333,-74.77816667,21,31.19,6.22,21.53
NM20070901054,2007,FALL,0.0583,3,4,11,0.0053,28.7358224,20.85479373,12.8016,38.69633333,-74.82266667,20.93,31.27,6.2,22.54
NM20070901055,2007,FALL,1.464,8,4,15,0.0976,27.25120215,25.9457433,13.716,38.77266667,-74.80466667,21.05,30.84,5.81,21.83
NM20070901056,2007,FALL,17.755,5,3,10,1.7755,38.78860144,50.84153816,11.8872,38.77933333,-74.904,21.72,30.5,5.29,22.33
NM20070901057,2007,FALL,8.836,7,7,39,0.226564103,30.44359158,22.48781312,18.288,38.5215,-74.93433333,21.16,30.96,4.96,22.14
NM20070901058,2007,FALL,19.2817,12,5,22,0.876440909,27.73932124,23.22808836,10.0584,38.81066667,-74.96066667,21.39,30.7,5.83,22.71
NM20070901059,2007,FALL,20.9062,5,4,21,0.995533333,31.70260677,18.18959628,10.668,38.3785,-75.03833333,22.76,30.87,5.69,24.09
NM20070901060,2007,FALL,23.9712,4,4,17,1.410070588,31.06314177,19.61509813,10.668,38.4005,-75.03066667,22.92,30.94,6.04,22.99
NM20070901061,2007,FALL,4.6962,9,6,25,0.187848,30.92349096,20.6607857,17.9832,38.41533333,-74.88783333,21.42,31.7,6.19,22.19
NM20070901062,2007,FALL,2.4947,9,4,14,0.178192857,36.27767587,17.00791765,16.764,38.37933333,-74.9455,21.87,31,5.25,24.33
NM20070901063,2007,FALL,2.6669,9,5,13,0.205146154,30.29562031,23.20680558,13.1064,38.08683333,-75.00316667,21.91,31.86,6.12,22.26
NM20070901064,2007,FALL,0.6528,6,4,14,0.046628571,32.54964609,14.75167582,15.8496,38.17733333,-74.99816667,22.01,31.46,6.38,22.24
NM20070901065,2007,FALL,14.1597,15,5,22,0.643622727,27.44600572,19.54186518,14.3256,38.424,-75.00533333,22.46,30.94,6.03,22.96
NM20070901066,2007,FALL,5.315,7,6,25,0.2126,28.36482124,17.08735182,15.8496,38.069,-75.0655,22.51,31.38,6.57,22.42
NM20070901067,2007,FALL,15.9509,12,5,23,0.693517391,32.28511574,13.97800185,18.8976,38.32133333,-74.9535,22.13,31.25,6.09,22.72
NM20070901068,2007,FALL,2.8054,6,5,19,0.147652632,36.71144936,17.92893611,19.2024,38.31233333,-74.82833333,20.76,31.8,5.5,22.83
NM20070901069,2007,FALL,23.7766,5,4,15,1.585106667,35.48311266,22.36880221,8.2296,37.893,-75.30516667,22.94,31.37,6.75,23.42
NM20070901070,2007,FALL,13.685,5,4,14,0.9775,35.31908094,17.56716439,6.096,37.876,-75.32566667,23.05,31.38,6.82,23.33
NM20070901071,2007,FALL,10.5617,4,4,13,0.812438462,35.01826092,22.80325086,11.2776,37.80433333,-75.38116667,23.28,31.36,5.85,23.25
NM20070901072,2007,FALL,16.1705,8,6,19,0.851078947,32.54051609,19.73618168,14.9352,37.68166667,-75.52416667,22.88,31.46,5.81,21.55
NM20070901073,2007,FALL,3.921,3,4,17,0.230647059,33.63899956,18.29027619,13.1064,37.6445,-75.5565,21.82,31.9,5.38,21.23
NM20070901074,2007,FALL,8.0916,10,4,9,0.899066667,42.66022182,49.86855061,17.3736,38.01466667,-74.972,21.77,32.21,6.82,22.16
NM20070901075,2007,FALL,2.4968,6,3,11,0.226981818,30.44907691,25.31384969,18.5928,37.94166667,-75.1505,22.34,31.67,6.6,22.25
NM20070901076,2007,FALL,3.5317,6,3,11,0.321063636,29.85300127,13.27014898,17.6784,37.8405,-75.20666667,22.08,31.91,6.47,22.41
NM20070901077,2007,FALL,3.5841,4,3,7,0.512014286,38.27526192,16.83887997,14.9352,37.80216667,-75.27366667,21.93,32.12,6.22,21.88
NM20070901078,2007,FALL,8.1148,9,5,22,0.368854545,27.84815762,20.03268068,12.192,37.85966667,-75.26633333,22.38,31.64,6.16,23
NM20070901079,2007,FALL,9.91,5,3,9,1.101111111,43.72412631,58.49245304,10.9728,37.79683333,-75.29866667,22.37,31.69,6.12,22.17
NM20070901080,2007,FALL,3.5798,6,6,21,0.170466667,27.77780369,21.53132025,15.8496,37.73733333,-75.36266667,22.4,31.71,6.37,22.19
NM20070901081,2007,FALL,8.6646,5,3,10,0.86646,35.36637239,51.05424427,11.5824,37.5965,-75.38283333,21.53,32.28,6.71,21.86
NM20070901082,2007,FALL,13.0588,5,5,15,0.870586667,35.348903,26.24841071,10.668,37.77316667,-75.4035,22.83,31.49,6.96,22.7
NM20070901083,2007,FALL,0.0974,3,2,6,0.016233333,38.60372633,16.52908724,11.2776,37.546,-75.47983333,21.69,31.78,5.86,20.62
NM20070901084,2007,FALL,2.5971,7,5,14,0.185507143,30.27084204,13.22221838,12.4968,37.54733333,-75.50966667,22.53,31.5,6.08,21.88
NM20070901085,2007,FALL,1.203,2,2,4,0.30075,61.31842347,62.89515619,8.8392,37.37333333,-75.6385,22.26,31.71,6.23,21.46
NM20070901086,2007,FALL,0.7867,6,4,6,0.131116667,42.87521967,47.0216425,8.8392,37.28116667,-75.68166667,22.24,31.57,6.36,22.06
NM20070901087,2007,FALL,15.0596,5,4,10,1.50596,28.4722358,38.80426182,6.096,37.39483333,-75.6565,22.34,31.7,6.3,22.03
NM20070901088,2007,FALL,4.3614,3,4,10,0.43614,33.51468367,14.02467765,20.1168,37.2175,-75.58483333,21.65,32.07,7.49,22.47
NM20070901089,2007,FALL,2.912,1,1,3,0.970666667,69.35329267,69.35329267,11.5824,37.34183333,-75.571,22.25,31.56,6.39,21.6
NM20070901090,2007,FALL,0.339,2,2,4,0.08475,63.21110432,64.23366423,11.5824,37.3165,-75.57566667,22.19,31.56,6.07,21.28
NM20070901091,2007,FALL,1.9492,9,3,9,0.216577778,34.48149846,42.04595601,12.192,37.2925,-75.60616667,22.18,31.66,6,21.85
NM20070901092,2007,FALL,0.3772,7,2,8,0.04715,30.57251275,24.7971504,8.8392,37.24433333,-75.67066667,22.24,31.56,6.25,22.05
NM20070901093,2007,FALL,0.4503,1,4,6,0.07505,41.72315567,50.61108441,8.5344,37.13,-75.79933333,21.62,32.09,5.99,21.24
NM20070901094,2007,FALL,1.4109,3,5,17,0.082994118,25.10655553,16.03900448,9.144,37.14666667,-75.77566667,22.06,31.7,6.26,21.7
NM20070901095,2007,FALL,1.7164,6,4,14,0.1226,26.75292386,13.54516114,9.144,36.94433333,-75.89083333,22.32,30.14,6.06,21.44
NM20070901096,2007,FALL,0.3549,1,2,6,0.05915,21.83333333,21.83333333,9.7536,36.99266667,-75.91083333,22.01,30.31,6.33,21.61
NM20070901097,2007,FALL,15.0591,4,5,16,0.94119375,31.55036052,23.11311177,8.2296,36.731,-75.92733333,22.38,31.53,6.42,22.75
NM20070901098,2007,FALL,5.7582,2,4,20,0.28791,26.0325659,17.87217666,7.9248,36.85533333,-75.9565,22.65,30.99,6.49,23.27
NM20070901099,2007,FALL,2.5048,2,3,6,0.417466667,33.117694,33.117694,7.0104,37.06333333,-75.88416667,21.82,31.25,6.65,20.48
NM20070901100,2007,FALL,2.0777,6,3,13,0.159823077,25.92213462,13.23990989,18.288,36.6305,-75.77866667,22.25,31.85,7.29,23.22
NM20070901101,2007,FALL,1.01,2,2,4,0.2525,52.5984855,62.05023578,15.8496,37.16733333,-75.6005,21.41,32.3,7.73,22.32
NM20070901102,2007,FALL,3.159,2,2,5,0.6318,58.18423827,59.23565618,14.3256,37.09233333,-75.675,21.81,31.97,7.21,22.39
NM20070901103,2007,FALL,6.3951,4,3,11,0.581372727,29.24821582,18.96186462,12.8016,37.01116667,-75.745,22.23,31.58,7.42,22.84
NM20070901104,2007,FALL,0.9316,3,4,14,0.066542857,28.03832614,14.51570491,16.4592,36.85333333,-75.77666667,22.19,31.6,7.59,22.85
NM20070901105,2007,FALL,3.1924,5,4,11,0.290218182,30.62362527,13.5193089,14.6304,36.675,-75.81233333,22.19,31.89,7.19,22.65
NM20070901106,2007,FALL,0.751,4,5,19,0.039526316,26.03051232,14.07657167,14.9352,36.776,-75.82416667,22.41,31.45,7.26,22.88
NM20070901107,2007,FALL,1.4481,2,4,12,0.120675,29.48598583,13.39090814,16.764,36.70616667,-75.839,22.4,31.57,7.36,22.71
NM20070901108,2007,FALL,0.2334,2,3,9,0.025933333,33.66326111,14.00623581,14.3256,36.873,-75.82733333,22.25,31.47,7.12,23.25
NM20070901109,2007,FALL,2.8963,3,3,13,0.222792308,23.18345015,18.39266732,12.192,36.92016667,-75.89883333,22.33,30.52,7.6,21.95
NM20070901110,2007,FALL,1.131,3,4,17,0.066529412,21.73894694,20.08067271,20.4216,36.91166667,-75.93533333,22.5,29.5,5.82,21.32
NM20070901111,2007,FALL,1.8856,3,3,20,0.09428,22.3646427,21.3693056,6.096,35.97766667,-75.62466667,22.61,31.37,6.75,22.73
NM20070901112,2007,FALL,0.9325,7,4,18,0.051805556,22.02190689,18.62352933,11.8872,36.244,-75.754,22.07,32.01,5.42,23.23
NM20070901113,2007,FALL,0.0364,3,4,12,0.003033333,27.25181783,19.30211857,14.9352,36.06233333,-75.649,21.95,32.03,6.72,22.7
NM20070901114,2007,FALL,0,0,4,15,0,25.30208573,18.41563106,12.192,35.85566667,-75.555,23.02,30.98,6.1,23.79
NM20070901115,2007,FALL,0,0,3,11,0,33.511554,20.01564509,15.24,36.18366667,-75.71566667,21.93,32.09,5.55,23.08
NM20070901116,2007,FALL,0.5882,5,3,9,0.065355556,18.13333333,22.80785449,14.3256,36.35216667,-75.76883333,23.18,30.75,7.9,23.36
NM20070901117,2007,FALL,0,0,1,1,0,20.1,20.1,13.716,36.50383333,-75.80483333,22.44,31.79,7.15,23.2
NM20070901118,2007,FALL,4.5886,2,4,12,0.382383333,28.7010285,18.92471,9.144,35.478,-75.4645,22.81,30.95,7.29,22.87
NM20070901119,2007,FALL,3.0556,11,4,21,0.145504762,23.93610695,19.59379535,6.096,35.922,-75.59333333,22.96,30.87,6.75,23.24
NM20070901120,2007,FALL,0.5567,4,3,9,0.061855556,21.41616911,13.95591276,12.192,35.58,-75.37816667,23.2,31.47,6.69,23.17
NM20070901121,2007,FALL,0.1587,1,2,6,0.02645,19.75,19.75,14.6304,35.28066667,-75.43466667,24.52,35.51,6.84,22.75
NM20070901122,2007,FALL,0.017,3,5,18,0.000944444,24.44675944,15.18945398,18.288,35.77883333,-75.43033333,22.91,31.28,6.68,23.56
NM20070901123,2007,FALL,0.054,3,2,8,0.00675,28.42629275,12.83532582,19.812,35.7965,-75.47383333,22.94,31.22,6.82,23.68
NM20070901124,2007,FALL,5.9305,7,5,24,0.247104167,21.65652558,8.502922651,21.9456,41.315,-71.7185,17.64,31.12,6.18,19.05
NM20070901125,2007,FALL,0.3242,7,5,32,0.01013125,25.19331444,10.2652492,21.336,41.098,-71.9595,18.72,30.54,6.16,19.14
NM20070901126,2007,FALL,4.7742,10,4,40,0.119355,19.72004471,14.13522486,14.6304,41.06733333,-71.976,18.87,30.19,6.71,18.86
NM20070901127,2007,FALL,6.2664,7,5,16,0.39165,22.4719005,14.22869556,24.384,41.20816667,-71.72233333,17.94,31.18,7.14,18.86
NM20070901128,2007,FALL,14.5802,6,5,19,0.767378947,24.48559653,8.874572449,35.052,41.27933333,-71.6925,16.78,31.26,6.08,19.39
NM20070901129,2007,FALL,9.4184,6,3,12,0.784866667,20.8992685,24.56529277,39.0144,41.17166667,-71.81683333,17.77,30.95,6.33,18.09
NM20070901130,2007,FALL,10.7354,10,8,32,0.33548125,32.67733111,24.53291912,36.576,41.23783333,-71.873,17.1,31.22,5.95,17.48
NM20070901131,2007,FALL,7.4677,10,6,31,0.240893548,22.99937031,17.00695274,37.1856,41.194,-71.79516667,17.62,31,6.21,18.34
NM20070901132,2007,FALL,3.902,7,5,24,0.162583333,27.40499675,10.10402986,18.288,41.12766667,-72.03433333,18.78,30.45,7.08,19.06
NM20070901134,2007,FALL,34.1383,13,6,36,0.948286111,29.65521362,11.85940069,29.2608,41.392,-71.01016667,16.49,31.44,4.74,16.78
NM20070901135,2007,FALL,5.1537,7,5,22,0.234259091,24.34664227,9.353204269,21.9456,41.36933333,-71.1045,17.31,31.77,5.13,16.92
NM20070901136,2007,FALL,5.6766,11,5,22,0.258027273,24.24864773,11.23679531,18.288,41.42583333,-71.14783333,17.09,31.62,5.87,17.9
NM20070901137,2007,FALL,18.5327,10,7,29,0.639058621,24.41532952,13.16282317,23.7744,41.32616667,-71.54666667,18.13,31.67,7.45,17.82
NM20070901138,2007,FALL,48.4052,6,6,39,1.241158974,28.40082,17.68842505,19.812,41.386,-71.44766667,,,,
NM20070901139,2007,FALL,32.3704,8,4,25,1.294816,26.5832836,11.32661935,23.7744,41.41466667,-71.36,16.51,31.41,4.39,18.88
NM20070901140,2007,FALL,24.8472,15,5,37,0.671545946,30.53052892,10.02990891,27.432,41.37083333,-70.918,15.45,31.49,4.28,18.42
NM20070901141,2007,FALL,17.6958,11,4,27,0.6554,29.28869578,9.373223436,32.9184,41.30933333,-71.0415,14.52,31.18,4.16,18.23
NM20070901142,2007,FALL,13.7387,10,6,15,0.915913333,44.5859193,47.43653382,45.72,41.161,-71.275,14.06,31.48,5.43,18.79
NM20070901143,2007,FALL,2.2683,4,5,16,0.14176875,25.35582463,31.93699088,27.432,41.354,-71.41083333,14.5,31.11,4.01,18.64
NM20070901144,2007,FALL,34.7747,9,5,32,1.086709375,29.37425056,16.15149781,42.0624,41.29483333,-71.55233333,15.78,31.48,5.39,16.99
NM20070901145,2007,FALL,11.077,6,4,14,0.791214286,37.88568214,44.07876711,27.432,41.37966667,-71.27083333,15.41,31.46,3.19,18.06
NM20070901146,2007,FALL,36.2297,16,5,26,1.39345,36.85335588,39.19264227,43.8912,41.15183333,-71.40733333,13.76,31.43,5.02,17.97
NM20070901147,2007,FALL,15.1583,10,4,20,0.757915,40.16136665,32.07746585,27.432,41.13316667,-71.49033333,15.64,31.62,5.5,18.05
NM20070901148,2007,FALL,16.1234,8,3,7,2.303342857,40.78984171,41.2186418,36.576,41.19966667,-71.51816667,14.47,31.57,6.13,17.17
NM20070901149,2007,FALL,21.037,9,5,20,1.05185,29.38662626,28.01602643,36.576,41.21333333,-71.49766667,14.47,31.57,6.13,17.17
NM20070901150,2007,FALL,23.8822,14,4,18,1.326788889,32.08763911,40.60030309,34.4424,41.2435,-71.48716667,16.63,31.33,5.62,19.43
NM20070901151,2007,FALL,3.2076,8,5,14,0.229114286,27.45419929,16.6288784,14.0208,37.1985,-75.58,21.75,31.99,7.22,22.3
NM20080401001,2008,SPRING,44.249,13,6,20,2.21245,41.10662762,41.02800826,14.3256,41.012,-71.962,9.6,29.59,8.59,10.19
NM20080401002,2008,SPRING,0.8604,4,5,22,0.039109091,34.54861364,49.38789755,14.0208,41.02233333,-71.9075,9.2,29.38,9.63,10.14
NM20080401003,2008,SPRING,7.0618,7,5,14,0.504414286,35.77513114,45.28878796,10.9728,40.9815,-72.05216667,9.66,29.52,8,9.88
NM20080401004,2008,SPRING,6.0114,9,6,38,0.158194737,24.29319147,23.76465657,13.1064,40.835,-72.40383333,9.31,30.02,6.97,11.16
NM20080401005,2008,SPRING,5.9664,13,7,40,0.14916,28.98142499,21.94337354,17.9832,40.90933333,-72.20233333,9.54,29.91,7.5,11.13
NM20080401006,2008,SPRING,5.3973,7,6,32,0.168665625,25.26348281,25.5629364,13.716,40.91133333,-72.229,9.36,30.02,7.24,11.23
NM20080401007,2008,SPRING,6.7271,11,6,32,0.210221875,22.30181938,20.98094489,14.3256,40.8625,-72.35516667,9.1,30.15,7.08,11.35
NM20080401008,2008,SPRING,128.1789,14,6,34,3.769967647,32.73588907,40.70485937,7.9248,40.68483333,-72.97066667,9.98,28.82,4.92,13.53
NM20080401009,2008,SPRING,158.887,14,7,34,4.673147059,28.48527483,42.88787988,6.096,40.661,-73.03666667,10.27,28.65,5.24,13.08
NM20080401010,2008,SPRING,4.723,10,5,36,0.131194444,25.88654922,19.91074256,21.336,40.72966667,-72.73133333,9.7,29.71,5.33,13.5
NM20080401011,2008,SPRING,43.9134,16,6,39,1.125984615,27.33998226,30.12878732,12.192,40.72433333,-72.84416667,9.66,29.68,5.31,12.24
NM20080401012,2008,SPRING,176.4408,10,7,29,6.084165517,34.03271988,40.2388378,13.4112,40.64333333,-73.0175,9.81,28.8,5.43,12.9
NM20080401013,2008,SPRING,16.5488,10,5,27,0.612918519,27.35454089,35.79200726,8.5344,40.61216667,-73.25866667,10.29,28.72,5.71,12.61
NM20080401014,2008,SPRING,9.2967,7,6,21,0.4427,31.54759393,41.88100229,9.7536,40.55616667,-73.63,11.91,29.17,6.93,13.88
NM20080401015,2008,SPRING,112.493,3,6,24,4.687208333,33.73914805,25.63968413,14.9352,40.51933333,-73.51,9.98,29.42,6.23,11.4
NM20080401016,2008,SPRING,1.5486,4,6,19,0.081505263,31.65786216,42.18935109,16.4592,40.50683333,-73.65283333,10.46,29.38,7.17,12.73
NM20080401017,2008,SPRING,7.1213,8,5,29,0.245562069,26.22351986,36.66611492,16.764,40.579,-73.26666667,10.15,28.8,5.62,12.13
NM20080401018,2008,SPRING,20.0212,13,6,33,0.60670303,29.61671031,36.47110454,7.3152,40.56466667,-73.68716667,11.03,29.21,7.13,13.49
NM20080401019,2008,SPRING,22.4765,9,6,29,0.775051724,34.99501776,39.43641737,7.0104,40.40816667,-73.9535,11.05,28.69,7.17,12.95
NM20080401020,2008,SPRING,5.9368,10,4,22,0.269854545,30.61220055,29.18339132,12.192,40.54383333,-73.67966667,10.5,29.41,7.26,12.28
NM20080401021,2008,SPRING,9.9305,9,6,23,0.43176087,31.33093468,40.71114793,12.192,40.52833333,-73.79533333,11.71,29.22,7.3,13.98
NM20080401022,2008,SPRING,7.8625,7,4,17,0.4625,27.80472071,24.26768928,16.764,40.2065,-73.963,10.63,29.65,6.02,12.68
NM20080401023,2008,SPRING,13.788,4,6,18,0.766,32.88982869,10.39389405,11.5824,39.721,-74.08016667,11.26,27.96,8.3,14.13
NM20080401024,2008,SPRING,18.053,6,7,23,0.784913043,40.98720244,11.06482322,8.2296,39.69533333,-74.1225,12.87,26.59,10.03,13.7
NM20080401025,2008,SPRING,25.2699,12,7,28,0.902496429,27.67475888,9.553042986,15.8496,39.82066667,-74.04483333,10.2,29.15,8.15,13.31
NM20080401026,2008,SPRING,21.8299,12,7,39,0.559741026,29.42450535,13.53223471,14.6304,39.66683333,-74.0655,10.91,28.47,9.56,13.17
NM20080401027,2008,SPRING,5.148,5,6,24,0.2145,29.64871438,12.24651133,16.4592,40.005,-74.0305,9.74,29.83,8.85,10.8
NM20080401028,2008,SPRING,20.2781,11,9,28,0.724217857,36.37055031,15.28946161,11.8872,39.62183333,-74.1745,12.67,27.05,9.92,12.86
NM20080401029,2008,SPRING,20.2338,5,7,24,0.843075,34.49364113,16.07610704,7.9248,39.59166667,-74.20133333,11.93,27.73,9.11,12.51
NM20080401030,2008,SPRING,33.3928,11,7,21,1.590133333,36.62183647,11.11154436,9.7536,39.43233333,-74.2675,14.65,27.73,8.97,13.82
NM20080401031,2008,SPRING,25.2451,6,9,29,0.87052069,34.09244251,39.89552517,7.62,39.26533333,-74.54066667,12.43,27.98,8.36,15.01
NM20080401032,2008,SPRING,16.0172,5,4,10,1.60172,39.77922688,49.41696145,16.4592,39.544,-74.084,10.95,29.64,8.23,13.05
NM20080401033,2008,SPRING,12.1373,9,6,16,0.75858125,38.11726643,31.42381283,17.9832,39.5085,-74.14933333,11.05,29.35,8.41,12.5
NM20080401034,2008,SPRING,20.123,9,6,22,0.914681818,31.11586284,10.97881891,14.6304,39.60633333,-74.16466667,12.48,27.05,9.57,13.31
NM20080401035,2008,SPRING,12.166,6,6,21,0.579333333,34.12281459,10.25734954,15.5448,39.56683333,-74.1815,10.72,29.24,7.29,11.98
NM20080401036,2008,SPRING,47.2429,10,6,19,2.486468421,32.86200316,29.67150809,11.8872,39.2905,-74.431,12.08,28.08,8.65,13.44
NM20080401037,2008,SPRING,20.9412,7,6,22,0.951872727,32.94272025,40.98043601,14.0208,39.25416667,-74.46833333,12.03,28.12,8.68,13.43
NM20080401038,2008,SPRING,68.1882,7,9,26,2.622623077,37.49805077,41.72267677,10.3632,39.14966667,-74.66383333,11.96,28.03,7.97,12.39
NM20080401039,2008,SPRING,5.8313,4,8,23,0.253534783,39.35585318,53.57291196,10.3632,38.968,-74.79316667,12.36,28.23,8.22,12.88
NM20080401040,2008,SPRING,7.8554,3,5,15,0.523693333,43.98191331,13.29870347,13.716,38.98066667,-74.56,11.02,30.25,8.23,11.89
NM20080401041,2008,SPRING,66.8218,12,7,30,2.227393333,34.77610121,30.60852097,15.24,39.12766667,-74.56083333,11.4,29.21,8.58,12.38
NM20080401042,2008,SPRING,5.9797,6,4,13,0.459976923,42.63709899,10.57983433,15.24,38.929,-74.585,11.25,29.83,8.41,11.84
NM20080401043,2008,SPRING,55.596,10,8,26,2.138307692,33.62837181,11.08340887,14.3256,39.13116667,-74.64,11.07,29.07,8.37,12.12
NM20080401044,2008,SPRING,6.41,4,4,15,0.427333333,29.28647608,12.98964316,12.8016,38.90033333,-74.662,11.31,29.38,8.44,12.5
NM20080401045,2008,SPRING,9.3305,8,5,15,0.622033333,43.13856363,17.95257425,13.4112,38.99733333,-74.6765,11.5,28.95,8.57,12.23
NM20080401046,2008,SPRING,10.3666,10,4,14,0.740471429,42.3503415,11.84660049,11.2776,38.98333333,-74.7055,11.65,28.81,8.55,12.54
NM20080401047,2008,SPRING,19.7681,10,6,14,1.412007143,55.21673707,57.08442529,9.7536,38.90133333,-74.87633333,12.62,28.27,8.88,12.86
NM20080401048,2008,SPRING,42.246,9,8,25,1.68984,38.99912042,43.6766314,12.192,38.52816667,-75.0105,13.15,27.32,10.86,13.76
NM20080401049,2008,SPRING,22.94,9,8,22,1.042727273,43.86312964,35.69534093,12.4968,38.57433333,-75.0165,12.97,27.51,10.69,13
NM20080401050,2008,SPRING,61.848,9,7,25,2.47392,30.74589169,40.5535344,10.0584,38.7325,-75.02833333,12.21,28.92,10.9,13.39
NM20080401051,2008,SPRING,4.4268,7,4,14,0.3162,27.83451171,11.71179598,13.1064,38.8535,-74.73683333,11.11,29.45,8.45,12.39
NM20080401052,2008,SPRING,10.6528,5,4,15,0.710186667,40.59040731,28.81136043,13.716,38.755,-74.766,11.15,29.47,8.46,12.47
NM20080401053,2008,SPRING,12.862,11,4,14,0.918714286,40.49408367,31.46314511,12.192,38.8815,-74.76316667,11.61,28.78,8.52,12.46
NM20080401054,2008,SPRING,8.924,7,6,21,0.424952381,29.19367986,14.17297487,14.0208,38.82866667,-74.78083333,11.8,28.99,8.38,12.88
NM20080401055,2008,SPRING,12.104,6,4,14,0.864571429,46.46106517,15.06649301,15.24,38.69683333,-74.81866667,11.2,29.48,8.69,11.35
NM20080401056,2008,SPRING,24.6378,7,8,21,1.173228571,43.48970714,10.32203798,10.9728,38.8195,-74.967,12.11,28.75,8.78,12.01
NM20080401057,2008,SPRING,15.1535,12,7,18,0.841861111,43.33417489,46.70043903,13.4112,38.53016667,-74.9825,12.52,28.32,10.43,13.68
NM20080401058,2008,SPRING,25.9069,8,7,23,1.126386957,40.38882298,18.6121071,14.6304,38.8035,-75.013,12.43,28.56,11.11,12.47
NM20080401059,2008,SPRING,26.1529,7,7,23,1.137082609,40.20593308,41.856186,10.9728,38.2055,-75.103,11.54,29.05,7.95,12.98
NM20080401060,2008,SPRING,61.042,3,6,19,3.212736842,44.16935996,30.03988234,10.0584,38.22133333,-75.12683333,11.74,28.77,8.24,12.7
NM20080401061,2008,SPRING,17.116,4,5,20,0.8558,34.45009639,15.23427496,15.24,38.31983333,-74.86616667,11.08,29.93,10.93,11.3
NM20080401062,2008,SPRING,9.0946,3,5,17,0.534976471,38.41572733,39.37738635,16.764,38.31083333,-74.88383333,11.19,29.83,10.78,11.26
NM20080401063,2008,SPRING,20.9034,6,4,15,1.39356,40.77332796,13.00125052,15.5448,38.34733333,-74.89216667,11.1,30.95,10.77,11.25
NM20080401064,2008,SPRING,59.384,6,8,26,2.284,35.48329247,36.60646121,18.288,38.42866667,-74.95583333,12.07,29.16,11.12,13.18
NM20080401065,2008,SPRING,23.7276,6,6,18,1.3182,36.44603882,40.29321003,16.1544,38.3025,-74.9895,10.87,30.09,10.38,11.89
NM20080401066,2008,SPRING,52.2179,11,8,28,1.864925,36.21472762,48.87135578,15.8496,38.13333333,-75.0585,11.35,29.67,8.39,13.02
NM20080401067,2008,SPRING,27.5735,11,8,23,1.198847826,33.83751048,38.90067732,18.288,38.35166667,-74.97416667,10.93,29.91,10.46,11.75
NM20080401068,2008,SPRING,1.339,3,5,19,0.070473684,22.91912492,19.07944676,18.288,38.30016667,-74.84616667,10.84,30.05,10.88,11.67
NM20080401069,2008,SPRING,22.9993,5,5,15,1.533286667,45.28010942,43.98141809,8.8392,37.98316667,-75.11966667,11.7,29.04,8.56,12.79
NM20080401070,2008,SPRING,20.5995,3,7,21,0.980928571,43.82432442,50.5512364,10.3632,37.94833333,-75.2585,11.53,29.52,8.81,13.33
NM20080401071,2008,SPRING,34.5017,10,6,22,1.568259091,40.85292664,57.55026262,11.8872,37.8555,-75.30166667,12.55,28.21,8.77,13.63
NM20080401072,2008,SPRING,1.489,3,8,24,0.062041667,25.63301066,19.35689673,7.62,37.831,-75.41916667,13.33,27.89,7.59,14.06
NM20080401073,2008,SPRING,9.1118,6,8,25,0.364472,33.68455235,23.80638328,11.5824,37.77916667,-75.45833333,12.7,28.45,8.41,13.59
NM20080401074,2008,SPRING,84.4017,6,5,17,4.964805882,50.12546599,55.72286265,17.3736,37.9045,-75.16166667,11.18,30.14,8.95,12.27
NM20080401075,2008,SPRING,66.473,6,6,17,3.910176471,46.20505852,51.09888096,18.5928,37.88966667,-75.19366667,11.5,29.98,8.96,12.5
NM20080401076,2008,SPRING,30.7114,6,7,20,1.53557,43.04879466,62.49455145,14.0208,37.819,-75.26383333,11.37,29.85,9,12.34
NM20080401077,2008,SPRING,27.1753,2,8,21,1.294061905,41.56394318,41.71231939,12.4968,37.906,-75.26066667,11.68,29.23,8.76,13.35
NM20080401078,2008,SPRING,28.8529,6,7,23,1.254473913,40.12128913,55.9132051,17.0688,37.7055,-75.33183333,11.57,29,9.29,12.86
NM20080401079,2008,SPRING,22.334,8,5,15,1.488933333,43.16348699,69.10622325,15.8496,37.64483333,-75.36383333,11.93,29.13,9.11,12.38
NM20080401080,2008,SPRING,1.821,2,6,16,0.1138125,30.20181992,43.62539502,14.0208,37.73083333,-75.4475,12.35,28.23,8.65,13.15
NM20080401081,2008,SPRING,3.8792,5,6,21,0.18472381,30.84503771,35.49734787,13.716,37.68183333,-75.49683333,12.53,28.77,9.06,13.01
NM20080401082,2008,SPRING,29.5369,6,6,23,1.284213043,38.57160453,48.89721767,11.2776,37.6275,-75.5435,12.53,28.29,8.89,13.56
NM20080401083,2008,SPRING,64.5685,3,6,18,3.587138889,39.48166428,25.88909953,10.9728,37.5335,-75.477,12.13,28.91,8.84,12.21
NM20080401084,2008,SPRING,92.7564,5,5,18,5.153133333,41.51218971,57.76975353,10.0584,37.53016667,-75.5685,14.38,28.22,8.44,14.75
NM20080401085,2008,SPRING,26.704,4,4,12,2.225333333,30.13128151,41.1505877,10.668,37.37833333,-75.61833333,12.86,28.99,8.55,14.34
NM20080401086,2008,SPRING,42.2056,6,6,18,2.344755556,35.29714167,53.9175478,7.62,37.42633333,-75.63183333,13.15,28.46,9.11,13.25
NM20080401087,2008,SPRING,45.5813,7,5,17,2.681252941,37.09162127,38.94013185,8.8392,37.3285,-75.66416667,12.62,28.99,8.59,14.45
NM20080401088,2008,SPRING,41.002,4,6,16,2.562625,46.66134039,38.34507873,11.8872,37.52583333,-75.47416667,12.6,28.91,8.67,12.59
NM20080401089,2008,SPRING,33.4831,4,5,17,1.969594118,37.89216031,18.09765333,17.0688,37.37833333,-75.51883333,11.8,29.35,8.84,13.64
NM20080401090,2008,SPRING,70.4665,11,7,26,2.71025,33.7836739,42.05995294,14.3256,37.49916667,-75.50716667,12.79,28.56,8.72,12.94
NM20080401091,2008,SPRING,62.4072,4,8,21,2.971771429,37.85677457,48.02711573,12.192,37.326,-75.64033333,12.23,28.99,8.65,14.57
NM20080401092,2008,SPRING,72.7046,6,5,8,9.088075,57.58484581,61.3494509,13.4112,37.17666667,-75.68933333,12.3,28.97,9.01,14.78
NM20080401093,2008,SPRING,75.4333,5,5,15,5.028886667,37.38568631,58.99663907,9.4488,37.0575,-75.796,13.22,28.78,8.95,15.54
NM20080401094,2008,SPRING,156.4819,5,5,17,9.204817647,48.06458143,57.76154573,7.3152,37.10083333,-75.831,14.2,28.48,8.78,16.84
NM20080401095,2008,SPRING,42.4166,4,4,12,3.534716667,45.21425342,61.42180406,10.668,36.9255,-75.85183333,13.11,29.19,8.85,15.14
NM20080401096,2008,SPRING,43.5883,4,5,12,3.632358333,40.86921284,62.85716892,7.62,36.977,-75.8895,13.54,28.93,8.95,17
NM20080401097,2008,SPRING,5.9547,2,2,4,1.488675,52.9201615,61.61730014,7.0104,37.02766667,-75.87933333,13.76,28.96,8.94,14.75
NM20080401098,2008,SPRING,83.8336,5,4,12,6.986133333,51.84061449,63.90843832,8.2296,36.99616667,-75.9055,13.86,28.73,8.88,16.32
NM20080401099,2008,SPRING,31.716,7,4,12,2.643,40.55727339,64.80419524,9.7536,36.97816667,-75.9575,14.14,28.69,8.83,16
NM20080401100,2008,SPRING,97.0772,5,5,18,5.393177778,42.87904325,59.92979978,16.1544,36.946,-75.67366667,12.08,28.45,8.75,14.65
NM20080401101,2008,SPRING,79.2588,9,6,19,4.171515789,43.00529553,27.22527479,14.9352,37.0225,-75.70833333,12.3,29.48,8.98,15
NM20080401102,2008,SPRING,62.4453,6,5,15,4.16302,47.70146482,53.26900698,12.8016,37.05283333,-75.7295,12.43,29.21,8.67,14.5
NM20080401103,2008,SPRING,0.9918,5,6,16,0.0619875,40.15930769,46.38666916,16.4592,36.70216667,-75.7625,13.04,29.2,9.17,16.35
NM20080401104,2008,SPRING,16.1295,5,5,14,1.152107143,37.71997861,19.88601567,14.0208,36.94433333,-75.7525,12.67,29.24,8.91,15.21
NM20080401105,2008,SPRING,66.4188,7,5,15,4.42792,48.28680163,59.77392655,13.716,36.8955,-75.79216667,12.57,29.27,9,15.6
NM20080401106,2008,SPRING,10.806,6,5,14,0.771857143,40.36586483,47.05163128,14.0208,36.75116667,-75.80183333,12.5,29.26,9.92,17.21
NM20080401107,2008,SPRING,6.6755,6,5,20,0.333775,32.09171675,20.99463111,12.192,36.64316667,-75.83616667,13.07,27.33,10.1,14.5
NM20080401108,2008,SPRING,26.8776,9,5,17,1.581035294,37.98028392,47.55611964,11.2776,36.79416667,-75.88333333,13.5,26.46,9.65,15.22
NM20080401109,2008,SPRING,98.46,6,5,16,6.15375,39.33061226,29.95610497,11.2776,36.83566667,-75.88916667,13.47,26.25,9.76,14.49
NM20080401110,2008,SPRING,32.117,6,4,12,2.676416667,37.35861834,68.45369319,11.8872,36.92566667,-75.90683333,13.35,29.01,8.94,16.64
NM20080401111,2008,SPRING,2.037,1,3,11,0.185181818,40.73785722,36.94973677,10.9728,35.914,-75.58366667,14.74,25.92,8.59,15.06
NM20080401112,2008,SPRING,2.19,3,4,12,0.1825,41.69380072,20.56659503,8.8392,36.1515,-75.7235,13.49,25.71,8.53,14.23
NM20080401113,2008,SPRING,0,0,3,13,0,46.8711129,20.61121604,17.3736,35.94583333,-75.5625,12.32,29.45,8.33,14.74
NM20080401114,2008,SPRING,0.2304,1,3,12,0.0192,43.90546868,19.86977845,15.24,36.17483333,-75.708,13.15,28.01,8.42,14.2
NM20080401115,2008,SPRING,3.4173,8,6,16,0.21358125,39.21058237,22.02916054,17.3736,36.22233333,-75.707,13.3,28.2,8.95,13.83
NM20080401116,2008,SPRING,0.4786,3,4,14,0.034185714,43.30576723,43.59259815,15.8496,36.44433333,-75.77866667,12.98,28.3,10.44,14.02
NM20080401117,2008,SPRING,4.814,3,3,12,0.401166667,41.39460957,21.57416371,11.5824,36.544,-75.81233333,12.95,27.37,10.03,14.55
NM20080401118,2008,SPRING,0,0,3,10,0,45.53456553,18.84456263,11.5824,35.40916667,-75.454,12.62,29.41,8.82,14.78
NM20080401119,2008,SPRING,6.952,3,3,11,0.632,46.48216879,31.13046071,9.4488,35.52266667,-75.45083333,13.17,29.3,9.12,14.23
NM20080401120,2008,SPRING,2.443,2,3,10,0.2443,41.7934139,17.7275178,10.0584,35.547,-75.43016667,13.12,29.38,10.2,13.59
NM20080401121,2008,SPRING,0.0344,2,4,12,0.002866667,40.4866531,29.72906727,14.6304,35.30033333,-75.46083333,13.13,29.11,10.32,13.98
NM20080401122,2008,SPRING,1.147,3,5,17,0.067470588,37.84085724,20.70911151,21.336,35.7515,-75.477,12.55,29.61,8.02,16.4
NM20080401123,2008,SPRING,0.915,1,4,12,0.07625,44.14847599,47.73600385,14.9352,35.82083333,-75.5135,14.42,26.38,8.53,15.29
NM20080401124,2008,SPRING,27.4618,10,5,41,0.6698,22.52519717,15.44415101,29.5656,41.17866667,-71.77233333,8.83,29.33,5.59,9.57
NM20080401125,2008,SPRING,16.4803,9,5,25,0.659212,21.87549592,34.2986182,22.2504,41.07183333,-71.96966667,10.12,27.58,7.65,11.94
NM20080401126,2008,SPRING,36.7244,8,6,37,0.992551351,25.72824119,19.08055401,32.9184,41.29283333,-71.70183333,9.16,29.72,8.84,9.69
NM20080401127,2008,SPRING,20.1497,9,6,27,0.746285185,26.49728622,15.38135771,29.2608,41.22466667,-71.62566667,9.25,30.02,5.32,9.97
NM20080401128,2008,SPRING,37.9631,9,6,34,1.116561765,26.22629206,16.12157828,32.9184,41.29116667,-71.68833333,8.88,29.75,5.55,10.82
NM20080401129,2008,SPRING,15.2897,10,3,29,0.527231034,22.41227828,30.03661169,32.9184,41.21716667,-71.7485,8.87,29.58,5.5,10.24
NM20080401130,2008,SPRING,35.0238,13,5,31,1.1298,25.43312555,32.41632313,22.86,41.09216667,-71.958,9.97,27.71,7.31,11.16
NM20080401131,2008,SPRING,17.2616,7,5,25,0.690464,27.67255528,27.59660557,29.8704,41.197,-71.8675,9.41,28.62,7.86,10.73
NM20080401132,2008,SPRING,21.2324,8,5,26,0.816630769,26.71724082,22.56726422,46.9392,41.23183333,-71.873,9.55,29.61,7.85,10.35
NM20080401133,2008,SPRING,18.7573,10,6,34,0.551685294,24.98103365,17.66147395,43.2816,41.236,-71.8285,9.48,29.56,8.03,10.06
NM20080401134,2008,SPRING,20.8129,11,7,38,0.547707895,29.24681929,22.18148142,20.4216,41.38416667,-71.06883333,9.67,30.63,4.16,9.81
NM20080401135,2008,SPRING,7.2923,5,7,30,0.243076667,26.92968844,18.35719407,18.5928,41.41816667,-71.15233333,10.07,30.31,4.32,10.99
NM20080401136,2008,SPRING,32.7963,10,5,35,0.937037143,27.17168674,17.29011472,24.384,41.3675,-71.25766667,8.66,30.51,5.2,10.79
NM20080401137,2008,SPRING,40.7601,7,6,36,1.132225,27.31860744,30.18929119,26.8224,41.41466667,-71.36216667,10.08,30.31,8.43,10.46
NM20080401138,2008,SPRING,36.7036,7,5,19,1.931768421,33.96266505,32.87874846,21.9456,41.31783333,-71.5075,10.05,30.05,9.26,10.85
NM20080401139,2008,SPRING,10.4548,9,5,17,0.614988235,30.02793953,41.75527384,20.4216,41.12,-71.5305,8.91,30.34,5.37,9.84
NM20080401140,2008,SPRING,12.0798,7,6,36,0.33555,25.15522478,17.42760713,31.0896,41.301,-70.89116667,8.62,30.68,8.88,9.31
NM20080401141,2008,SPRING,17.2447,9,6,36,0.479019444,27.966695,23.60828574,33.528,41.28933333,-70.94866667,8.15,30.69,8.42,8.8
NM20080401142,2008,SPRING,34.9109,9,7,39,0.895151282,29.63761529,23.9666604,27.7368,41.325,-71.04766667,8.26,30.57,4.67,9.8
NM20080401143,2008,SPRING,15.1463,13,7,33,0.458978788,32.55895114,14.22197866,30.7848,41.32933333,-71.22,8.39,30.97,4.68,9.99
NM20080401144,2008,SPRING,22.1361,10,7,47,0.470980851,27.74885711,23.09000276,24.384,41.2965,-70.91133333,8.42,30.71,8.71,9.25
NM20080401145,2008,SPRING,8.2815,9,6,36,0.230041667,26.07487144,17.86203284,31.3944,41.31216667,-71.03166667,7.88,30.79,8.53,9.6
NM20080401146,2008,SPRING,1.471,7,6,20,0.07355,23.3891603,18.96726169,57.3024,41.14616667,-71.291,8.35,30.74,9.42,10.2
NM20080401147,2008,SPRING,18.6114,10,7,27,0.689311111,30.44458264,15.75026896,33.2232,41.2985,-71.40166667,8,30.48,8.32,10
NM20080401148,2008,SPRING,21.211,8,6,26,0.815807692,33.74704953,15.62425132,33.528,41.2275,-71.48183333,8.05,30.13,9.16,11.09
NM20080401149,2008,SPRING,10.5618,7,7,31,0.340703226,28.39131872,16.11626814,29.8704,41.37633333,-71.41716667,10.12,30.35,8.98,10.99
NM20080401150,2008,SPRING,28.3809,12,7,33,0.860027273,28.11733733,29.96190229,34.1376,41.2415,-71.44733333,7.41,30.27,8.38,11.21
NM20080901001,2008,FALL,0.6763,5,8,26,0.026011538,35.65174901,26.80586273,18.5928,41.048,-71.862,18.04,30.39,7.11,17.6
NM20080901002,2008,FALL,1.463,6,6,22,0.0665,34.07488009,9.623198632,18.5928,40.988,-71.95166667,18.05,30.54,7.07,17.38
NM20080901003,2008,FALL,1.889,7,8,28,0.067464286,30.25482319,28.54357724,11.5824,40.95683333,-72.12633333,17.77,30.7,7,16.52
NM20080901004,2008,FALL,0.476,3,4,17,0.028,33.34982694,19.55666097,13.1064,40.94416667,-72.14566667,17.16,30.62,6.98,17.25
NM20080901005,2008,FALL,6.347,4,5,24,0.264458333,29.06517408,28.75780814,10.0584,40.87616667,-72.34216667,18.13,30.53,6.85,17.42
NM20080901006,2008,FALL,4.7153,7,6,24,0.196470833,26.84022742,20.95035053,12.4968,40.919,-72.22833333,17.27,30.8,7.25,16.78
NM20080901007,2008,FALL,2.291,4,7,19,0.120578947,31.73423035,39.31692798,17.6784,40.91616667,-72.178,17.06,30.87,6.93,16.94
NM20080901008,2008,FALL,0.144,2,6,23,0.00626087,27.35176557,11.51778118,10.0584,40.75833333,-72.7275,18.24,31.11,6.72,16.95
NM20080901009,2008,FALL,1.3045,5,7,22,0.059295455,32.56425236,22.8306351,7.0104,40.74416667,-72.80266667,18.45,30.6,7.02,17.53
NM20080901010,2008,FALL,1.186,5,4,13,0.091230769,34.88540662,31.93576435,13.4112,40.63466667,-73.105,18.41,30.3,6.55,17.25
NM20080901011,2008,FALL,0.839,11,5,16,0.0524375,28.81004688,8.624760636,18.8976,40.81816667,-72.45216667,18.21,30.58,6.58,17.54
NM20080901012,2008,FALL,1.335,7,8,17,0.078529412,34.38331563,10.39515654,14.6304,40.72283333,-72.82383333,17.73,30.94,5.44,17.22
NM20080901013,2008,FALL,0.0866,3,6,21,0.00412381,24.8694999,25.70315581,7.9248,40.587,-73.48033333,18.15,27.81,6.81,17.95
NM20080901014,2008,FALL,2.1466,9,5,23,0.093330435,21.33954757,27.32921123,11.8872,40.60966667,-73.26633333,18.42,30.22,7.02,16.95
NM20080901015,2008,FALL,0.867,3,5,21,0.041285714,24.23763403,29.33408856,11.5824,40.56733333,-73.4925,18.28,29.93,6.93,18.25
NM20080901016,2008,FALL,38.2155,7,6,16,2.38846875,38.10857357,12.8539199,18.288,40.51733333,-73.60433333,14.8,30.43,6.75,18.05
NM20080901017,2008,FALL,92.813,5,6,16,5.8008125,40.75485834,35.36336311,15.24,40.514,-73.633,14.68,30.17,5.9,18.02
NM20080901018,2008,FALL,119.8971,8,7,22,5.449868182,31.01082292,22.35362197,7.62,40.5415,-73.88066667,16.93,30.14,6.84,17.65
NM20080901019,2008,FALL,3.4,4,7,17,0.2,44.47927733,45.56383688,10.3632,40.39566667,-73.9545,,,,17.13
NM20080901020,2008,FALL,5.2622,5,5,11,0.478381818,29.73102636,41.89890536,17.3736,40.5075,-73.81183333,15.15,30.06,7.31,18.14
NM20080901021,2008,FALL,14.669,3,6,17,0.862882353,46.71732492,44.92075051,18.5928,40.19766667,-73.92966667,18.73,30.03,6.52,17.99
NM20080901022,2008,FALL,7.331,7,3,5,1.4662,44.9103728,42.98705333,18.8976,40.49966667,-73.7085,14.05,30.01,7.46,17.79
NM20080901023,2008,FALL,3.1554,9,8,24,0.131475,23.44194346,24.76200429,10.3632,39.994,-74.052,18.87,29.33,7.05,17.97
NM20080901024,2008,FALL,14.884,6,4,11,1.353090909,34.62549042,23.15191105,14.6304,39.67866667,-74.10466667,18.87,29.38,6.64,18.64
NM20080901025,2008,FALL,4.686,6,3,15,0.3124,24.66665027,37.04751922,13.4112,40.12133333,-74.00116667,18.82,29.88,6.62,18.52
NM20080901026,2008,FALL,2.035,4,3,6,0.339166667,54.05004733,52.22684402,13.1064,39.69766667,-74.05783333,18.92,29.51,6.87,18.43
NM20080901027,2008,FALL,8.5282,6,6,24,0.355341667,34.56742419,25.05995749,18.5928,40.04516667,-74.0145,18.42,29.89,5.31,18.43
NM20080901028,2008,FALL,13.1496,7,6,16,0.82185,35.71140186,20.68526163,11.5824,39.28033333,-74.50283333,18.64,29.3,7.3,18.56
NM20080901029,2008,FALL,26.5257,12,7,28,0.947346429,28.81886184,20.58540632,12.4968,39.59583333,-74.18083333,18.67,29.3,6.7,17.85
NM20080901030,2008,FALL,10.2424,11,5,14,0.7316,39.29388135,19.42772567,10.0584,39.52066667,-74.2305,18.47,29.3,7.17,17.78
NM20080901031,2008,FALL,21.3571,9,7,24,0.889879167,31.46097669,23.9974395,7.62,39.30816667,-74.486,18.06,29.28,7.05,17.97
NM20080901032,2008,FALL,5.5007,9,3,6,0.916783333,37.0137797,39.28992537,16.1544,39.50183333,-74.19583333,18.67,29.47,6.99,17.9
NM20080901033,2008,FALL,2.469,3,3,6,0.4115,31.60752133,33.12217233,16.1544,39.34333333,-74.26683333,18.64,29.67,6.9,17.37
NM20080901034,2008,FALL,13.722,10,6,15,0.9148,38.73842608,35.84334054,10.0584,39.39583333,-74.27833333,18.66,29.41,6.94,17.68
NM20080901035,2008,FALL,8.124,11,6,20,0.4062,30.96853704,26.42741306,15.8496,39.22833333,-74.37316667,18.84,29.67,6.64,18.44
NM20080901036,2008,FALL,3.7085,7,3,9,0.412055556,24.234038,25.17982125,10.668,39.31866667,-74.35333333,18.69,29.51,6.96,17.37
NM20080901037,2008,FALL,13.087,9,4,16,0.8179375,27.78157845,34.96463794,14.0208,39.24583333,-74.463,18.77,29.7,6.89,18.43
NM20080901038,2008,FALL,25.112,9,2,6,4.185333333,49.85839667,47.84010447,6.096,38.96866667,-74.641,19.06,29.58,6.89,18.73
NM20080901039,2008,FALL,2.9134,8,6,20,0.14567,32.92831506,20.24505017,10.9728,39.0975,-74.686,18.44,29.27,6.23,18.58
NM20080901040,2008,FALL,12.8381,11,5,13,0.987546154,29.08297117,18.97206103,17.6784,39.16966667,-74.51466667,19.06,29.58,6.39,19.02
NM20080901041,2008,FALL,19.1253,10,4,14,1.366092857,34.36213611,36.10247013,16.1544,39.1215,-74.5755,19.04,29.57,6.03,18.83
NM20080901042,2008,FALL,5.4489,9,3,9,0.605433333,25.00849667,29.57772561,12.8016,38.94516667,-74.61983333,19.05,29.59,6.7,18.43
NM20080901043,2008,FALL,5.895,5,5,8,0.736875,31.018983,33.63706871,10.0584,39.024,-74.64866667,19.1,29.54,6.89,18.71
NM20080901044,2008,FALL,3.6537,4,5,13,0.281053846,23.20749338,23.20749338,14.3256,38.8975,-74.68333333,18.99,29.62,6.44,18.95
NM20080901045,2008,FALL,20.5464,7,5,16,1.28415,29.71822175,22.46101768,12.8016,38.9035,-74.74733333,18.88,29.64,6.01,19.02
NM20080901046,2008,FALL,1.774,6,3,7,0.253428571,51.45656761,48.86815446,11.5824,38.98083333,-74.74433333,19.05,29.56,7.54,19.37
NM20080901047,2008,FALL,15.7387,13,6,18,0.874372222,34.34601136,35.46694058,8.2296,38.88066667,-74.904,18.54,29.47,5.48,18.81
NM20080901048,2008,FALL,20.8774,10,6,19,1.098810526,34.16121224,39.0721657,10.668,38.906,-74.845,19.24,29.18,7.56,19.14
NM20080901049,2008,FALL,5.6316,9,7,24,0.23465,30.95335289,28.19566063,11.5824,38.52666667,-75.00716667,19.4,29.31,5.18,19.38
NM20080901050,2008,FALL,3.49,6,5,11,0.317272727,41.79119964,43.98821051,9.144,38.84966667,-75.02616667,19.17,29.58,6.6,19.11
NM20080901051,2008,FALL,3.193,7,2,6,0.532166667,49.387146,52.4126174,13.4112,38.73116667,-74.74133333,19.08,29.82,4.28,19.48
NM20080901052,2008,FALL,8.625,8,5,9,0.958333333,38.8568179,39.70980859,14.6304,38.8445,-74.755,18.96,29.81,5.6,18.79
NM20080901053,2008,FALL,2.865,3,3,5,0.573,60.99495622,58.64174239,11.8872,38.88016667,-74.76266667,19.06,29.49,6.37,19.17
NM20080901054,2008,FALL,3.137,6,3,9,0.348555556,41.80903835,44.86100394,13.1064,38.83083333,-74.86033333,18.85,29.58,5.62,19.11
NM20080901055,2008,FALL,5.538,7,5,19,0.291473684,34.50797162,18.82616858,16.1544,38.72216667,-74.95783333,19.55,29.46,4.41,20
NM20080901056,2008,FALL,1.124,3,4,11,0.102181818,26.04863291,27.51918223,12.192,38.50283333,-74.99216667,19.39,29.41,7.26,19.27
NM20080901057,2008,FALL,22.7487,11,5,15,1.51658,40.89867416,23.15357811,16.4592,38.65333333,-74.98466667,19.79,29.29,4.51,20.41
NM20080901058,2008,FALL,3.4515,7,7,21,0.164357143,33.67107994,21.05626461,13.716,38.70416667,-74.97633333,19.57,29.42,4.79,20.59
NM20080901059,2008,FALL,5.1432,7,5,20,0.25716,28.29940316,14.55306888,25.6032,38.62316667,-74.8285,18.88,30.18,4.28,19.33
NM20080901060,2008,FALL,6.3224,10,6,19,0.332757895,32.12683952,23.18608213,26.2128,38.63033333,-74.83083333,19.33,29.69,4.5,19.47
NM20080901061,2008,FALL,10.5189,9,5,17,0.618758824,32.28257618,17.11283154,22.2504,38.7085,-74.88283333,19.4,29.78,4.06,20.04
NM20080901062,2008,FALL,7.0836,7,7,31,0.228503226,28.01043641,21.85897827,26.8224,38.79033333,-74.97166667,19.22,29.61,6.38,19.15
NM20080901063,2008,FALL,4.9854,8,6,19,0.262389474,32.67673023,26.93558606,26.5176,38.59916667,-74.78783333,18.83,30.23,4.41,19.25
NM20080901064,2008,FALL,0.375,2,5,13,0.028846154,30.41387422,23.15467201,11.8872,38.07216667,-75.19266667,19.59,29.58,7.62,19.42
NM20080901065,2008,FALL,1.0023,4,5,18,0.055683333,27.38149452,21.28383706,9.4488,38.048,-75.20266667,19.54,29.62,7.52,19.32
NM20080901066,2008,FALL,3.2359,3,4,16,0.20224375,25.60414138,20.51776385,13.4112,38.12483333,-75.10666667,19.81,29.58,7.4,19.57
NM20080901067,2008,FALL,3.992,4,3,5,0.7984,61.21713359,60.74951193,21.336,38.28833333,-74.843,19.67,29.76,7.1,19.78
NM20080901068,2008,FALL,1.123,2,3,4,0.28075,47.81297175,47.81297175,15.24,38.445,-74.8695,19.44,29.74,7.12,19.57
NM20080901069,2008,FALL,7.123,5,5,9,0.791444444,46.87116017,50.44180801,14.6304,38.36983333,-74.9385,19.77,29.62,7.63,19.81
NM20080901070,2008,FALL,5.7955,8,6,19,0.305026316,28.70451837,15.26990273,16.764,38.41733333,-74.92866667,19.8,29.59,7.71,19.66
NM20080901071,2008,FALL,13.0404,6,6,17,0.767082353,32.4305628,20.74493455,15.24,38.3285,-75.03733333,19.82,29.53,8.18,19.91
NM20080901072,2008,FALL,5.0459,5,5,17,0.296817647,29.63807453,22.1183351,12.192,38.308,-75.02883333,19.71,29.53,7.74,19.94
NM20080901073,2008,FALL,8.6419,7,5,19,0.454836842,26.29831614,20.25631897,16.4592,38.11866667,-75.087,19.67,29.66,7.27,19.56
NM20080901074,2008,FALL,2.798,1,3,18,0.155444444,24.93746967,18.13265106,7.9248,37.92283333,-75.3005,19.7,29.57,8.82,19.89
NM20080901075,2008,FALL,0.464,2,4,15,0.030933333,26.6602276,19.61527476,9.144,37.78033333,-75.5005,19.75,29.62,9.04,19.52
NM20080901076,2008,FALL,0.4322,3,4,14,0.030871429,25.66627357,21.31581258,11.8872,37.8565,-75.31633333,19.77,29.42,8.76,20
NM20080901077,2008,FALL,7.3656,6,4,21,0.350742857,30.68472623,23.62098078,8.5344,37.71916667,-75.52933333,19.78,29.58,9.41,19.52
NM20080901078,2008,FALL,2.2238,6,5,20,0.11119,24.91973378,21.74369575,9.7536,37.56533333,-75.56766667,19.77,29.52,9.35,19.74
NM20080901079,2008,FALL,28.423,8,4,9,3.158111111,43.45505873,55.24810502,15.8496,37.91616667,-75.16583333,19.6,29.85,7.44,19.6
NM20080901080,2008,FALL,16.0766,5,3,10,1.60766,40.74042423,35.41460762,13.4112,37.89316667,-75.1835,19.7,29.7,8.2,19.73
NM20080901081,2008,FALL,2.562,7,3,12,0.2135,27.21528183,32.53245093,12.8016,38.01933333,-75.095,19.7,29.7,7.87,19.56
NM20080901082,2008,FALL,19.377,8,4,14,1.384071429,32.33965065,17.02968464,10.668,37.843,-75.20783333,19.79,29.71,8.59,19.93
NM20080901083,2008,FALL,1.0915,4,4,14,0.077964286,26.55538329,18.17273907,12.192,37.79683333,-75.38083333,19.82,29.65,9.08,19.87
NM20080901084,2008,FALL,4.8847,8,4,14,0.348907143,30.89474353,22.02256161,12.8016,37.76683333,-75.44433333,19.78,29.71,9.03,19.77
NM20080901085,2008,FALL,14.584,6,5,25,0.58336,24.53139352,17.47276601,13.716,37.5705,-75.487,19.79,29.65,9.66,19.21
NM20080901086,2008,FALL,8.7274,5,4,21,0.415590476,28.67052414,18.89822855,10.9728,37.6965,-75.52683333,19.74,29.61,9.48,18.96
NM20080901087,2008,FALL,0.3104,2,4,14,0.022171429,17.90409729,18.39220165,4.8768,37.2965,-75.71183333,19.91,29.51,7.93,20.61
NM20080901088,2008,FALL,5.9678,5,4,14,0.426271429,29.19421986,21.21009169,6.096,37.27083333,-75.72716667,20.09,29.57,8.27,20.73
NM20080901089,2008,FALL,6.7976,2,3,13,0.522892308,20.07594108,18.85825735,9.7536,37.1805,-75.73083333,19.92,29.74,7.8,19.9
NM20080901090,2008,FALL,12.464,2,3,8,1.558,31.9979925,21.9363977,6.7056,37.20333333,-75.76,19.79,29.74,8.02,19.67
NM20080901091,2008,FALL,5.1385,3,3,14,0.367035714,26.51571357,18.20414605,4.572,37.22733333,-75.74766667,19.88,29.69,7.58,19.88
NM20080901092,2008,FALL,13.0466,4,4,21,0.621266667,27.02187305,21.54196466,15.8496,37.44416667,-75.53966667,19.82,29.78,8.84,20.34
NM20080901093,2008,FALL,3.6001,6,4,12,0.300008333,41.44350991,13.44784637,15.5448,37.1965,-75.59733333,19.8,30.1,7.4,19.94
NM20080901094,2008,FALL,13.2706,5,4,18,0.737255556,28.66219144,20.3612507,12.4968,37.32183333,-75.6305,19.89,29.64,7.58,20.7
NM20080901095,2008,FALL,31.806,6,5,15,2.1204,31.03906394,24.40311196,13.4112,37.222,-75.69483333,19.97,29.72,8.05,20.48
NM20080901096,2008,FALL,3.112,2,3,11,0.282909091,31.27053727,22.93157899,9.4488,37.12716667,-75.77716667,20.09,29.71,7.28,20.99
NM20080901097,2008,FALL,8.934,2,2,12,0.7445,26.5996925,20.44881277,4.572,37.1445,-75.80433333,20.25,29.6,7.22,21.1
NM20080901098,2008,FALL,5.1338,7,4,18,0.285211111,24.95137367,21.43200677,10.668,36.9965,-75.833,20.26,29.85,7.6,21.2
NM20080901099,2008,FALL,0,0,2,3,0,51.63605467,51.63605467,7.0104,37.07116667,-75.828,20.31,29.72,7.09,20.73
NM20080901100,2008,FALL,10.5679,6,3,18,0.587105556,24.38705456,17.44626703,11.5824,36.73066667,-75.89133333,20.57,29.42,3.99,22.25
NM20080901101,2008,FALL,1.4966,2,3,13,0.115123077,28.97379492,17.69434922,8.2296,36.762,-75.9285,20.62,28.91,6.05,21.84
NM20080901102,2008,FALL,6.3208,10,3,9,0.702311111,36.59671723,13.27538741,14.3256,37.171,-75.6065,19.85,30.18,7.36,20.09
NM20080901103,2008,FALL,0.959,4,3,13,0.073769231,26.73244723,13.72076018,11.8872,36.93866667,-75.79083333,20.35,29.76,7.59,21.06
NM20080901104,2008,FALL,24.095,8,6,21,1.147380952,25.16925675,14.36329999,14.3256,37.08233333,-75.72833333,20.13,29.73,7.46,20.3
NM20080901105,2008,FALL,7.1148,7,5,19,0.374463158,25.13128249,17.3522972,16.1544,36.54966667,-75.775,20.18,30,3.31,21.41
NM20080901106,2008,FALL,11.6965,4,4,18,0.649805556,24.89741722,13.16260059,14.0208,36.72783333,-75.79216667,20.43,29.95,5.87,21.34
NM20080901107,2008,FALL,13.4438,4,5,19,0.707568421,29.27741895,19.86944866,12.8016,36.9775,-75.79283333,20.19,29.86,7.49,20.85
NM20080901108,2008,FALL,1.298,5,4,18,0.072111111,24.33931144,19.16563863,14.6304,36.62983333,-75.82483333,20.35,29.96,4.75,21.97
NM20080901109,2008,FALL,1.4791,6,5,21,0.070433333,28.15449182,17.65462702,13.1064,36.6995,-75.85033333,20.45,29.85,4.1,21.88
NM20080901110,2008,FALL,8.2053,3,3,18,0.45585,23.11026878,18.16150071,10.668,36.804,-75.8905,20.4,29.74,6.24,21.08
NM20080901111,2008,FALL,6.6526,5,3,24,0.277191667,22.32328292,15.48469612,13.4112,36.87366667,-75.91066667,20.56,27.82,6.67,20.61
NM20080901112,2008,FALL,0.5924,2,2,15,0.039493333,14.22666667,15.83444379,7.3152,36.43016667,-75.825,20.36,29.53,4.7,21.16
NM20080901113,2008,FALL,2.1983,2,4,15,0.146553333,23.2282788,25.54775515,10.0584,36.4805,-75.83266667,20.34,28.55,5.61,20.8
NM20080901114,2008,FALL,0,0,2,10,0,18.92,17.005809,17.3736,36.143,-75.68066667,20.11,30.06,5.34,20.86
NM20080901115,2008,FALL,0.091,2,4,13,0.007,26.71731492,25.55047425,12.4968,35.8525,-75.53116667,20.76,28.76,6.74,21.36
NM20080901116,2008,FALL,0.173,1,3,16,0.0108125,17.43694113,15.20145741,12.192,36.00866667,-75.63433333,20.82,27.57,7.17,21.05
NM20080901117,2008,FALL,1.76,5,3,13,0.135384615,28.16624292,20.20424937,18.288,36.355,-75.754,20.01,30.21,5.78,20.63
NM20080901118,2008,FALL,2.018,4,5,17,0.118705882,25.44168985,13.80915809,16.764,36.50216667,-75.78583333,20.16,30,5.95,20.8
NM20080901119,2008,FALL,4.676,1,3,6,0.779333333,36.332537,36.332537,8.5344,35.55383333,-75.451,20.98,27.59,7.29,20.85
NM20080901120,2008,FALL,0.1893,3,5,15,0.01262,23.459706,23.34888119,12.192,35.65266667,-75.4555,20.91,28.5,6.65,21.06
NM20080901121,2008,FALL,1.3249,6,4,16,0.08280625,23.75390238,19.90216608,18.288,35.69733333,-75.458,20.9,29.59,6.35,21.06
NM20080901122,2008,FALL,0.247,2,4,13,0.019,22.61627969,18.06657095,18.288,35.77766667,-75.40066667,20.66,29.55,6.85,20.92
NM20080901123,2008,FALL,4.595,2,3,7,0.656428571,31.30540657,36.70910891,16.764,35.62,-75.40483333,20.91,28.95,6.62,20.93
NM20080901124,2008,FALL,0.01,1,3,18,0.000555556,22.06753456,17.89090084,10.9728,35.4435,-75.467,21.14,28.65,6.84,20.79
NM20080901125,2008,FALL,4.5881,6,5,23,0.199482609,33.50473113,11.33951806,18.288,41.12683333,-71.976,18.44,28.72,4.64,17.97
NM20080901126,2008,FALL,6.4507,7,5,13,0.496207692,25.94933,11.3075866,17.9832,41.113,-71.9795,18.45,28.53,4.95,17.79
NM20080901127,2008,FALL,5.616,7,3,9,0.624,25.49886133,9.804951445,20.7264,41.118,-72.03166667,18.53,28.48,4.86,18.06
NM20080901128,2008,FALL,8.7411,9,4,14,0.624364286,26.25004857,26.16896302,32.3088,41.19866667,-71.69883333,18.2,29.64,4.88,18.1
NM20080901129,2008,FALL,8.5063,9,6,27,0.315048148,20.99768444,11.87183559,26.8224,41.202,-71.771,18.26,29.61,6.18,18.31
NM20080901130,2008,FALL,3.129,8,5,20,0.15645,23.6569277,14.60730991,32.3088,41.27966667,-71.74666667,18.26,29.94,4.39,17.92
NM20080901131,2008,FALL,4.2529,13,6,24,0.177204167,32.75261976,10.43754781,32.9184,41.25783333,-71.83933333,18.19,29.76,4.3,17.96
NM20080901132,2008,FALL,2.153,8,5,18,0.119611111,34.24681871,12.22671926,29.2608,41.16716667,-71.9035,18.46,28.68,5.05,17.87
NM20080901133,2008,FALL,7.8619,11,5,22,0.357359091,31.18313039,9.500848753,31.6992,41.22216667,-71.89066667,18.52,28.86,4.38,17.87
NM20080901134,2008,FALL,12.8951,10,6,25,0.515804,29.55525516,14.31855772,28.6512,41.19683333,-71.8625,18.36,28.91,5.98,17.58
NM20080901135,2008,FALL,11.4974,8,6,35,0.328497143,28.13254762,16.92138481,28.0416,41.3025,-70.868,16.66,29.98,6.58,18.16
NM20080901136,2008,FALL,7.8448,11,5,28,0.280171429,24.49267243,16.76428437,21.9456,41.37383333,-71.09283333,17.94,29.73,6.3,19.02
NM20080901137,2008,FALL,2.699,5,4,12,0.224916667,31.20825167,32.09402522,19.812,41.41833333,-71.1535,18.32,29.73,5.6,19.04
NM20080901138,2008,FALL,22.7587,13,7,35,0.650248571,29.5830508,11.25391264,36.576,41.05883333,-71.53966667,17.54,29.96,5.3,18.58
NM20080901139,2008,FALL,3.5105,10,4,24,0.146270833,26.96410583,29.8486802,22.86,41.41166667,-71.27433333,18.26,29.84,5.08,18.88
NM20080901140,2008,FALL,1.748,10,4,15,0.116533333,23.25941387,13.56192182,26.8224,41.224,-71.59366667,18.41,29.8,4.75,18.16
NM20080901141,2008,FALL,19.3798,9,6,28,0.692135714,27.15287929,19.17200231,29.8704,41.31416667,-71.03116667,15.36,30.14,5.35,18.24
NM20080901142,2008,FALL,9.1588,19,6,29,0.31582069,30.04980566,16.69960001,34.4424,41.24666667,-71.22616667,17,30.07,5.43,18.65
NM20080901143,2008,FALL,5.4379,16,5,32,0.169934375,29.11855169,16.55517939,32.004,41.32683333,-71.22683333,18.23,29.99,5.52,18.7
NM20080901144,2008,FALL,8.2362,13,5,23,0.358095652,26.5874127,18.96047963,29.2608,41.19666667,-71.47933333,18.06,30.06,5.32,18.8
NM20080901145,2008,FALL,7.2914,11,4,21,0.347209524,24.31108171,11.298605,33.8328,41.26083333,-71.45416667,18.28,30.1,4.99,19.19
NM20080901146,2008,FALL,11.0181,14,5,20,0.550905,29.0309533,25.48088641,30.1752,41.3595,-71.33616667,17.71,29.84,4.34,18.9
NM20080901147,2008,FALL,6.9282,12,6,27,0.2566,26.55746937,11.40497391,29.2608,41.35333333,-71.421,17.86,29.84,4.24,18.71
NM20080901148,2008,FALL,24.2107,10,8,35,0.691734286,34.32925084,19.67542982,47.244,41.10883333,-71.33783333,15.26,30.24,5.4,17.95
NM20080901149,2008,FALL,5.368,10,4,11,0.488,32.91398636,14.19051452,34.7472,41.22866667,-71.46633333,18.29,29.92,4.87,18.57
NM20080901150,2008,FALL,4.2343,13,5,23,0.1841,25.85653409,21.01527877,27.7368,41.29633333,-71.5105,18.28,29.9,5.04,19.09
NM20090401001,2009,SPRING,10.7244,14,4,21,0.510685714,26.25878762,29.57476499,15.8496,41.013,-71.919,8.46,30.93,9.84,9.21
NM20090401002,2009,SPRING,1.834,8,3,12,0.152833333,33.28141433,43.01517739,14.0208,41.0035,-71.97516667,8.3,31.1,10.41,8.83
NM20090401003,2009,SPRING,28.8536,11,6,45,0.641191111,27.31822142,25.25442947,10.9728,40.87316667,-72.34683333,7.55,30.8,9.33,8.52
NM20090401004,2009,SPRING,47.8311,15,7,45,1.062913333,28.09399529,29.44412242,9.4488,40.90566667,-72.27116667,7.6,31.15,9.39,8.85
NM20090401005,2009,SPRING,20.9407,9,5,16,1.30879375,33.32573475,22.63882765,15.24,40.88383333,-72.2935,7.87,31.09,9.51,8.97
NM20090401006,2009,SPRING,41.5997,12,6,52,0.799994231,27.39758146,37.99305856,12.8016,40.87216667,-72.33833333,7.36,30.85,9.28,8.91
NM20090401007,2009,SPRING,6.599,11,5,25,0.26396,24.54943984,27.12075243,16.1544,40.85,-72.37433333,7.7,30.85,9.72,8.39
NM20090401008,2009,SPRING,25.0876,18,5,33,0.760230303,29.67024133,40.59359102,10.3632,40.68766667,-72.9595,9.92,30.1,8.85,11.78
NM20090401009,2009,SPRING,13.0505,14,7,42,0.31072619,31.42268224,40.54182062,8.8392,40.71483333,-72.886,9.44,30.11,9.5,12.51
NM20090401010,2009,SPRING,32.5461,11,6,41,0.793807317,27.23782741,36.38100812,9.4488,40.74683333,-72.76633333,8.29,30.4,9.56,11.32
NM20090401011,2009,SPRING,23.9218,9,6,34,0.703582353,24.44540647,33.7499998,18.288,40.6285,-73.0475,9.8,30.44,9.51,11.55
NM20090401012,2009,SPRING,23.1526,16,6,46,0.503317391,27.36805487,31.84980867,18.288,40.73566667,-72.74666667,9.38,29.91,9.33,12.1
NM20090401013,2009,SPRING,22.1463,12,4,20,1.107315,31.0542406,33.89962483,9.7536,40.55916667,-73.62333333,10.95,30.58,8.77,13.4
NM20090401014,2009,SPRING,2.1135,5,5,20,0.105675,27.7822278,39.7931211,9.144,40.5545,-73.62766667,11.14,30.34,8.76,12.69
NM20090401015,2009,SPRING,28.747,20,6,37,0.776945946,25.20955838,43.32151733,16.1544,40.5935,-73.32183333,10.22,30.51,8.8,11.15
NM20090401016,2009,SPRING,8.2916,12,5,24,0.345483333,29.78582717,42.46256383,15.8496,40.52833333,-73.61266667,10.97,30.59,8.87,13.14
NM20090401017,2009,SPRING,17.0898,12,6,27,0.632955556,25.37883474,33.48146311,17.3736,40.50283333,-73.65883333,10.92,30.66,8.83,11.77
NM20090401018,2009,SPRING,13.8426,19,6,31,0.446535484,29.15165058,40.51644251,11.2776,40.39633333,-73.95283333,10.77,29.6,8.67,12.54
NM20090401019,2009,SPRING,3.0561,5,5,12,0.254675,38.08496633,46.10906584,10.668,40.50366667,-73.88933333,10.69,30.48,8.91,11.14
NM20090401020,2009,SPRING,37.4111,15,5,36,1.039197222,25.79617278,26.13329585,16.764,40.4685,-73.88,9.58,30.82,8.54,11.65
NM20090401021,2009,SPRING,42.5644,14,5,32,1.3301375,29.18571588,36.17083895,18.288,40.39666667,-73.91016667,9.8,30.65,8.89,11.91
NM20090401022,2009,SPRING,13.1723,15,6,41,0.32127561,24.21424146,29.03326288,10.668,40.51966667,-73.72266667,9.3,30.91,8.66,11.87
NM20090401023,2009,SPRING,43.1254,12,6,16,2.6953375,29.96377883,41.15313555,7.0104,39.72466667,-74.10883333,9.17,30.94,9.28,9.6
NM20090401024,2009,SPRING,30.785,18,8,37,0.832027027,28.70315455,33.39462497,10.0584,39.73966667,-74.08033333,8.6,31.15,9.04,9.52
NM20090401025,2009,SPRING,4.569,7,6,32,0.14278125,21.91085288,12.94758391,14.0208,40.153,-73.99016667,7.73,31.04,8.18,11.65
NM20090401026,2009,SPRING,37.3463,19,7,25,1.493852,28.88706183,18.13186058,13.4112,39.67033333,-74.11416667,8.12,31.26,7.22,9.28
NM20090401027,2009,SPRING,45.0505,20,7,35,1.287157143,29.18546731,21.46864452,15.8496,39.904,-74.04333333,7.34,31.26,9.06,9.44
NM20090401028,2009,SPRING,10.906,5,7,15,0.727066667,54.25285117,49.4710406,6.096,39.21483333,-74.62383333,10.2,30.98,8.96,10.68
NM20090401029,2009,SPRING,28.3929,16,8,22,1.290586364,35.96907709,39.66623223,6.096,39.51716667,-74.254,8.3,31.36,8.87,9.83
NM20090401030,2009,SPRING,15.891,19,6,28,0.567535714,26.59464949,25.78395598,9.7536,39.3275,-74.36583333,9.28,31.06,8.36,10.22
NM20090401031,2009,SPRING,14.697,8,6,16,0.9185625,37.9764517,39.04993687,9.144,39.34266667,-74.382,9.56,33.05,7.42,10.14
NM20090401032,2009,SPRING,16.5065,23,6,31,0.532467742,23.52501097,30.4615029,17.3736,39.62916667,-74.07433333,7.94,31.42,9.22,9.45
NM20090401033,2009,SPRING,0.231,3,4,16,0.0144375,22.1959895,14.88109627,13.4112,39.40566667,-74.224,8.18,31.47,7.74,9.66
NM20090401034,2009,SPRING,3.4074,12,5,19,0.179336842,22.70089747,19.9777535,15.24,39.33033333,-74.25783333,8.2,31.45,8.31,9.72
NM20090401035,2009,SPRING,6.6303,10,5,20,0.331515,18.4901252,26.18112521,14.0208,39.25516667,-74.42066667,8.88,31.34,7.7,9.8
NM20090401036,2009,SPRING,1.2026,6,7,20,0.06013,27.22419742,32.7802874,15.8496,39.20233333,-74.44466667,8.53,31.58,8.21,10.06
NM20090401037,2009,SPRING,2.205,10,5,22,0.100227273,26.13777534,15.65999483,12.192,39.17933333,-74.57166667,8.84,31.35,8.8,10.69
NM20090401038,2009,SPRING,18.217,14,6,18,1.012055556,39.10902684,39.28855389,13.1064,39.14083333,-74.62166667,9.71,31.22,8.84,10.67
NM20090401039,2009,SPRING,10.085,11,6,20,0.50425,38.58184733,44.88278297,7.62,39.0445,-74.689,11.09,31.18,8.92,11.29
NM20090401040,2009,SPRING,1.4812,12,4,21,0.070533333,25.5006201,36.35506306,12.8016,39.047,-74.546,9.72,31.38,9.03,11.05
NM20090401041,2009,SPRING,20.432,10,7,26,0.785846154,24.18640686,12.43651167,19.812,38.90466667,-74.59033333,9.75,31.52,9.31,10.3
NM20090401042,2009,SPRING,2.399,8,5,18,0.133277778,34.41441886,19.0065214,9.7536,38.993,-74.61366667,10.34,29.07,9.44,10.82
NM20090401043,2009,SPRING,9.683,13,6,20,0.48415,33.76484147,16.45805042,11.8872,39.02866667,-74.6355,11,31.28,8.97,11.13
NM20090401044,2009,SPRING,14.174,11,8,29,0.488758621,35.81835184,34.44743265,13.1064,39.09366667,-74.654,10.15,31.06,8.74,10.97
NM20090401045,2009,SPRING,33.63,13,6,17,1.978235294,45.89316542,39.30291355,13.1064,39.1045,-74.66716667,9.85,31.07,8.71,10.9
NM20090401046,2009,SPRING,15.1997,10,6,25,0.607988,32.18319864,38.32823429,14.0208,38.90216667,-74.68933333,9.54,31.56,9.33,9.83
NM20090401047,2009,SPRING,90.77,11,6,17,5.339411765,51.8119091,60.09763784,6.7056,38.67966667,-75.0515,11.17,29.93,8.6,11.12
NM20090401048,2009,SPRING,36.628,10,6,19,1.927789474,48.97841119,61.47427076,10.0584,38.71733333,-75.05616667,11.12,29.94,8.6,11.12
NM20090401049,2009,SPRING,33.2089,6,6,18,1.844938889,46.05573047,50.7980036,6.7056,38.872,-74.905,10.75,31.39,9.24,10.96
NM20090401050,2009,SPRING,9.56,8,6,19,0.503157895,40.07996046,48.65811704,10.0584,38.55233333,-75.03866667,10.02,30.25,9.11,12.3
NM20090401051,2009,SPRING,32.978,7,5,19,1.735684211,27.69578674,21.22576848,14.6304,38.76016667,-74.74333333,9.36,31.56,9.42,10.07
NM20090401052,2009,SPRING,13.186,6,5,19,0.694,31.07946214,26.71796274,15.24,38.79516667,-74.73766667,9.25,31.54,9.28,9.62
NM20090401053,2009,SPRING,30.85,8,5,20,1.5425,39.23369987,16.19762321,15.24,38.7335,-74.8275,9.61,30.87,9.26,11.83
NM20090401054,2009,SPRING,36.812,8,5,15,2.454133333,45.2506897,52.51536604,17.0688,38.51966667,-74.91966667,9,31.07,9.4,13.52
NM20090401055,2009,SPRING,6.815,4,3,13,0.524230769,33.68429097,28.40087049,13.716,38.75716667,-74.91566667,9.19,31.12,9.07,10.27
NM20090401056,2009,SPRING,40.089,10,6,18,2.227166667,42.65697922,53.19733738,15.24,38.57183333,-74.94516667,9.17,30.99,9.39,13.36
NM20090401057,2009,SPRING,48.623,8,8,18,2.701277778,48.664794,43.149147,14.9352,38.68483333,-74.99083333,10.59,30.41,8.72,10.83
NM20090401058,2009,SPRING,20.609,7,6,18,1.144944444,42.04296239,50.8824777,13.1064,38.503,-75.017,9.46,30.58,9.15,12.76
NM20090401059,2009,SPRING,28.0975,7,5,12,2.341458333,55.57682587,52.26265642,21.6408,38.5805,-74.838,8.48,31.68,9.55,13.61
NM20090401060,2009,SPRING,28.183,6,5,11,2.562090909,57.12604054,57.05998321,18.288,38.52883333,-74.86583333,8.44,31.7,9.44,13.27
NM20090401061,2009,SPRING,26.787,7,5,15,1.7858,44.55679194,45.91276411,22.2504,38.56966667,-74.85683333,8.37,31.64,9.65,12.71
NM20090401062,2009,SPRING,26.027,9,7,23,1.131608696,32.53759823,39.56544479,14.6304,38.62116667,-74.946,9.75,31.01,9.09,11.07
NM20090401063,2009,SPRING,7.963,6,4,9,0.884777778,50.23215375,50.2890326,19.2024,38.63116667,-74.7345,8.45,31.55,9.6,11.85
NM20090401064,2009,SPRING,4.629,6,6,18,0.257166667,30.57378567,30.29315308,7.9248,38.347,-75.06483333,10.01,30.79,8.56,10.46
NM20090401065,2009,SPRING,15.632,11,5,13,1.202461538,56.14561512,58.12422595,10.9728,38.03116667,-75.1675,10.22,30.6,8.78,13.22
NM20090401066,2009,SPRING,78.631,9,6,18,4.368388889,39.72535084,22.33342203,15.8496,38.28033333,-74.9165,9.22,31.24,9.5,13.81
NM20090401067,2009,SPRING,56.256,11,5,16,3.516,43.07175236,50.07611202,9.7536,38.429,-75.01666667,9.56,30.72,8.89,11.64
NM20090401068,2009,SPRING,12.142,9,6,18,0.674555556,47.47031795,56.44206668,7.62,38.3445,-75.03083333,9.32,31.09,8.95,13.01
NM20090401069,2009,SPRING,49.778,9,6,15,3.318533333,47.28925185,57.6627718,17.6784,38.09133333,-75.06933333,9.12,31.02,8.92,13.31
NM20090401070,2009,SPRING,17.346,11,4,12,1.4455,64.99722407,66.9331959,13.716,38.229,-75.06916667,9.3,31.02,9.15,12.82
NM20090401071,2009,SPRING,54.3591,10,8,20,2.717955,45.15937171,50.93448611,14.0208,38.257,-75.07666667,9.63,30.7,8.78,13.48
NM20090401072,2009,SPRING,35.579,7,5,14,2.541357143,48.52276453,61.42212948,17.3736,38.3705,-74.95883333,9.46,31.05,9.35,12.63
NM20090401073,2009,SPRING,5.029,9,3,9,0.558777778,40.224156,41.30747524,15.5448,38.37816667,-74.86716667,9.36,30.92,9.38,12.93
NM20090401074,2009,SPRING,14.168,7,7,15,0.944533333,40.95229827,56.13439851,7.9248,37.77816667,-75.50366667,11.22,30.49,5.65,13.85
NM20090401075,2009,SPRING,45.695,8,6,21,2.175952381,44.80355712,57.28313788,5.4864,37.8135,-75.47633333,10.72,30.82,5.77,13.68
NM20090401076,2009,SPRING,57.658,9,4,10,5.7658,59.94671913,56.91707757,9.4488,37.98366667,-75.12216667,9.86,30.61,5.29,13.65
NM20090401077,2009,SPRING,21.08,10,3,9,2.342222222,67.66777247,64.28489409,12.8016,37.948,-75.15583333,9.26,31.09,5.24,14.13
NM20090401078,2009,SPRING,12.736,8,7,16,0.796,48.01677792,50.67275797,8.2296,37.76616667,-75.50566667,9.77,30.56,5.82,12.88
NM20090401079,2009,SPRING,28.212,12,6,16,1.76325,41.06972095,58.68733352,17.6784,37.93816667,-75.11933333,9.18,31.22,5.29,14.17
NM20090401080,2009,SPRING,14.5421,11,6,20,0.727105,40.21536361,40.72643544,19.5072,37.85383333,-75.22216667,9.22,30.83,5.49,14.8
NM20090401081,2009,SPRING,47.4148,7,6,18,2.634155556,45.93204102,43.83694888,12.192,37.95766667,-75.22116667,9.66,30.82,8.94,13.04
NM20090401082,2009,SPRING,54.584,11,5,13,4.198769231,45.06622697,28.04924549,17.0688,37.82966667,-75.2635,9.64,30.82,5.63,13.9
NM20090401083,2009,SPRING,88.763,10,4,12,7.396916667,69.17667939,82.27912554,12.4968,37.768,-75.34483333,9.87,30.98,5.6,13.68
NM20090401084,2009,SPRING,36.3082,13,6,20,1.81541,43.16830621,49.53360702,13.4112,37.65133333,-75.41716667,9.63,31.26,8.87,12.61
NM20090401085,2009,SPRING,64.361,7,5,14,4.597214286,58.89456945,67.31335241,14.0208,37.666,-75.4795,10.37,31.16,5.98,13.08
NM20090401086,2009,SPRING,93.21,8,5,17,5.482941176,50.69408815,52.88748491,14.3256,37.67916667,-75.493,9.86,30.99,5.78,13.2
NM20090401087,2009,SPRING,85.686,5,6,16,5.355375,41.49584638,47.51640576,10.9728,37.54616667,-75.5705,11.25,30.86,4.91,14.21
NM20090401088,2009,SPRING,34.291,5,3,9,3.810111111,53.81028822,53.17678667,7.62,37.50333333,-75.5935,11.06,30.97,4.82,15.3
NM20090401089,2009,SPRING,25.363,6,5,14,1.811642857,51.59250491,58.59472826,5.1816,37.48183333,-75.62566667,14.33,31,4.84,15.84
NM20090401090,2009,SPRING,40.692,8,6,16,2.54325,37.48659313,46.35886138,7.0104,37.3715,-75.652,11.49,30.95,5.01,14.8
NM20090401091,2009,SPRING,84.404,6,5,16,5.27525,47.67872396,55.02437504,4.572,37.22516667,-75.75333333,12.65,31.25,5.56,13.03
NM20090401092,2009,SPRING,34.045,9,6,20,1.70225,37.75390999,31.98241456,13.1064,37.52883333,-75.4665,9.51,31.33,4.62,12.31
NM20090401093,2009,SPRING,40.811,5,5,14,2.915071429,43.1513714,74.68033985,15.24,37.2945,-75.54533333,9.63,31.38,5.4,12.27
NM20090401094,2009,SPRING,52.641,10,6,17,3.096529412,42.15898044,27.2007152,16.1544,37.30433333,-75.52816667,10.64,31.32,5.31,12.81
NM20090401095,2009,SPRING,20.782,4,5,11,1.889272727,43.64155345,45.79598325,11.2776,37.35283333,-75.60233333,11.35,31.22,5.12,13.24
NM20090401096,2009,SPRING,0,0,5,17,0,38.9701174,18.11021742,9.144,36.65666667,-75.87616667,9.92,31.14,6.29,12.6
NM20090401097,2009,SPRING,10.789,2,4,10,1.0789,45.8785694,61.58499323,6.4008,37.156,-75.78,11.32,30.98,8.51,12.42
NM20090401098,2009,SPRING,73.626,4,6,13,5.663538462,54.35180214,59.13052426,8.2296,37.07966667,-75.80516667,11.72,30.84,4.81,13.03
NM20090401099,2009,SPRING,23.839,3,4,12,1.986583333,45.13338517,39.84781851,4.8768,37.16416667,-75.80116667,12.01,30.75,6.16,12.37
NM20090401100,2009,SPRING,0.827,2,2,8,0.103375,39.01631875,71.15560858,7.9248,36.95316667,-75.91833333,10.43,30.33,5.5,13.38
NM20090401101,2009,SPRING,1.7767,6,4,15,0.118446667,35.99936634,31.17954433,7.3152,36.78316667,-75.93266667,12.52,27.44,5.92,12.96
NM20090401102,2009,SPRING,26.451,7,3,7,3.778714286,68.33668194,61.9626741,18.288,36.63233333,-75.74583333,9.41,31.59,6.58,12.45
NM20090401103,2009,SPRING,30.351,4,5,13,2.334692308,43.13892415,27.09392727,15.24,36.5795,-75.78983333,9.53,31.07,6.88,12.79
NM20090401104,2009,SPRING,79.997,8,6,14,5.714071429,60.68570095,71.38261128,13.716,37.15583333,-75.616,10.17,31.44,5.06,12.22
NM20090401105,2009,SPRING,75.743,11,5,10,7.5743,65.56195406,75.73420763,16.1544,36.97233333,-75.66866667,9.8,31.4,5.28,13.66
NM20090401106,2009,SPRING,8.837,3,2,6,1.472833333,74.55126128,66.45750809,11.8872,37.02983333,-75.74066667,10.26,31.35,5.47,13.08
NM20090401107,2009,SPRING,29.887,4,4,12,2.490583333,50.28668007,70.07621821,18.5928,36.56666667,-75.77566667,10.04,31.26,7.19,14.36
NM20090401108,2009,SPRING,18.978,4,6,9,2.108666667,57.40670332,62.20575576,10.3632,37.01733333,-75.79383333,10.09,31.16,5.61,12.91
NM20090401109,2009,SPRING,9.557,4,3,5,1.9114,57.3455248,63.13617508,15.5448,36.73333333,-75.825,9.49,31.43,10.95,13.31
NM20090401110,2009,SPRING,7.5824,6,5,10,0.75824,56.15616897,64.26616605,11.8872,36.74683333,-75.8465,9.65,31.32,11,13.58
NM20090401111,2009,SPRING,13.1148,8,5,20,0.65574,29.51137649,39.44225186,13.1064,36.83783333,-75.88716667,10.02,30.89,10.87,12.31
NM20090401112,2009,SPRING,35.1536,7,5,17,2.067858824,38.17052885,33.31573341,6.096,36.25516667,-75.77316667,10.57,30.48,8.56,10.72
NM20090401113,2009,SPRING,4.4569,5,4,15,0.297126667,40.55084735,21.0918986,10.668,36.2265,-75.74816667,9.69,31.05,8.32,10.6
NM20090401114,2009,SPRING,3.027,5,4,14,0.216214286,42.40936866,30.52909646,17.3736,36.11933333,-75.67716667,9.59,31.21,8.89,9.78
NM20090401115,2009,SPRING,17.7948,6,3,9,1.9772,58.62240514,64.33868578,14.6304,36.5045,-75.75683333,9.64,31.53,8.49,12.69
NM20090401116,2009,SPRING,0.0818,1,4,13,0.006292308,44.36030451,21.89667224,11.91768,36.352,-75.78183333,9.81,30.95,8.43,10.93
NM20090401117,2009,SPRING,2.256,2,3,9,0.250666667,56.13381579,63.54367027,15.24,36.518,-75.78333333,9.44,31.34,8.27,13
NM20090401118,2009,SPRING,16.043,5,4,17,0.943705882,38.59695609,20.15265596,12.192,36.50416667,-75.8125,9.92,30.81,8.02,12.78
NM20090401119,2009,SPRING,0.0795,1,3,12,0.006625,23.138355,15.21323276,9.7536,35.23383333,-75.50283333,15.96,33.89,9,15.73
NM20090401120,2009,SPRING,0.012,1,4,17,0.000705882,35.37261195,16.35878219,10.668,35.24783333,-75.48133333,15.94,34.23,8.9,15.46
NM20090401121,2009,SPRING,0.1271,2,4,19,0.006689474,36.3931379,33.66356785,18.8976,35.62783333,-75.39483333,9.85,31.45,10.06,10.85
NM20090401122,2009,SPRING,2.972,2,2,6,0.495333333,74.60401538,65.86366267,19.812,35.76933333,-75.418,9.57,31.68,10.8,11.56
NM20090401123,2009,SPRING,0.0304,1,4,14,0.002171429,26.82851634,21.03364367,12.4968,35.52516667,-75.4295,10.62,31.37,10.13,11.8
NM20090401124,2009,SPRING,0.009,1,4,19,0.000473684,33.50305869,19.51541459,12.4968,35.32383333,-75.45616667,15.23,33.77,8.87,13.85
NM20090401125,2009,SPRING,28.2886,14,5,19,1.488873684,35.40247895,29.03423747,18.288,41.3215,-71.65833333,8.97,30.8,9.41,11.25
NM20090401126,2009,SPRING,25.571,19,5,25,1.02284,30.11898472,39.71049769,18.288,41.11916667,-71.97783333,9.76,29.02,8.81,10.28
NM20090401127,2009,SPRING,11.0106,10,3,21,0.524314286,25.07721248,32.75004277,21.336,41.11266667,-72.0275,9.56,28.9,9.56,10.6
NM20090401128,2009,SPRING,64.5499,14,5,33,1.956057576,29.2543223,34.67288105,33.528,41.21966667,-71.70066667,7.34,31.03,9.48,9.86
NM20090401129,2009,SPRING,58.6993,15,6,29,2.024113793,28.61563738,28.46956231,32.9184,41.28233333,-71.7615,8.22,30.79,9.45,9.92
NM20090401130,2009,SPRING,62.7395,16,5,28,2.240696429,29.29811071,37.87419698,30.7848,41.1825,-71.78966667,8.25,30.32,9.43,9.14
NM20090401131,2009,SPRING,35.3417,14,4,27,1.308951852,30.53658889,33.23659343,36.576,41.185,-71.80583333,8.14,30.34,7.45,9.66
NM20090401132,2009,SPRING,8.6757,11,5,22,0.39435,23.01315327,27.12846234,51.816,41.23083333,-71.8775,8.05,30.79,8.73,9.72
NM20090401133,2009,SPRING,5.5966,10,5,25,0.223864,25.73620144,31.17586767,39.624,41.21033333,-71.98516667,8.36,30.37,7.58,9.59
NM20090401134,2009,SPRING,20.8816,12,7,28,0.745771429,31.22597133,34.90962683,32.004,41.19533333,-71.86683333,8.12,30.52,7.32,9.97
NM20090401135,2009,SPRING,40.9032,16,6,24,1.7043,32.9820705,39.27587929,30.7848,41.3,-71.4075,7.46,31.27,8.42,11.36
NM20090401136,2009,SPRING,25.7741,14,7,26,0.991311538,37.94472298,41.03131781,23.4696,41.37883333,-71.129,9.5,31.1,8.93,12.32
NM20090401137,2009,SPRING,28.5763,14,3,16,1.78601875,35.21462475,38.97484199,22.86,41.377,-71.16783333,8.87,31.39,9.01,12.2
NM20090401138,2009,SPRING,13.4992,12,7,35,0.385691429,31.56078546,32.56523258,21.9456,41.42816667,-71.25816667,8.98,31.4,8.63,10.38
NM20090401139,2009,SPRING,7.1777,12,6,17,0.422217647,31.00982341,40.57509449,18.8976,41.42983333,-71.2165,8.9,31.35,8.53,10.59
NM20090401140,2009,SPRING,12.339,18,5,19,0.649421053,33.74792989,22.09077926,27.432,41.124,-71.5175,7.53,31.22,7.89,10.27
NM20090401141,2009,SPRING,11.0441,15,7,23,0.480178261,27.82066696,24.68152625,33.8328,41.2865,-70.92066667,8.17,31.48,8.85,10.91
NM20090401142,2009,SPRING,58.9918,16,6,33,1.787630303,31.51407842,34.34924862,29.5656,41.33433333,-70.92866667,8.58,31.11,9.14,11.58
NM20090401143,2009,SPRING,23.7776,17,7,27,0.880651852,28.21004252,27.20923506,36.576,41.28866667,-70.97333333,7.8,31.39,9.37,10.5
NM20090401144,2009,SPRING,13.5178,17,7,34,0.397582353,28.36787,14.15586785,39.624,41.28133333,-71.06516667,6.8,31.47,9.6,10.24
NM20090401145,2009,SPRING,12.1957,18,7,23,0.530247826,32.9379393,39.57939448,39.624,41.26483333,-71.13933333,7.24,31.36,9.8,10.36
NM20090401146,2009,SPRING,46.5756,14,6,26,1.791369231,25.77286546,33.72072907,30.48,41.31816667,-71.41216667,7.01,31.21,9.32,11.86
NM20090401147,2009,SPRING,30.383,18,6,22,1.381045455,33.16335982,41.32803747,28.956,41.33266667,-71.295,7.7,31.25,9.93,10.5
NM20090401148,2009,SPRING,26.5056,13,6,30,0.88352,29.5307748,33.77960874,30.1752,41.38466667,-71.32233333,7.52,31.36,8.43,11.02
NM20090401149,2009,SPRING,38.133,17,4,20,1.90665,34.3937302,24.69652318,35.6616,41.21983333,-71.415,6.73,31.36,8.44,10.97
NM20090401150,2009,SPRING,39.4744,19,6,31,1.273367742,32.24866103,26.83368337,25.908,41.13483333,-71.48733333,7.14,31.02,8,10.4
NM20090401151,2009,SPRING,9.3798,7,6,16,0.5862375,39.8205926,50.25568214,16.1544,41.039,-71.87983333,8.45,30.83,9.67,9.24
NM20090401152,2009,SPRING,42.07,10,6,30,1.402333333,30.812754,23.01719418,10.668,40.88933333,-72.308,7.42,30.72,9.18,8.91
NM20090401153,2009,SPRING,12.0432,13,7,36,0.334533333,29.53314839,44.66629496,9.4488,40.6765,-72.995,9.77,30.12,9.13,10.96
NM20090401154,2009,SPRING,5.025,11,5,22,0.228409091,22.95618164,41.03794329,8.2296,40.5855,-73.47,10.82,30.55,8.91,12.56
NM20090401155,2009,SPRING,12.866,12,6,25,0.51464,30.3765944,44.97178872,7.3152,40.563,-73.8165,10.75,30.37,8.86,12.39
NM20090401156,2009,SPRING,19.4512,17,6,38,0.511873684,25.91046574,19.94787084,13.716,40.15666667,-74.00616667,8.05,30.77,8.01,11.63
NM20090401157,2009,SPRING,37.603,10,7,24,1.566791667,39.92262186,16.03762594,9.144,38.928,-74.82016667,10.03,31.02,9.14,11.08
NM20090401158,2009,SPRING,44.042,6,4,10,4.4042,55.83222782,54.30626643,11.2776,38.17066667,-75.12933333,9.07,31,8.69,12.7
NM20090401159,2009,SPRING,1.0998,3,5,23,0.047817391,32.0460875,20.82014192,8.5344,36.47616667,-75.83166667,12.55,28.32,7.67,13.35
NM20090401160,2009,SPRING,0,0,4,19,0,33.90136482,17.95486543,9.7536,35.3415,-75.48116667,14.41,33.08,9.33,14.22
NM20090901001,2009,FALL,0.182,1,3,9,0.020222222,61.41643933,66.68973112,14.3256,41.019,-71.929,17.76,30.54,7.26,18.44
NM20090901002,2009,FALL,2.372,1,5,15,0.158133333,35.57991907,51.94506229,16.1544,40.9975,-71.97916667,17.48,30.98,7.48,17.08
NM20090901003,2009,FALL,0.1974,2,6,31,0.006367742,28.42265297,38.8864411,9.144,40.98366667,-72.05666667,17.48,31.19,7.61,17.43
NM20090901004,2009,FALL,9.7611,7,6,25,0.390444,25.12340656,34.89057197,8.5344,40.86266667,-72.38233333,17.46,31.68,7.77,17.5
NM20090901005,2009,FALL,2.365,1,6,16,0.1478125,36.72327313,52.48276496,17.9832,40.982,-72.00766667,17.46,30.95,7.6,17.35
NM20090901006,2009,FALL,4.4595,3,5,30,0.14865,23.3586676,21.96530607,13.4112,40.9235,-72.20583333,17.48,31.53,6.88,17.13
NM20090901007,2009,FALL,1.5563,3,6,18,0.086461111,26.42744878,39.45235488,11.2776,40.86866667,-72.341,17.26,31.94,7.18,17.42
NM20090901008,2009,FALL,4.1276,7,7,28,0.147414286,30.34108343,24.1827468,7.3152,40.71816667,-72.88233333,18.5,32.39,6.8,18.31
NM20090901009,2009,FALL,6.6634,4,8,24,0.277641667,23.76920495,12.47351358,6.7056,40.63716667,-73.13816667,18.53,32.55,6.36,17.72
NM20090901010,2009,FALL,1.5876,8,5,22,0.072163636,26.34999618,33.5183832,18.8976,40.737,-72.764,17.34,32,7.29,16.8
NM20090901011,2009,FALL,3.7024,8,7,25,0.148096,28.76286818,20.54986507,16.1544,40.796,-72.55883333,17.29,32.2,6.63,15.98
NM20090901012,2009,FALL,3.2662,10,5,23,0.142008696,25.20902452,25.1693979,16.4592,40.771,-72.633,17.5,32.52,6.22,16.88
NM20090901013,2009,FALL,2.7255,4,6,22,0.123886364,19.42236909,19.23386562,9.7536,40.602,-73.37283333,18.32,32.27,5.82,17.69
NM20090901014,2009,FALL,41.9801,5,4,13,3.229238462,22.74754652,30.82773541,9.4488,40.55266667,-73.57683333,16.42,31.74,7.17,16.78
NM20090901015,2009,FALL,59.5367,6,7,26,2.289873077,21.10702066,30.5252126,12.192,40.569,-73.46083333,17.48,32.07,5.57,17.28
NM20090901016,2009,FALL,180.3341,12,9,36,5.009280556,24.6760958,15.61331017,13.1064,40.55,-73.52733333,17.13,32.08,4.88,17.11
NM20090901017,2009,FALL,24.855,3,5,17,1.462058824,20.54464883,11.43639687,13.716,40.52966667,-73.65433333,14.39,32.12,5.98,16.07
NM20090901018,2009,FALL,9.7235,6,6,24,0.405145833,27.74208414,26.79018435,9.4488,40.559,-73.80616667,15.36,32.18,5.83,15.53
NM20090901019,2009,FALL,1.7459,9,3,18,0.096994444,16.24869278,21.47385288,7.62,40.55383333,-73.84716667,15.51,32.19,5.7,15.9
NM20090901020,2009,FALL,3.1338,7,4,20,0.15669,17.2797707,10.92145999,12.192,40.5205,-73.83033333,14.08,32.36,4.76,15.95
NM20090901021,2009,FALL,5.0222,9,7,29,0.17317931,26.74391847,12.76270388,18.8976,40.29516667,-73.92316667,18.06,32.01,5.98,18.16
NM20090901022,2009,FALL,1.5397,4,6,33,0.046657576,32.6008346,10.1005593,16.4592,40.242,-73.9345,18.32,31.73,6.44,18.25
NM20090901023,2009,FALL,7.143,7,6,21,0.340142857,33.35941456,23.82713809,10.9728,39.6675,-74.13166667,18.7,30.92,7.07,18.85
NM20090901024,2009,FALL,1.706,4,4,16,0.106625,25.62066815,33.16996599,14.6304,39.94466667,-74.05366667,18.28,31.79,5.31,18.49
NM20090901025,2009,FALL,5.8224,11,5,28,0.207942857,26.79652335,12.55290264,17.6784,40.10883333,-73.99783333,18.25,31.91,6.18,17.94
NM20090901026,2009,FALL,19.4936,11,8,27,0.721985185,30.3083153,16.17327228,11.5824,39.75166667,-74.04816667,18.46,31.13,6.45,18.78
NM20090901027,2009,FALL,8.0506,9,8,38,0.211857895,25.77337843,25.5355121,13.4112,39.78583333,-74.036,18.27,31.28,6,18.67
NM20090901028,2009,FALL,14.417,10,7,26,0.5545,31.96491559,25.8200845,10.0584,39.38583333,-74.31466667,18.89,30.95,7.79,18.77
NM20090901029,2009,FALL,7.182,6,7,28,0.2565,26.51461385,19.99109861,9.144,39.43566667,-74.262,18.86,30.92,7.54,18.83
NM20090901030,2009,FALL,16.509,6,7,26,0.634961538,25.88875882,27.31024936,10.0584,39.33833333,-74.36,18.74,31.11,7.66,18.41
NM20090901031,2009,FALL,9.061,8,5,22,0.411863636,34.01292363,24.5308963,7.62,39.29416667,-74.49433333,18.52,31.59,5.58,17.87
NM20090901032,2009,FALL,2.441,3,6,25,0.09764,25.08150754,16.1348182,18.288,39.56766667,-74.09433333,18.27,31.43,6.39,19.33
NM20090901033,2009,FALL,17.151,7,6,23,0.745695652,27.46495914,23.15659095,17.0688,39.61416667,-74.12033333,18.67,31.06,7.31,19.29
NM20090901034,2009,FALL,6.788,5,7,24,0.282833333,31.68884442,23.11172875,12.192,39.482,-74.23216667,18.89,30.73,7.43,18.9
NM20090901035,2009,FALL,10.838,8,6,30,0.361266667,28.51777948,27.59564329,13.1064,39.35716667,-74.29633333,18.8,31.08,7.45,18.78
NM20090901036,2009,FALL,5.7418,5,5,16,0.3588625,30.6464963,18.29967995,14.6304,39.24333333,-74.39616667,17.78,32.01,5.83,18.1
NM20090901037,2009,FALL,6.3566,8,6,25,0.254264,29.15032457,22.73884656,13.4112,39.23666667,-74.5475,18.26,31.86,5.07,17.56
NM20090901038,2009,FALL,10.4156,10,5,18,0.578644444,34.62723774,27.98252634,11.2776,39.0305,-74.69633333,18.74,30.76,7.71,18.52
NM20090901039,2009,FALL,18.5154,6,4,14,1.322528571,37.0204456,19.46707796,8.5344,38.971,-74.75416667,18.92,30.91,7.41,18.74
NM20090901040,2009,FALL,11.9917,8,4,19,0.631142105,29.41382184,16.55444223,17.0688,39.12766667,-74.54083333,17.63,32.22,5.19,18.25
NM20090901041,2009,FALL,6.8485,9,6,25,0.27394,25.73430525,25.48113203,15.24,39.06783333,-74.56516667,18.91,31.43,7.34,18.64
NM20090901042,2009,FALL,0.5323,4,5,17,0.031311765,34.25611482,22.00303709,14.9352,39.16083333,-74.55366667,18.01,31.97,6.07,18.76
NM20090901043,2009,FALL,10.3935,11,5,29,0.358396552,39.64316754,31.92266014,19.812,38.94016667,-74.57616667,18.97,31.3,6.96,18.9
NM20090901044,2009,FALL,5.1326,10,5,24,0.213858333,27.65904682,18.78176514,13.1064,38.9815,-74.5805,18.9,31.37,7.24,18.9
NM20090901045,2009,FALL,5.2408,9,6,21,0.249561905,28.65011167,18.26263181,15.24,39.00816667,-74.59,18.81,31.47,6.82,18.58
NM20090901046,2009,FALL,7.0854,10,7,35,0.20244,32.57656529,20.77672638,10.9728,38.99983333,-74.7065,19.06,30.33,7.33,18.8
NM20090901047,2009,FALL,19.016,12,6,26,0.731384615,33.32671889,26.74031543,10.3632,38.8715,-74.83966667,19.02,31.28,7.43,18.89
NM20090901048,2009,FALL,10.464,9,5,14,0.747428571,37.5209648,12.77949563,10.0584,38.84283333,-74.90616667,17.78,31.34,7.24,16.72
NM20090901049,2009,FALL,3.8905,5,4,19,0.204763158,28.59637772,18.31552998,9.7536,38.71616667,-75.0075,18.3,30.23,6.87,17.67
NM20090901050,2009,FALL,6.8199,10,6,20,0.340995,31.9599497,14.9291431,10.668,38.74366667,-75.03683333,18.29,30.2,6.98,17.43
NM20090901051,2009,FALL,13.6807,6,3,10,1.36807,51.83620441,47.54760373,17.3736,38.8275,-74.6735,18.81,31.38,7.9,18.89
NM20090901052,2009,FALL,0.517,3,3,7,0.073857143,39.64063686,47.69051481,13.4112,38.716,-74.75433333,19.05,31.62,7.73,19.06
NM20090901053,2009,FALL,12.8099,11,4,19,0.674205263,29.47466861,16.85574671,14.6304,38.847,-74.77166667,18.82,31.4,7.69,18.83
NM20090901054,2009,FALL,10.18,10,6,28,0.363571429,28.91392422,23.61231393,14.6304,38.771,-74.81866667,18.16,31.62,7.36,17.76
NM20090901055,2009,FALL,5.441,6,5,16,0.3400625,33.4904266,45.15278033,15.8496,38.75516667,-74.8295,18.19,31.54,7.12,16.89
NM20090901056,2009,FALL,11.75,8,4,13,0.903846154,46.37151608,35.49884706,11.5824,38.76683333,-74.90416667,18.11,31.55,7,17.65
NM20090901057,2009,FALL,6.5686,10,6,21,0.312790476,32.39025823,30.29118221,15.8496,38.54633333,-74.93233333,18.29,30.72,6.52,17.32
NM20090901058,2009,FALL,1.0049,7,5,23,0.043691304,37.02920361,20.51119353,13.716,38.6945,-74.96383333,17.6,31.1,6.67,16.77
NM20090901059,2009,FALL,17.943,12,6,33,0.543727273,33.0013742,14.86691618,24.9936,38.51683333,-74.82566667,19.32,31.7,6.95,19.17
NM20090901060,2009,FALL,26.1383,13,7,25,1.045532,28.46692085,29.83288135,21.9456,38.57116667,-74.862,15.92,31.51,7.95,15.12
NM20090901061,2009,FALL,11.0161,7,6,25,0.440644,33.47248211,20.18291934,19.2024,38.74883333,-75.0185,18.08,31.74,6.42,17.64
NM20090901062,2009,FALL,16.1663,7,5,30,0.538876667,29.04852988,9.769832296,23.4696,38.66333333,-74.74833333,18.71,32.07,6.94,19.05
NM20090901063,2009,FALL,2.576,4,3,7,0.368,64.27578746,55.40144898,18.5928,38.62016667,-74.75333333,19.04,31.85,7.4,19.09
NM20090901064,2009,FALL,25.5907,10,6,18,1.421705556,31.41609917,15.53410285,7.3152,38.143,-75.1525,15.97,30.86,5.12,16.28
NM20090901065,2009,FALL,11.103,6,5,20,0.55515,31.67658485,15.59573072,11.2776,38.10516667,-75.16083333,15.95,30.86,5.04,16.14
NM20090901066,2009,FALL,9.0525,8,7,22,0.411477273,30.50814343,23.99422639,16.764,38.1805,-75.021,15.9,31.42,5.32,15.78
NM20090901067,2009,FALL,19.8552,7,7,23,0.863269565,30.38819033,21.81657315,18.8976,38.15616667,-75.044,16.06,31.46,5.35,16.11
NM20090901068,2009,FALL,12.9604,9,6,16,0.810025,37.40426877,39.66633901,21.336,38.29616667,-74.919,16.24,31.75,5.56,15.71
NM20090901069,2009,FALL,9.3538,8,7,22,0.425172727,29.10285957,18.43835249,12.4968,38.40866667,-74.9225,18.75,31.08,6.42,17.72
NM20090901070,2009,FALL,5.8135,7,7,28,0.207625,28.30033957,22.21809449,18.5928,38.42066667,-74.95833333,18.67,30.63,6.47,17.82
NM20090901071,2009,FALL,5.5722,5,6,24,0.232175,29.40133016,17.02375941,19.5072,38.35066667,-74.97533333,18.76,31.06,6.27,17.68
NM20090901072,2009,FALL,12.5043,9,6,19,0.658121053,25.61510137,17.88754566,15.8496,38.19766667,-75.08783333,15.78,31.3,5.35,15.76
NM20090901073,2009,FALL,10.8369,10,6,22,0.492586364,29.19056259,17.06202282,14.6304,38.24566667,-75.07916667,15.84,31.16,5.45,15.65
NM20090901074,2009,FALL,19.9903,5,5,15,1.332686667,33.66387767,15.75709856,7.62,37.8055,-75.482,16.25,31.3,5.83,15.29
NM20090901075,2009,FALL,0.8347,2,6,23,0.036291304,30.95267895,15.74275101,6.4008,37.55466667,-75.58133333,16.35,31.28,7.04,15.9
NM20090901076,2009,FALL,8.2381,7,6,22,0.374459091,31.13311889,16.31646073,9.144,37.8975,-75.30683333,16.06,31.08,5.81,15.43
NM20090901077,2009,FALL,31.8021,7,5,24,1.3250875,28.9391322,19.30184141,9.7536,37.829,-75.32883333,16.29,31.02,5.8,15.76
NM20090901078,2009,FALL,6.0814,6,6,22,0.276427273,30.33735611,17.09297941,9.144,37.57316667,-75.567,16.57,31.46,7.08,15.81
NM20090901079,2009,FALL,4.7014,8,6,15,0.313426667,29.81320702,34.41071652,14.6304,37.64433333,-75.33633333,17.11,31.82,6.23,17.57
NM20090901080,2009,FALL,9.8008,10,7,37,0.264886486,27.91323543,25.11482624,19.2024,37.8565,-75.21416667,16.33,31.8,5.98,15.1
NM20090901081,2009,FALL,15.7739,5,6,20,0.788695,30.96629333,19.21423885,13.1064,37.89866667,-75.24666667,16.09,31.38,5.98,15.02
NM20090901082,2009,FALL,8.6491,6,7,19,0.455215789,31.08727918,21.73867719,14.6304,37.744,-75.34966667,16.67,31.83,6.22,15.94
NM20090901083,2009,FALL,27.3374,5,4,12,2.278116667,39.47861107,40.3739886,11.8872,37.69666667,-75.38266667,16.88,31.9,6.1,17.23
NM20090901084,2009,FALL,23.8376,5,4,18,1.324311111,30.6054735,21.94036974,14.3256,37.6315,-75.42683333,16.88,31.78,6.03,17.07
NM20090901085,2009,FALL,10.1909,4,5,15,0.679393333,29.33138429,20.02246372,13.1064,37.597,-75.4585,16.85,31.54,5.96,17.19
NM20090901086,2009,FALL,1.2566,5,4,18,0.069811111,27.31077456,17.88603367,11.5824,37.6015,-75.51616667,16.55,31.25,7.05,16.26
NM20090901087,2009,FALL,5.968,3,4,18,0.331555556,29.62989641,18.34973069,11.5824,37.39716667,-75.605,17.36,31.61,6.8,16.85
NM20090901088,2009,FALL,18.192,4,4,17,1.070117647,29.07234651,18.38259742,10.9728,37.54483333,-75.518,17.12,31.62,7.26,17.11
NM20090901089,2009,FALL,5.035,5,5,16,0.3146875,34.67152998,17.40736246,6.4008,37.52633333,-75.597,16.63,31.38,7,16.38
NM20090901090,2009,FALL,3.8398,4,5,19,0.202094737,30.49009367,16.09172478,9.7536,37.22016667,-75.703,17.37,31.63,7.29,17.33
NM20090901091,2009,FALL,13.228,4,5,17,0.778117647,27.17119244,15.19377611,8.2296,37.19733333,-75.72983333,17.42,31.49,7.46,17.67
NM20090901092,2009,FALL,27.2055,8,5,17,1.600323529,32.0789958,29.34557014,17.0688,37.44716667,-75.5225,17.27,31.66,6.85,17.24
NM20090901093,2009,FALL,11.4965,6,5,21,0.547452381,29.1018377,14.64111364,17.0688,37.20266667,-75.559,17.66,31.93,7.36,17.81
NM20090901094,2009,FALL,19.9158,9,6,25,0.796632,28.57561763,21.63081294,16.1544,37.4305,-75.554,17.01,31.43,7.04,17.03
NM20090901095,2009,FALL,3.8955,5,5,25,0.15582,24.72712571,16.42782869,19.2024,37.1815,-75.5785,17.75,31.78,7.17,17.89
NM20090901096,2009,FALL,31.628,3,5,26,1.216461538,25.52655754,14.72821982,9.4488,37.10283333,-75.77716667,17.41,31.52,7.51,17.37
NM20090901097,2009,FALL,3.483,5,3,14,0.248785714,35.10955231,16.77171344,4.572,37.16083333,-75.8025,16.86,31.01,7.63,16.8
NM20090901098,2009,FALL,12.6832,5,6,18,0.704622222,30.8101494,19.62500796,6.7056,37.07266667,-75.82716667,17,31.17,7.46,17.06
NM20090901099,2009,FALL,18.9857,5,4,25,0.759428,25.67073486,17.40225434,9.144,36.6025,-75.86166667,17.38,30.17,7.28,18.22
NM20090901100,2009,FALL,30.6318,5,6,21,1.458657143,28.20108852,14.40901173,7.9248,37.02083333,-75.86133333,17.36,30.8,7.52,17.29
NM20090901101,2009,FALL,9.497,4,4,21,0.452238095,27.35481067,14.9487124,9.144,36.85816667,-75.92816667,17.25,30.49,7.25,17.24
NM20090901102,2009,FALL,3.3234,5,6,26,0.127823077,26.55854808,19.52885791,18.5928,36.619,-75.77866667,18,31.34,6.9,18.25
NM20090901103,2009,FALL,14.369,6,4,11,1.306272727,32.57552027,14.46960683,13.1064,37.0955,-75.6605,17.85,32.09,7.05,17.36
NM20090901104,2009,FALL,3.0533,3,5,20,0.152665,26.41942558,15.41998777,12.192,36.89366667,-75.81816667,17.71,31.2,7.35,17.95
NM20090901105,2009,FALL,5.0441,6,6,22,0.229277273,28.56950647,18.64609877,12.8016,37.00016667,-75.737,17.53,30.74,7.51,17.5
NM20090901106,2009,FALL,4.7415,9,6,27,0.175611111,28.54026663,19.84689543,18.5928,36.67316667,-75.76283333,17.6,30.91,7.19,17.98
NM20090901107,2009,FALL,0.1994,3,5,21,0.009495238,22.24722695,19.51037294,12.192,36.712,-75.77116667,17.6,31.03,6.98,18.29
NM20090901108,2009,FALL,6.8942,4,5,19,0.362852632,27.8224692,21.40532259,10.0584,36.94083333,-75.79916667,17.63,31.21,7.48,17.49
NM20090901109,2009,FALL,0,0,4,15,0,26.53251667,18.44773336,10.3632,37.03883333,-75.79083333,17.43,30.71,7.46,17.26
NM20090901110,2009,FALL,1.6747,5,5,23,0.072813043,25.65553357,16.85489545,13.716,36.79216667,-75.87166667,17.35,30.43,7.19,18.12
NM20090901111,2009,FALL,6.0057,9,5,24,0.2502375,25.83723211,18.21330697,12.4968,36.683,-75.8795,17.37,30.12,7.27,18.19
NM20090901112,2009,FALL,3.718,2,3,20,0.1859,22.8682035,16.4832689,11.8872,36.40233333,-75.80166667,17.39,30.34,7.14,17.87
NM20090901113,2009,FALL,0.326,1,3,16,0.020375,22.71442138,15.13601557,7.62,36.44116667,-75.82333333,17.47,30.57,7.23,18
NM20090901114,2009,FALL,0,0,4,15,0,31.66448945,15.13614193,13.716,35.9605,-75.60283333,17.77,30.4,7.35,17.69
NM20090901115,2009,FALL,0.553,2,4,10,0.0553,34.53453406,16.87135758,18.288,36.197,-75.703,17.62,31.13,7.17,17.61
NM20090901116,2009,FALL,0.3818,5,3,23,0.0166,20.26825696,16.54675143,16.1544,36.27533333,-75.7495,17.36,30.32,6.92,17.3
NM20090901117,2009,FALL,3.8304,4,6,26,0.147323077,27.22137547,17.13141678,18.288,36.44733333,-75.76816667,17.61,31.04,6.93,18.19
NM20090901118,2009,FALL,0.3735,2,4,23,0.01623913,25.41431292,16.29922397,12.4968,36.347,-75.79,17.54,30.15,7.23,17.91
NM20090901119,2009,FALL,6.0342,4,3,8,0.754275,19.8778682,12.31390014,11.5824,35.19366667,-75.44783333,22.56,33.21,6.6,22.31
NM20090901120,2009,FALL,0.0149,1,4,14,0.001064286,27.89925529,19.98082212,13.1064,35.822,-75.52266667,17.92,30.78,7.33,17.96
NM20090901121,2009,FALL,1.8319,3,3,11,0.166536364,33.8012795,12.29340271,18.5928,35.172,-75.3835,22.13,32.52,6.73,21.66
NM20090901122,2009,FALL,0,0,5,22,0,31.70623273,20.75118876,18.288,35.7775,-75.42833333,18.23,31.2,6.74,18.44
NM20090901123,2009,FALL,15.1987,2,5,23,0.660813043,25.42130179,12.97977068,12.4968,35.3195,-75.464,22.25,33.18,6.46,22.22
NM20090901124,2009,FALL,0,0,4,14,0,30.82625358,19.22997464,18.5928,35.778,-75.47583333,18.08,31.02,6.94,17.94
NM20090901125,2009,FALL,20.9137,9,5,34,0.615108824,31.09586556,8.659809345,32.6136,41.15383333,-71.7035,17.28,31.47,8.16,19.95
NM20090901126,2009,FALL,0.2612,4,3,10,0.02612,21.207319,9.183106973,18.288,41.1155,-72.01966667,19.17,30,7.03,19.01
NM20090901127,2009,FALL,10.9193,6,4,18,0.606627778,24.8195289,8.859817489,18.288,41.10533333,-71.97266667,19.5,29.88,7.07,19.31
NM20090901128,2009,FALL,5.9798,11,5,28,0.213564286,25.64011334,9.984762847,28.956,41.19566667,-71.61033333,,,,
NM20090901129,2009,FALL,4.9597,9,5,22,0.225440909,26.50032718,14.37063032,34.7472,41.28633333,-71.6715,17.82,31.43,7.44,18.14
NM20090901130,2009,FALL,9.5635,11,4,22,0.434704545,25.31345936,11.42168813,32.6136,41.17966667,-71.7665,18.2,29.92,7.92,20.3
NM20090901131,2009,FALL,27.454,11,7,24,1.143916667,32.17199885,11.1750176,29.5656,41.16183333,-71.773,18.27,31.01,7.96,20.45
NM20090901132,2009,FALL,10.3746,7,5,29,0.357744828,27.00121538,13.14553636,47.5488,41.17683333,-71.86116667,18.57,30.78,6.73,19.03
NM20090901133,2009,FALL,3.4288,8,5,27,0.126992593,29.62439387,13.41076543,42.3672,41.24916667,-71.89816667,18.18,31.21,6.77,18.62
NM20090901134,2009,FALL,1.1337,7,4,22,0.051531818,25.84870518,10.19287749,35.052,41.25566667,-71.854,18.25,31.09,6.81,18.65
NM20090901135,2009,FALL,6.9255,12,7,35,0.197871429,23.75197686,21.87613454,26.2128,41.3325,-71.03633333,17.46,31.36,6.54,17.79
NM20090901136,2009,FALL,6.4455,12,5,25,0.25782,25.43899888,9.062945733,20.7264,41.39116667,-71.13983333,17.12,31.42,7.36,17.35
NM20090901137,2009,FALL,8.2879,12,6,30,0.276263333,25.0297178,11.63365849,22.86,41.4355,-71.3925,17.55,31.32,5.02,18.14
NM20090901138,2009,FALL,2.6934,7,6,27,0.099755556,27.96730409,9.97266618,25.2984,41.1685,-71.4935,17.49,31.77,7.26,18.53
NM20090901139,2009,FALL,2.0996,6,4,39,0.053835897,24.18485267,13.81131675,30.48,41.28916667,-71.50016667,17,31.6,5.67,18.47
NM20090901140,2009,FALL,5.5056,8,5,25,0.220224,28.65253504,26.4488219,33.528,41.18716667,-71.5255,17.54,31.75,6.86,17.96
NM20090901141,2009,FALL,4.7095,14,6,46,0.102380435,25.25724861,13.22547803,27.432,41.32616667,-70.97716667,16.58,31.93,5.25,16.51
NM20090901142,2009,FALL,3.9082,8,5,33,0.118430303,24.19037212,14.05512958,38.1,41.28283333,-71.06216667,15.94,31.96,4.96,17.35
NM20090901143,2009,FALL,2.4021,7,4,28,0.085789286,24.00231986,10.46226947,24.0792,41.37766667,-71.15016667,,,,
NM20090901144,2009,FALL,10.3829,13,7,27,0.384551852,33.79678093,12.53238032,33.528,41.23383333,-71.46466667,17.33,31.78,7.63,17.54
NM20090901145,2009,FALL,4.6819,8,5,25,0.187276,27.72133696,9.795725756,33.8328,41.24116667,-71.451,,,,
NM20090901146,2009,FALL,7.5376,13,5,30,0.251253333,28.8155402,9.287701657,35.6616,41.22666667,-71.39533333,,,,
NM20090901147,2009,FALL,12.1109,17,7,38,0.318707895,32.39142711,9.696103826,41.148,41.14383333,-71.40816667,,,,
NM20090901148,2009,FALL,5.0025,8,4,20,0.250125,35.68093645,7.420196272,26.2128,41.13033333,-71.53183333,,,,
NM20090901149,2009,FALL,12.4546,11,5,37,0.336610811,24.98213341,16.55660618,41.7576,41.2825,-71.51833333,17.4,31.67,7.09,18.29
NM20090901150,2009,FALL,11.7453,8,6,39,0.301161538,32.07268958,12.82089166,35.052,41.2485,-71.55883333,17.55,31.67,6.51,18.07
NM20090901151,2009,FALL,0.165,3,5,18,0.009166667,34.88907389,39.02308052,15.24,40.99716667,-71.9525,17.6,30.83,6.75,18.5
NM20090901152,2009,FALL,3.9627,6,5,20,0.198135,26.5358158,24.2085442,7.62,40.88716667,-72.31816667,17.52,31.56,7.31,17.28
NM20090901153,2009,FALL,1.732,5,6,18,0.096222222,20.11588489,25.70305953,7.62,40.6585,-73.0535,18.4,32.37,5.42,18.25
NM20090901154,2009,FALL,40.2866,4,4,17,2.3698,32.45008524,24.75824664,9.4488,40.55716667,-73.61833333,16.3,31.81,6.57,16.74
NM20090901155,2009,FALL,14.9021,5,5,22,0.677368182,27.41740356,43.3106607,7.0104,40.56916667,-73.6835,15.44,32.39,5.41,16.14
NM20090901156,2009,FALL,7.965,8,7,21,0.379285714,30.21035715,17.36142256,13.1064,39.9025,-74.05033333,18.43,31.65,6.35,18.55
NM20090901157,2009,FALL,11.6006,7,6,28,0.414307143,32.04917083,25.71935969,6.096,38.96533333,-74.803,18.84,30.77,7.16,18.79
NM20090901158,2009,FALL,8.3317,6,5,20,0.416585,30.27952226,16.22300797,10.668,38.40666667,-75.04066667,18.4,30.9,6.36,17.54
NM20090901159,2009,FALL,0.1117,2,4,25,0.004468,30.05485551,14.91957694,11.5824,36.302,-75.77883333,17.41,29.97,7.26,17.56
NM20090901160,2009,FALL,5.8821,2,5,24,0.2450875,22.1476061,13.48825712,10.9728,35.3175,-75.47966667,22.32,32.73,6.65,21.32
NM20100401001,2010,SPRING,2.7107,8,5,28,0.096810714,29.10929357,34.52304161,12.4968,41.031,-71.897,9.32,30.83,8.02,10.47
NM20100401002,2010,SPRING,5.851,14,6,30,0.195033333,26.71157,22.87670642,16.764,40.99300003,-71.98166669,9.38,30.28,7.79,9.42
NM20100401003,2010,SPRING,3.9962,12,5,37,0.108005405,29.31871514,40.46273038,10.3632,40.9515,-72.1472,8.85,31.38,8.15,9.88
NM20100401004,2010,SPRING,2.2425,14,5,29,0.077327586,32.21478276,37.76251139,10.0584,40.86169999,-72.37646666,8.39,31.83,8.17,10.73
NM20100401005,2010,SPRING,4.874,6,5,25,0.19496,27.8507512,33.6798727,8.8392,40.89599997,-72.29183334,7.95,31.82,7.66,9.32
NM20100401006,2010,SPRING,6.376,11,5,25,0.25504,29.4124632,43.63397263,16.764,40.91583335,-72.1825,8.02,31.79,7.92,9.32
NM20100401007,2010,SPRING,8.0842,12,4,20,0.40421,32.497683,42.86311565,21.336,40.83233331,-72.39266666,8.56,31.73,8.28,11.92
NM20100401008,2010,SPRING,13.2398,8,4,18,0.735544444,35.57878556,41.88945613,8.2296,40.65583331,-73.06865,6.23,31.82,7.76,10.14
NM20100401009,2010,SPRING,20.0555,16,5,27,0.742796296,34.4502837,45.73065882,8.5344,40.69050001,-72.95550003,6.5,31.95,7.32,8.54
NM20100401010,2010,SPRING,17.1112,13,6,19,0.900589474,32.10819263,26.92022364,21.0312,40.73063335,-72.76069997,6.74,31.74,8.27,8.89
NM20100401011,2010,SPRING,6.4325,7,6,29,0.221810345,29.00518552,13.84570916,17.6784,40.75416667,-72.69866664,7.98,31.84,8.14,8.77
NM20100401012,2010,SPRING,12.1955,19,7,32,0.381109375,31.38176372,36.31867768,19.812,40.65233332,-72.98199997,7.47,31.95,8.55,8.67
NM20100401013,2010,SPRING,44.3917,16,4,21,2.113890476,30.61987714,40.21698768,10.0584,40.58589999,-73.46883332,6.79,31.39,8.13,10.12
NM20100401014,2010,SPRING,17.343,21,4,18,0.9635,27.69779,41.20083887,9.7536,40.56879997,-73.52193333,6.46,31.3,7.55,11.46
NM20100401015,2010,SPRING,47.2553,13,3,21,2.250252381,33.95750381,38.81729187,12.192,40.56149998,-73.42833335,5.78,31.86,8.1,7.95
NM20100401016,2010,SPRING,42.852,10,4,18,2.380666667,33.70806111,37.50900966,13.716,40.54399999,-73.45266666,,,,
NM20100401017,2010,SPRING,7.7856,10,4,12,0.6488,36.06505167,40.0893739,17.3736,40.52025,-73.64223334,5.47,31.66,8.12,12.57
NM20100401018,2010,SPRING,5.9338,6,3,9,0.659311111,46.36481556,45.75153641,9.7536,40.5404,-73.87671668,6.08,31.34,8.2,12.24
NM20100401019,2010,SPRING,18.4429,19,6,24,0.768454167,34.84039583,36.81258049,9.4488,40.38168332,-73.95655003,6.25,31.49,8.57,11.93
NM20100401020,2010,SPRING,38.5614,10,4,21,1.836257143,34.56020095,35.90274666,17.6784,40.38390001,-73.91213334,4.92,31.95,7.81,11.9
NM20100401021,2010,SPRING,27.0604,15,3,18,1.503355556,37.20846556,40.14084639,18.288,40.50541668,-73.83528334,5.57,31.55,7.79,10.78
NM20100401022,2010,SPRING,53.3353,15,4,26,2.051357692,29.15779538,36.94186278,19.5072,40.52128334,-73.77906666,5.21,31.64,7.94,12.24
NM20100401023,2010,SPRING,6.968,6,2,4,1.742,50.35445,43.81553782,10.668,39.71166668,-74.09523334,9.66,30.29,7.77,11.31
NM20100401024,2010,SPRING,74.8897,17,5,20,3.744485,38.31529861,36.46503786,11.2776,39.74494998,-74.0813,9.75,30.08,7.6,12.12
NM20100401025,2010,SPRING,15.938,5,5,12,1.328166667,44.00029801,43.87174096,14.6304,39.78516668,-74.03833333,6.91,31.32,7.41,11.16
NM20100401026,2010,SPRING,39.4171,16,6,23,1.713786957,36.77172356,41.76386308,14.0208,39.65293331,-74.08243333,9.94,30.06,7.87,11.55
NM20100401027,2010,SPRING,9.2213,9,5,15,0.614753333,42.49987992,46.36200529,15.5448,39.69123332,-74.0819,8.94,30.71,8.21,11.6
NM20100401028,2010,SPRING,50.6695,10,5,10,5.06695,52.21125073,46.03376294,9.4488,39.40273333,-74.30718333,,,,
NM20100401029,2010,SPRING,58.7799,12,4,9,6.5311,50.89491407,48.06947411,8.5344,39.40728334,-74.29425001,10.66,29.9,7.67,12.86
NM20100401030,2010,SPRING,8.5645,9,7,14,0.61175,37.5758087,42.65079904,9.144,39.31928333,-74.37805001,10.11,30.26,8.06,12.5
NM20100401031,2010,SPRING,6.349,7,2,6,1.058166667,50.72649,44.64987744,11.8872,39.30713332,-74.41176666,10.45,30.15,7.71,12.5
NM20100401032,2010,SPRING,14.936,7,3,7,2.133714286,46.73407714,45.07964626,16.4592,39.62450002,-74.06305,6.73,31.4,7.53,11.63
NM20100401033,2010,SPRING,9.988,11,4,12,0.832333333,41.03435626,43.05217418,11.2776,39.3699,-74.2938,9.87,30.37,7.76,12.35
NM20100401034,2010,SPRING,39.7454,5,6,17,2.337964706,42.86872685,39.10148991,12.4968,39.29391667,-74.45723333,9.67,30.63,7.51,12.03
NM20100401035,2010,SPRING,6.864,6,3,9,0.762666667,67.41782428,54.90348594,17.0688,39.19578333,-74.55506668,9.19,30.92,7.99,12.41
NM20100401036,2010,SPRING,40.852,9,5,11,3.713818182,49.83735344,46.17813607,16.4592,39.57126668,-74.11436667,8.86,30.96,7.79,11.89
NM20100401037,2010,SPRING,46.8242,14,4,13,3.601861538,42.57721077,42.91657806,16.1544,39.59451669,-74.0922,7.85,31.1,8.13,11.95
NM20100401038,2010,SPRING,11.6485,11,2,6,1.941416667,52.58669,58.5850571,10.9728,38.95429999,-74.65425002,10.95,30.42,7.8,12.58
NM20100401039,2010,SPRING,27.244,12,5,16,1.70275,49.72048615,64.37135219,7.62,39.04266667,-74.68483334,11.09,31.46,7.9,11.78
NM20100401040,2010,SPRING,29.221,7,6,18,1.623388889,40.6450628,42.22473879,18.8976,39.17199999,-74.50266666,8.42,31.82,7.8,10.67
NM20100401041,2010,SPRING,20.643,7,5,13,1.587923077,49.92403792,48.01763535,15.24,39.14766666,-74.53083334,9.12,31.68,8,10.44
NM20100401042,2010,SPRING,39.871,11,6,13,3.067,52.25323673,61.30342303,10.668,39.042,-74.56466668,8.56,31.85,8.13,11.01
NM20100401043,2010,SPRING,351.59,7,6,13,27.04538462,42.20966919,46.30053099,17.6784,39.1208,-74.5875,8.97,31.74,8.07,11.14
NM20100401044,2010,SPRING,15.1331,6,4,14,1.080935714,45.98037743,39.10157257,13.716,38.96850001,-74.61783333,11.03,30.3,7.76,12.58
NM20100401045,2010,SPRING,17.021,2,4,10,1.7021,60.7894463,64.86687399,12.192,38.98966668,-74.69050001,10.79,30.48,7.77,12.42
NM20100401046,2010,SPRING,22.2202,9,3,9,2.468911111,67.7485265,61.7971725,10.0584,38.95199998,-74.74350001,10.71,30.57,7.77,13.14
NM20100401047,2010,SPRING,0.41,3,6,19,0.021578947,48.73040955,53.36308364,10.668,38.91295001,-74.89521669,11.48,30.05,7.65,12.51
NM20100401048,2010,SPRING,6.19,5,6,13,0.476153846,59.678089,66.21643932,8.2296,38.84333331,-74.95866667,11.52,30.17,7.56,11.71
NM20100401049,2010,SPRING,27.397,8,5,11,2.490636364,61.40030142,65.25171612,9.7536,38.8515,-74.99983336,11.66,29.98,7.63,11.71
NM20100401050,2010,SPRING,42.182,8,6,22,1.917363636,43.76951507,38.82716187,10.668,38.87000001,-75.04333333,11.44,29.98,7.38,12.23
NM20100401051,2010,SPRING,37.161,11,4,8,4.645125,53.70656883,52.0645308,15.24,38.69366665,-74.79633331,10.71,31.49,7.84,11.64
NM20100401052,2010,SPRING,71.5457,9,5,12,5.962141667,47.35544994,46.9375308,16.4592,38.73166669,-74.7985,10.81,31.26,7.77,11.04
NM20100401053,2010,SPRING,24.764,9,3,9,2.751555556,67.43445639,59.11570573,16.764,38.80583331,-74.80473334,10.6,30.73,7.74,11.08
NM20100401054,2010,SPRING,29.993,7,6,15,1.999533333,50.47386049,48.33954039,14.6304,38.51094999,-74.91560001,10.97,30.82,7.55,11.11
NM20100401055,2010,SPRING,100.972,10,5,15,6.731466667,48.3178428,44.45122029,16.4592,38.57066669,-74.93199997,10.95,30.82,7.71,11.18
NM20100401056,2010,SPRING,2.2976,5,6,13,0.176738462,40.74940095,37.00856899,14.6304,38.65233332,-74.95021667,11.05,30.79,7.58,11.56
NM20100401057,2010,SPRING,2.833,6,4,16,0.1770625,20.51061938,28.0191631,10.668,38.81366666,-74.99350001,10.77,31.23,7.38,11.99
NM20100401058,2010,SPRING,3.762,5,6,20,0.1881,39.84280139,32.7270649,12.8016,38.83283335,-75.0485,11.38,30.11,7.4,12.23
NM20100401059,2010,SPRING,104.619,13,4,10,10.4619,63.41421059,79.01592664,21.9456,38.57049999,-74.86383336,10.6,31.36,7.62,10.84
NM20100401060,2010,SPRING,3.4001,8,7,20,0.170005,41.9446764,27.4489002,21.6408,38.69740003,-74.87206669,10.54,31.43,7.58,11.53
NM20100401061,2010,SPRING,51.435,8,5,14,3.673928571,46.30321721,43.45843196,23.1648,38.57983335,-74.87900003,10.64,31.33,7.59,11.26
NM20100401062,2010,SPRING,14.348,11,5,19,0.755157895,34.00003211,27.1109294,22.5552,38.75516669,-74.99566669,11.63,29.7,7.16,11.75
NM20100401063,2010,SPRING,97.8454,13,6,10,9.78454,51.06490242,44.14575185,18.288,38.65415001,-74.75281665,10.77,31.47,7.76,11.49
NM20100401064,2010,SPRING,9.587,7,5,14,0.684785714,34.12959286,18.82666956,11.2776,38.34635,-75.06545,11.2,29.74,7.18,12.05
NM20100401065,2010,SPRING,38.523,10,7,18,2.140166667,41.67208023,41.67451757,12.192,38.07728333,-75.15698333,10.61,30.05,7.25,11.69
NM20100401066,2010,SPRING,20.848,7,7,21,0.992761905,39.66743957,57.8945422,14.9352,38.4463,-74.89573332,10.73,31.16,7.67,10.84
NM20100401067,2010,SPRING,25.0681,10,6,18,1.392672222,40.48783011,28.25939422,17.0688,38.37835,-74.91421668,10.53,31.16,7.55,10.91
NM20100401068,2010,SPRING,22.951,8,5,14,1.639357143,57.95505014,60.58397262,17.6784,38.39863332,-74.98174998,10.59,30.35,7.39,11.24
NM20100401069,2010,SPRING,16.958,11,7,18,0.942111111,42.13289545,43.72110473,11.2776,38.42883333,-74.98883336,10.88,30.22,7.45,11.08
NM20100401070,2010,SPRING,10.571,10,7,14,0.755071429,56.73620311,59.85789244,14.6304,38.03185,-75.03213333,10.92,30.4,7.6,10.96
NM20100401071,2010,SPRING,7.241,5,5,13,0.557,36.2153279,41.73169408,18.288,38.27828334,-75.04501667,10.8,29.99,7.24,11.78
NM20100401072,2010,SPRING,21.804,9,5,14,1.557428571,60.52080292,56.91281922,18.288,38.20566667,-75.05491667,10.96,29.9,7.32,11.58
NM20100401073,2010,SPRING,9.555,8,7,26,0.3675,37.10677071,49.60527686,18.288,38.31683334,-74.97179998,10.55,30.91,7.57,11.05
NM20100401074,2010,SPRING,5.376,4,3,14,0.384,33.22079857,28.39602822,8.8392,37.87816664,-75.33403333,12.05,29.69,7.71,12.72
NM20100401075,2010,SPRING,1.273,3,5,17,0.074882353,22.50352235,20.80458561,10.0584,37.72950001,-75.52334998,11.88,30.08,7.62,12.1
NM20100401076,2010,SPRING,2.587,1,4,10,0.2587,32.600796,27.68473169,7.3152,37.63228334,-75.58231665,13.58,30.25,7.18,13.98
NM20100401077,2010,SPRING,1.088,4,3,9,0.120888889,38.82713333,22.33520173,12.192,37.69458332,-75.54068336,12.39,30.12,6.97,13.16
NM20100401078,2010,SPRING,3.225,4,3,9,0.358333333,35.44664444,19.99717295,8.5344,37.62283332,-75.57806664,13.37,30.17,7.48,13.39
NM20100401079,2010,SPRING,14.8207,5,6,15,0.988046667,37.2573382,28.50098318,18.288,38.0021,-75.0446,10.84,30.73,7.54,10.94
NM20100401080,2010,SPRING,19.097,3,5,11,1.736090909,66.57083027,77.75313238,13.4112,37.99385001,-75.09311666,11.21,30.44,7.7,11.23
NM20100401081,2010,SPRING,5.1976,7,6,22,0.236254545,43.38459888,30.93598078,17.6784,38.00418333,-75.12296666,11.01,30.5,7.48,11.11
NM20100401082,2010,SPRING,13.447,5,5,17,0.791,46.42913355,57.00576784,17.6784,37.91574999,-75.14803333,10.51,31.16,7.47,11.69
NM20100401083,2010,SPRING,24.891,7,7,23,1.082217391,40.35505835,32.90691401,18.288,37.95318336,-75.18171666,11.13,30.24,7.41,11.97
NM20100401084,2010,SPRING,1.663,3,6,16,0.1039375,33.12131785,32.47070468,17.0688,37.8603,-75.26894999,10.4,30.95,7.69,12.27
NM20100401085,2010,SPRING,3.691,4,5,17,0.217117647,29.45672067,38.44380937,14.0208,37.77165,-75.41705001,11.75,29.97,7.67,12.27
NM20100401086,2010,SPRING,109.589,11,7,20,5.47945,45.38507897,49.95184628,14.6304,37.59493332,-75.46821667,10.72,31.16,6.72,12.99
NM20100401087,2010,SPRING,0.467,1,3,13,0.035923077,25.47425769,35.28926579,9.4488,37.50271667,-75.59896666,12.84,30.33,7.65,12.88
NM20100401088,2010,SPRING,1.777,3,4,17,0.104529412,30.50852901,35.02355591,8.8392,37.54141668,-75.58573335,13.05,30.32,7.66,13.08
NM20100401089,2010,SPRING,0,0,3,9,0,37.03933778,38.15483958,8.2296,37.4974,-75.60791664,14.3,30.76,7.31,13.95
NM20100401090,2010,SPRING,2.112,3,3,16,0.132,28.23132563,31.09114326,7.9248,37.42801666,-75.6287,14.09,31.2,7.14,14.55
NM20100401091,2010,SPRING,0.319,3,2,13,0.024538462,29.31823923,52.68896947,7.62,37.25685,-75.72813333,13.7,31.53,7.47,14.08
NM20100401092,2010,SPRING,35.708,7,6,15,2.380533333,41.40435444,33.04176152,16.4592,37.52405001,-75.54881668,11.63,30.68,7.32,12.76
NM20100401093,2010,SPRING,37.685,10,7,18,2.093611111,46.16318989,50.52162015,15.24,37.38431667,-75.55579999,10.97,31.47,7.21,13.09
NM20100401094,2010,SPRING,96.228,5,4,9,10.692,56.08381667,58.82459939,14.0208,37.32966668,-75.62168331,12.16,31.25,7.36,13.92
NM20100401095,2010,SPRING,52.694,2,3,12,4.391166667,42.34373833,41.34310573,12.4968,37.22788334,-75.65566667,11.48,31.61,7.53,12.85
NM20100401096,2010,SPRING,10.11,3,2,6,1.685,77.42192758,71.00720003,9.4488,37.05236667,-75.82008336,13.11,31.11,7.53,13.17
NM20100401097,2010,SPRING,0.131,1,3,7,0.018714286,46.41214286,62.02213381,7.62,37.11878333,-75.81149998,13.44,31.68,7.42,13.45
NM20100401098,2010,SPRING,6.605,1,5,13,0.508076923,40.78146137,56.74769522,11.2776,36.90326665,-75.84749997,9.81,31.13,7.8,14.09
NM20100401099,2010,SPRING,0,0,4,13,0,43.08359499,62.46615605,10.0584,36.7943833,-75.91333332,10.81,30.46,7.18,14.41
NM20100401100,2010,SPRING,13.772,6,6,11,1.252,57.65390186,65.64980167,10.668,36.82670002,-75.91986669,10.22,30.25,7.3,14.17
NM20100401101,2010,SPRING,2.788,1,3,9,0.309777778,40.71416691,64.4660236,8.2296,36.97983335,-75.93583336,11.78,30.19,8.07,12.91
NM20100401102,2010,SPRING,31.439,3,4,10,3.1439,68.40386205,68.57396254,15.24,37.17061667,-75.64813334,11.11,31.77,7.5,13.22
NM20100401103,2010,SPRING,0.329,2,6,18,0.018277778,39.43426899,47.01439484,14.6304,37.15253334,-75.69354998,11.93,31.61,7.66,13.06
NM20100401104,2010,SPRING,0.519,3,2,8,0.064875,29.76622875,43.90563631,18.5928,36.64870001,-75.69643332,8.56,31.91,7.7,13.75
NM20100401105,2010,SPRING,19.563,5,8,23,0.850565217,38.63330376,44.11868017,18.288,36.55544999,-75.77064997,8.62,31.72,7.2,14.27
NM20100401106,2010,SPRING,10.359,4,4,7,1.479857143,65.23130262,65.10967167,12.8016,36.94280001,-75.79131667,9.61,31.41,7.74,13.95
NM20100401107,2010,SPRING,3.129,4,4,10,0.3129,48.42954744,60.48753496,17.9832,36.70205002,-75.80206668,8.78,31.59,7.63,13.58
NM20100401108,2010,SPRING,9.191,3,4,9,1.021222222,64.23270377,64.24078231,14.6304,36.62981669,-75.83318335,9.79,31.26,7.94,14.49
NM20100401109,2010,SPRING,0.326,2,8,21,0.01552381,31.76445244,54.93907032,15.24,36.69988333,-75.84794998,9.05,31.5,7.91,14.12
NM20100401110,2010,SPRING,0,0,4,12,0,47.98457012,59.53945132,12.192,36.74864998,-75.86856664,9.22,31.37,7.73,14.41
NM20100401111,2010,SPRING,0.281,1,5,15,0.018733333,42.03434852,51.07979973,12.192,36.77810001,-75.89778334,9.79,31.09,7.16,14.16
NM20100401112,2010,SPRING,5.865,3,4,19,0.308684211,28.94583919,16.73156393,9.144,36.06181667,-75.67848333,9.98,31.44,6.9,12.47
NM20100401113,2010,SPRING,0.204,1,5,22,0.009272727,31.30926098,25.78773381,12.192,36.47781668,-75.83118331,10.62,30.93,6.9,15
NM20100401114,2010,SPRING,0,0,3,7,0,46.71405909,64.08723217,18.288,35.93235003,-75.52309999,9.27,32.03,7.43,13.55
NM20100401115,2010,SPRING,2.503,4,5,21,0.119190476,25.46374906,19.64713058,18.288,35.8774833,-75.55183334,,,,
NM20100401116,2010,SPRING,1.116,4,4,16,0.06975,40.57359512,28.88122144,14.0208,36.16900001,-75.71851667,9.89,31.55,7.53,13
NM20100401117,2010,SPRING,0.855,1,6,14,0.061071429,40.85069618,61.46727028,16.4592,36.40473334,-75.79663334,10.32,31.41,7.4,14.79
NM20100401118,2010,SPRING,18.915,4,8,21,0.900714286,35.99098783,46.98591415,17.6784,36.44311666,-75.79520003,9.97,31.59,7.38,14.74
NM20100401119,2010,SPRING,0.667,2,3,16,0.0416875,24.55313938,15.08960279,11.2776,35.24566666,-75.50023333,,,,
NM20100401120,2010,SPRING,0,0,4,19,0,21.61022684,33.20728059,12.192,35.22666667,-75.47423334,,,,
NM20100401121,2010,SPRING,7.156,2,2,5,1.4312,73.15071165,70.26317451,18.288,35.19905,-75.41961667,,,,
NM20100401122,2010,SPRING,2.455,1,4,7,0.350714286,51.6296412,55.51634115,15.8496,35.46971668,-75.44514999,12.6,29.84,7.39,14.28
NM20100401123,2010,SPRING,4.787,3,4,19,0.251947368,29.41393446,18.58234086,18.288,35.74983336,-75.47016665,11.56,30.94,8.02,14.6
NM20100401124,2010,SPRING,8.809,2,4,8,1.101125,60.97937368,65.5723583,17.0688,35.81933333,-75.50568333,,,,
NM20100401125,2010,SPRING,14.6797,12,4,24,0.611654167,24.46985292,24.32145324,32.9184,41.20658334,-71.84513334,7.38,31.99,6.84,11.3
NM20100401126,2010,SPRING,32.2068,14,6,35,0.920194286,25.00156472,21.20216958,30.7848,41.29364999,-71.84074999,8.64,31.72,7.36,9.67
NM20100401127,2010,SPRING,7.1113,8,6,30,0.237043333,23.733356,35.01460487,18.288,41.09083333,-71.98483334,9.96,29.28,7.45,10.28
NM20100401128,2010,SPRING,61.6039,11,5,40,1.5400975,25.6781405,23.76428096,33.8328,41.23536666,-71.64596666,,,,
NM20100401129,2010,SPRING,16.0668,11,5,34,0.472552941,25.60098382,22.29212435,32.3088,41.21108333,-71.65485001,,,,
NM20100401130,2010,SPRING,31.5238,10,7,46,0.6853,26.79955994,13.58365955,34.7472,41.29013335,-71.66211669,,,,
NM20100401131,2010,SPRING,4.8733,9,4,20,0.243665,23.3766195,22.85024584,33.2232,41.17895001,-71.85993334,,,,
NM20100401132,2010,SPRING,3.5511,11,3,13,0.273161538,21.71357462,16.45444447,43.2816,41.22261667,-71.91315002,8.17,31.79,6.88,9.59
NM20100401133,2010,SPRING,21.5631,13,6,32,0.673846875,28.47026188,37.22014232,26.8224,41.16424999,-71.75750001,8.03,31.3,7.14,10.09
NM20100401134,2010,SPRING,7.0273,10,4,27,0.26027037,24.95424556,26.35293604,39.624,41.23831666,-71.94775003,8.42,31.8,7.05,9.64
NM20100401135,2010,SPRING,47.3007,22,6,47,1.006397872,28.45060894,20.4576538,22.86,41.37700001,-71.11833333,8.95,31.78,7.69,11.3
NM20100401136,2010,SPRING,20.3783,25,6,46,0.443006522,27.78510565,20.1392746,21.9456,41.38766667,-71.05343333,9.7,31.7,7.59,11.64
NM20100401137,2010,SPRING,34.6635,22,7,41,0.84545122,28.67104537,22.96696477,22.86,41.34209998,-71.03235,7.2,32.28,6.78,11.06
NM20100401138,2010,SPRING,34.0245,15,6,35,0.972128571,26.54098686,18.40786099,26.8224,41.31481667,-71.521,7.36,32.1,6.89,10.43
NM20100401139,2010,SPRING,14.8418,16,5,39,0.380558974,26.49900897,31.25977329,29.2608,41.17666667,-71.49350001,6.64,32.42,7.08,9.95
NM20100401140,2010,SPRING,24.1356,20,7,45,0.536346667,32.33430711,15.22693486,20.4216,41.1045,-71.59666665,6.8,32.35,7.61,9.84
NM20100401141,2010,SPRING,21.391,19,7,36,0.594194444,26.22213528,26.71985643,33.8328,41.29066668,-70.97433332,7.56,32.11,7.5,11.03
NM20100401142,2010,SPRING,24.4421,18,6,45,0.543157778,28.67314156,23.92075778,32.3088,41.314,-71.02333333,7.52,32.1,7.68,10.98
NM20100401143,2010,SPRING,11.9654,23,7,36,0.332372222,29.359495,26.7279665,35.6616,41.23733333,-71.2305,6.94,32.31,7.07,11.65
NM20100401144,2010,SPRING,27.9501,13,6,20,1.397505,30.130379,29.07739421,27.432,41.36833334,-71.24983333,7.17,32.34,7.27,10.54
NM20100401145,2010,SPRING,31.8637,17,6,41,0.777163415,27.00730244,20.30222409,33.8328,41.31163333,-71.54204998,8.85,31.9,7.39,9.81
NM20100401146,2010,SPRING,127.1993,18,6,43,2.958123256,30.47263767,33.27219164,30.48,41.34093332,-71.40961666,6.87,32.45,7.12,10.4
NM20100401147,2010,SPRING,28.755,15,5,32,0.89859375,28.13991688,37.22335651,36.576,41.21576667,-71.51081667,6.78,32.38,6.89,10.05
NM20100401148,2010,SPRING,11.1806,19,6,42,0.266204762,27.53190048,28.61609043,26.2128,41.13683333,-71.49216668,6.71,32.37,7.29,10.56
NM20100401149,2010,SPRING,14.4796,19,5,31,0.467083871,31.27346258,38.95192764,29.2608,41.14833333,-71.521,7.93,31.9,7.47,10.22
NM20100401150,2010,SPRING,3.4641,7,3,17,0.203770588,37.72517529,39.40575097,25.908,41.23553333,-71.55205002,6.86,32.32,6.88,10.02
NM20100901001,2010,FALL,37.9171,13,7,29,1.307486207,37.95631166,43.97284695,15.5448,41.007,-71.925,18.11,32.54,,19.25
NM20100901002,2010,FALL,2.4437,7,5,21,0.116366667,34.19570905,57.11306206,19.5072,41.0496,-71.85958335,18.8,32.3,,19.46
NM20100901003,2010,FALL,0.451,6,7,19,0.023736842,31.92169,43.65356086,10.3632,40.96404998,-72.11125,17.44,32.43,8.45,17.64
NM20100901004,2010,FALL,9.131,9,8,24,0.380458333,33.56873828,43.15847647,10.668,40.88868332,-72.30558332,17.56,32.34,8.25,17.86
NM20100901005,2010,FALL,3.609,12,5,28,0.128892857,27.3724725,40.0436762,19.812,40.95413335,-72.04975,16.64,32.76,,19.63
NM20100901006,2010,FALL,32.176,13,4,25,1.28704,28.7940664,33.54645218,20.1168,40.96883335,-72.00905,14.52,32.91,,19.6
NM20100901007,2010,FALL,0.891,8,6,16,0.0556875,34.677395,49.3176002,13.1064,40.9431167,-72.12276667,17.65,32.61,8.39,17.6
NM20100901008,2010,FALL,38.437,7,6,20,1.92185,30.03339311,39.57723037,7.62,40.64280001,-73.11828334,18.39,32.61,8.64,18.41
NM20100901009,2010,FALL,37.724,5,6,24,1.571833333,36.71200734,39.02058481,12.192,40.62929999,-73.1439,18.16,32.49,8.53,18.36
NM20100901010,2010,FALL,5.69,8,6,30,0.189666667,28.61519592,24.28654896,13.4112,40.69776669,-72.92565002,18.27,32.61,7.97,18.28
NM20100901011,2010,FALL,2.14,4,4,16,0.13375,34.48330313,34.85308749,15.8496,40.63155003,-73.07851667,18.55,32.65,8.53,18.56
NM20100901012,2010,FALL,11.763,12,6,29,0.40562069,24.49649207,31.62262562,26.2128,40.77600002,-72.52510001,17.44,33.08,7.93,17.88
NM20100901013,2010,FALL,0.275,2,4,12,0.022916667,35.42648689,38.41755937,10.9728,40.61036669,-73.27213332,18.2,32.51,8.58,18.26
NM20100901014,2010,FALL,4.588,5,6,19,0.241473684,33.63916042,29.36571044,9.4488,40.58953336,-73.44729999,17.89,32.31,7.86,17.9
NM20100901015,2010,FALL,26.306,10,7,29,0.907103448,32.25338032,25.72349955,18.288,40.50406666,-73.50230001,,,,
NM20100901016,2010,FALL,14.244,8,7,23,0.619304348,23.9026326,15.6670373,15.8496,40.54753335,-73.46881666,18.35,32.31,7.73,18.37
NM20100901017,2010,FALL,0.482,2,2,4,0.1205,37.9352375,37.07878499,13.716,40.55670001,-73.46776667,18.4,32.37,7.9,18.36
NM20100901018,2010,FALL,4.517,5,5,18,0.250944444,36.72757982,43.38245786,9.4488,40.52835,-73.86396669,18.29,32.42,6.28,18.7
NM20100901019,2010,FALL,29.057,9,8,18,1.614277778,43.0079439,24.89936656,10.668,40.39388332,-73.95303332,18.93,32.33,7.9,18.54
NM20100901020,2010,FALL,5.513,7,6,16,0.3445625,38.7262377,44.20481901,10.0584,40.54399999,-73.80763334,17.25,32.74,6.49,18.87
NM20100901021,2010,FALL,9.6144,8,7,26,0.369784615,43.58647454,38.29225564,17.6784,40.33593334,-73.90733331,17.96,32.44,7.53,18.39
NM20100901022,2010,FALL,25.917,5,5,12,2.15975,54.28129402,61.13606148,10.9728,40.4434,-73.93841667,18.8,31.86,7.9,18.35
NM20100901023,2010,FALL,1.838,6,5,23,0.079913043,29.30856549,23.77299463,9.144,39.70205002,-74.09653333,18.44,31.69,7.6,18.37
NM20100901024,2010,FALL,2.1835,6,5,17,0.128441176,38.64003752,23.85926751,9.7536,39.74156666,-74.08168333,18.49,31.64,8.16,18.82
NM20100901025,2010,FALL,11.4832,7,4,17,0.675482353,34.60758675,28.54948871,18.288,39.75753333,-74.00503333,18.91,32.46,7.49,18.73
NM20100901026,2010,FALL,76.204,9,6,16,4.76275,50.83125617,45.1912407,17.0688,39.86728331,-74.00476667,18.92,32.41,7,18.57
NM20100901027,2010,FALL,14.5378,9,6,17,0.855164706,40.47354072,42.71169052,11.5824,39.68196665,-74.06936667,18.77,32,7.5,18.53
NM20100901028,2010,FALL,6.6404,10,6,25,0.265616,29.37615153,17.51938779,6.096,39.202,-74.62973334,18.58,32.44,8.58,19.35
NM20100901029,2010,FALL,10.8599,9,5,23,0.472169565,27.95064717,19.41192522,9.144,39.28546667,-74.49636666,18.83,32.52,8.65,19.08
NM20100901030,2010,FALL,7.932,12,6,26,0.305076923,26.27693406,19.09938129,10.9728,39.44478334,-74.26061667,17.74,31.92,8.44,17.72
NM20100901031,2010,FALL,7.7886,10,5,23,0.338634783,29.23307995,20.95433315,7.9248,39.25571667,-74.55291665,18.77,32.51,8.73,19.56
NM20100901032,2010,FALL,1.468,3,4,13,0.112923077,37.40897569,31.4608339,13.4112,39.63456669,-74.11428333,18.59,31.83,9.1,18.59
NM20100901033,2010,FALL,10.0419,8,3,7,1.434557143,47.47736119,44.39949376,14.0208,39.59553331,-74.14573334,18.34,31.93,8.66,18.29
NM20100901034,2010,FALL,11.6422,4,5,16,0.7276375,33.41704335,37.26013759,17.0688,39.28039999,-74.27951667,18.94,32.68,8.57,19.27
NM20100901035,2010,FALL,2.225,6,3,6,0.370833333,47.50074833,44.95708707,13.1064,39.27038333,-74.41878335,18.98,32.73,8.76,19.15
NM20100901036,2010,FALL,11.225,4,3,6,1.870833333,47.16671505,43.43530124,13.4112,39.28231665,-74.40243333,18.84,32.58,8.54,19.47
NM20100901037,2010,FALL,10.7469,6,4,11,0.976990909,46.61118138,42.22702046,13.4112,39.2559,-74.49391667,18.91,32.6,8.54,19.22
NM20100901038,2010,FALL,10.175,9,5,21,0.48452381,32.65480654,19.59381162,10.9728,38.96828334,-74.79141668,18.93,32.4,9,18.97
NM20100901039,2010,FALL,3.255,11,7,33,0.098636364,27.00185795,20.78690077,7.9248,38.9421833,-74.82993336,18.72,32.47,8.77,18.7
NM20100901040,2010,FALL,3.57,8,5,24,0.14875,33.08134539,24.33042941,10.9728,38.94714998,-74.57119999,18.77,32.93,8.14,19.36
NM20100901041,2010,FALL,16.254,8,6,14,1.161,25.89149895,31.87041057,12.192,38.9559,-74.59121666,18.96,32.56,9.02,19.25
NM20100901042,2010,FALL,9.931,7,6,25,0.39724,28.70000404,14.55517649,12.4968,39.16813334,-74.62020003,18.79,32.6,8.35,18.84
NM20100901043,2010,FALL,4.482,4,4,13,0.344769231,29.33080692,19.38543796,9.7536,39.04311666,-74.65875003,18.89,32.56,8.92,19.02
NM20100901044,2010,FALL,24.743,12,6,26,0.951653846,30.43866813,18.91048249,14.0208,38.89518331,-74.70203336,18.86,32.84,8.5,19.61
NM20100901045,2010,FALL,6.235,6,5,16,0.3896875,32.9421038,40.95434087,13.716,38.90900002,-74.73851668,18.93,32.73,8.68,19.94
NM20100901046,2010,FALL,4.1415,10,5,24,0.1725625,26.758462,21.07522804,13.1064,38.94846668,-74.76474997,18.94,32.62,8.73,19.78
NM20100901047,2010,FALL,3.861,8,5,22,0.1755,33.33010031,18.65537243,9.144,38.70558332,-75.05493333,18.73,31.08,8.01,18.69
NM20100901048,2010,FALL,12.291,7,5,15,0.8194,36.38094075,51.04884237,9.7536,38.87029998,-74.81291669,18.78,32.64,9.03,18.7
NM20100901049,2010,FALL,5.325,10,5,26,0.204807692,26.24038267,16.920889,9.4488,38.84366665,-74.93816668,18.8,31.72,8.03,18.47
NM20100901050,2010,FALL,5.78,9,6,28,0.206428571,29.22675273,22.21264216,10.9728,38.57839998,-75.02746667,17.15,31.69,8.84,17.14
NM20100901051,2010,FALL,27.878,9,5,16,1.742375,31.70268455,20.59542043,17.3736,38.72258333,-74.81106669,18.83,32.68,8.64,18.85
NM20100901052,2010,FALL,10.1717,14,7,23,0.442247826,27.41912982,26.47038533,17.3736,38.74526666,-74.8100167,18.86,32.37,7.97,19.62
NM20100901053,2010,FALL,2.513,3,3,7,0.359,23.6243,12.80395581,13.716,38.68966668,-74.8284167,18.93,32.58,8.55,18.81
NM20100901054,2010,FALL,13.155,9,6,19,0.692368421,28.49726431,35.90689276,15.24,38.77169997,-74.84919999,18.91,32.43,8.51,18.26
NM20100901055,2010,FALL,12.069,8,6,20,0.60345,26.37003642,22.28763851,18.288,38.54808331,-74.92845001,17.67,32.09,8.58,17.68
NM20100901056,2010,FALL,2.149,4,6,22,0.097681818,31.46288033,19.08622769,16.764,38.78196665,-74.94233335,18.8,31.61,7.87,18.79
NM20100901057,2010,FALL,11.24,11,6,25,0.4496,27.33538302,19.22778552,16.764,38.64701665,-74.97191664,17.31,31.55,8.89,17.09
NM20100901058,2010,FALL,15.0662,10,6,26,0.579469231,29.86928492,18.22254614,17.6784,38.82061666,-74.75415001,18.81,32.9,8.09,19.57
NM20100901059,2010,FALL,18.46,9,7,23,0.802608696,27.15315201,32.39625863,19.2024,38.64108334,-74.89038334,17.94,32.66,7.95,17.56
NM20100901060,2010,FALL,8.838,14,8,40,0.22095,25.63324248,22.51763746,27.432,38.67975,-74.87746665,18.86,32.53,8.15,18.58
NM20100901061,2010,FALL,10.753,8,7,28,0.384035714,28.14577451,18.6925685,18.288,38.55408332,-74.90188332,17.81,32.3,8.2,17.61
NM20100901062,2010,FALL,5.242,9,5,17,0.308352941,29.98974999,27.40565234,20.4216,38.61988335,-74.87374999,17.94,32.88,8.17,17.91
NM20100901063,2010,FALL,8.635,11,5,18,0.479722222,32.49838591,19.33890689,24.384,38.50863333,-74.81333332,18.01,33.03,8.11,17.91
NM20100901064,2010,FALL,13.206,13,5,23,0.574173913,30.14336869,17.39901283,10.3632,38.27968334,-75.08366667,17.25,31.96,9.23,17.27
NM20100901065,2010,FALL,7.384,4,4,20,0.3692,30.33119137,20.38292439,9.144,38.24711666,-75.10376666,17.53,32.02,8.71,17.51
NM20100901066,2010,FALL,15.41,10,6,22,0.700454545,29.74460268,21.75534769,10.3632,38.42999999,-74.91346664,17.64,32.18,8.98,17.65
NM20100901067,2010,FALL,4.397,9,4,12,0.366416667,28.86263833,23.11303658,13.716,38.25450001,-74.94229997,17.76,32.36,9.06,17.76
NM20100901068,2010,FALL,6.649,4,4,10,0.6649,48.32233398,48.82228715,17.0688,38.40525001,-74.94461664,17.74,32.15,8.91,17.77
NM20100901069,2010,FALL,11.25,6,6,18,0.625,32.81818096,39.34840779,18.288,38.42000001,-74.95623334,17.74,32.2,8.79,17.78
NM20100901070,2010,FALL,0.847,2,3,9,0.094111111,27.83209333,18.13356049,15.24,38.1172,-74.98543332,17.75,32.47,8.5,17.7
NM20100901071,2010,FALL,8.495,5,4,12,0.707916667,32.29521732,18.52478545,12.4968,38.44493332,-75.01228333,17.58,32.03,9,17.58
NM20100901072,2010,FALL,6.566,7,4,12,0.547166667,30.52323209,29.37986383,13.716,38.04598333,-75.02571667,17.67,32.31,8.74,17.65
NM20100901073,2010,FALL,14.242,6,6,20,0.7121,31.94147184,23.48359733,19.2024,38.32283335,-74.95423336,17.76,32.26,8.7,17.82
NM20100901074,2010,FALL,7.945,5,5,21,0.378333333,30.54583159,20.15828366,6.4008,37.98563334,-75.24486667,17.5,32,9.08,17.5
NM20100901075,2010,FALL,5.584,2,4,16,0.349,27.9366525,15.51793106,6.096,37.69768333,-75.55516669,17.24,32.14,8.99,17.31
NM20100901076,2010,FALL,0.438,4,4,16,0.027375,23.99479438,13.59863679,6.096,37.83648332,-75.45654999,17.2,32.17,8.84,17.15
NM20100901077,2010,FALL,6.095,8,4,20,0.30475,26.83315089,22.05950012,10.9728,38.01241667,-75.12955,17.82,32.16,8.99,17.8
NM20100901078,2010,FALL,5.003,6,5,22,0.227409091,28.77067238,17.8174248,10.3632,37.88016669,-75.3084,17.45,32.02,8.97,17.4
NM20100901079,2010,FALL,1.318,5,3,9,0.146444444,26.83815475,32.40497455,10.9728,38.00841667,-75.01693333,17.67,32.37,8.79,17.65
NM20100901080,2010,FALL,23.203,9,6,20,1.16015,26.79011323,32.16472604,9.4488,37.97081668,-75.16411667,17.87,32.35,8.77,17.8
NM20100901081,2010,FALL,10.235,8,5,23,0.445,29.71557686,20.99402529,14.6304,37.89523335,-75.24568334,17.84,32.32,8.95,17.82
NM20100901082,2010,FALL,2.102,3,2,8,0.26275,29.60923875,12.55098141,19.2024,37.62319997,-75.33946667,18.07,32.63,8.74,17.97
NM20100901083,2010,FALL,0.779,5,4,21,0.037095238,31.50098849,21.15795833,11.5824,37.78066667,-75.38948332,17.51,32.17,8.77,17.52
NM20100901084,2010,FALL,3.602,7,4,20,0.1801,28.50366293,20.54997976,11.2776,37.77245,-75.40401665,17.75,32.32,8.81,17.75
NM20100901085,2010,FALL,0.497,2,2,8,0.062125,32.61458875,12.77163525,12.192,37.60444997,-75.48224999,17.85,32.5,9.08,17.88
NM20100901086,2010,FALL,7.25,4,5,18,0.402777778,21.74266091,16.25466379,11.5824,37.65345001,-75.50728334,17.86,32.43,8.35,17.88
NM20100901087,2010,FALL,1.072,2,3,13,0.082461538,26.82734692,12.84090408,4.572,37.16365,-75.80133336,17.72,32.45,9.17,17.73
NM20100901088,2010,FALL,4.531,4,4,9,0.503444444,33.58470879,10.61778336,14.3256,37.39681667,-75.5765,17.9,32.5,8.81,17.83
NM20100901089,2010,FALL,0.026,2,4,16,0.001625,20.62399625,13.35954326,5.4864,37.49989999,-75.62398332,17.46,32.34,8.81,17.82
NM20100901090,2010,FALL,2.805,5,4,23,0.121956522,28.29693799,18.96246599,9.7536,37.32529999,-75.65803331,17.38,32.4,9.27,17.41
NM20100901091,2010,FALL,0.772,5,4,18,0.042888889,23.85977278,18.30135939,8.2296,37.1798,-75.73920002,17.75,32.43,9,17.53
NM20100901092,2010,FALL,3.297,5,3,10,0.3297,25.453511,10.73767056,15.8496,37.45613333,-75.54818331,17.93,32.66,8.78,17.94
NM20100901093,2010,FALL,20.313,8,3,9,2.257,27.81143,11.68545136,13.716,37.29546668,-75.5940333,18.13,32.57,8.49,18.12
NM20100901094,2010,FALL,9.404,6,4,10,0.9404,34.01718391,10.53029365,12.8016,37.20670001,-75.62775002,18.12,32.5,8.83,17.91
NM20100901095,2010,FALL,0.622,2,6,12,0.051833333,32.98542297,14.12852661,13.1064,37.31749999,-75.63398336,17.85,32.43,8.8,17.88
NM20100901096,2010,FALL,38.11,6,3,11,3.464545455,39.21698707,14.51727467,10.668,36.99860001,-75.82743333,18.1,32.62,7.68,18.42
NM20100901097,2010,FALL,43.935,4,4,11,3.994090909,33.07572573,22.59998276,10.0584,37.0051,-75.84016666,18.22,32.49,7.24,18.41
NM20100901098,2010,FALL,1.437,1,2,13,0.110538462,26.13868231,13.46270614,6.7056,37.09733334,-75.82733332,17.95,32.39,9.23,17.89
NM20100901099,2010,FALL,21.76,1,3,5,4.352,50.71398425,50.71398425,7.3152,37.02915,-75.85481669,18.25,32.01,7.67,18.49
NM20100901100,2010,FALL,33.849,6,5,25,1.35396,26.37817627,17.06688178,10.3632,36.74815,-75.89761664,19.06,30.78,6.52,18.24
NM20100901101,2010,FALL,5.268,1,1,2,2.634,65.60809,65.60809,5.4864,37.07225,-75.85183334,18.24,31.35,8.68,18.27
NM20100901102,2010,FALL,4.799,4,3,9,0.533222222,33.72213162,12.2777648,11.5824,36.95320002,-75.69236666,18.01,33,8.21,18.27
NM20100901103,2010,FALL,3.805,4,4,15,0.253666667,29.62141807,11.22446214,17.3736,37.0031,-75.68041668,17.96,33.18,7.95,18.17
NM20100901104,2010,FALL,5.788,1,2,8,0.7235,28.79525875,10.83348922,16.1544,37.0316,-75.70016664,17.97,33.21,7.95,18.22
NM20100901105,2010,FALL,21.023,3,5,16,1.3139375,26.94255775,10.1061212,11.2776,37.17178334,-75.70883331,18.04,32.46,8.72,18.03
NM20100901106,2010,FALL,1.561,2,3,8,0.195125,50.06564741,11.92551597,14.3256,36.91083336,-75.74628334,18.04,32.99,7.89,18.21
NM20100901107,2010,FALL,0.644,2,2,8,0.0805,29.07724875,12.77423113,10.9728,37.0689,-75.72903334,17.99,32.93,7.91,18.33
NM20100901108,2010,FALL,2.957,5,4,13,0.227461538,34.4798601,16.86256073,16.4592,36.55544999,-75.77064997,19.47,32.17,7.55,19.3
NM20100901109,2010,FALL,0.936,4,2,8,0.117,25.35092875,15.0482972,16.4592,36.70108331,-75.76193333,19.01,31.58,8.01,18.51
NM20100901110,2010,FALL,1.402,5,2,8,0.17525,29.47683875,12.70876816,14.0208,36.71681665,-75.8002833,19.04,31.53,7.71,18.32
NM20100901111,2010,FALL,50.259,3,5,21,2.393285714,27.20744402,18.95327509,12.8016,36.89466667,-75.92146664,18.32,32.28,7.12,17.87
NM20100901112,2010,FALL,0.006,3,5,19,0.000315789,21.61768394,14.22223997,10.3632,36.10591667,-75.69768333,19.21,31.59,8.41,19.19
NM20100901113,2010,FALL,0.032,2,5,16,0.002,27.27381513,16.48176666,8.2296,36.23011667,-75.75828336,19.34,31.66,7.71,19.07
NM20100901114,2010,FALL,3.345,7,4,16,0.2090625,32.03405502,10.88043573,14.0208,35.85489998,-75.54266669,19.57,31.85,8.3,19.54
NM20100901115,2010,FALL,2.539,4,4,16,0.1586875,23.99507938,11.33830813,16.4592,36.22016667,-75.71711667,19.41,31.97,7.93,19.31
NM20100901116,2010,FALL,0.001,1,3,13,7.69231E-05,28.31950077,19.70260948,10.9728,36.2048,-75.74015001,19.32,31.63,7.77,19.19
NM20100901117,2010,FALL,3.261,4,3,9,0.362333333,31.39798775,17.6221175,15.5448,36.35713332,-75.74296665,19.41,32.5,7.48,19.21
NM20100901118,2010,FALL,0.104,1,2,8,0.013,28.39122875,13.18781509,9.4488,36.52143332,-75.82098331,19.38,31.81,7.42,19.19
NM20100901119,2010,FALL,0.371,3,3,18,0.020611111,21.71283944,16.74301349,10.668,35.45546665,-75.46361666,19.85,31.84,8.13,19.58
NM20100901120,2010,FALL,0.218,2,2,7,0.031142857,15.14285714,12.06498707,10.3632,35.21056666,-75.47531665,22.13,35.5,7.43,20.38
NM20100901121,2010,FALL,0.133,1,3,13,0.010230769,15.34615385,15.57289959,17.3736,35.22386667,-75.43791666,22.87,35.64,7.25,20.29
NM20100901122,2010,FALL,0.01,1,2,6,0.001666667,16.68506167,11.37452806,15.24,35.32419999,-75.43558334,20.15,32.35,8.25,20.14
NM20100901123,2010,FALL,0.098,3,3,14,0.007,18.05148143,11.31338294,12.192,35.54511668,-75.42920001,19.86,31.92,8.21,19.95
NM20100901124,2010,FALL,0.977,2,4,11,0.088818182,26.31102455,11.40129967,15.5448,35.6306167,-75.43643335,19.68,32.12,7.94,19.85
NM20100901125,2010,FALL,4.162,9,6,14,0.297285714,34.35768214,12.97217586,18.8976,41.16506667,-71.72345002,17.7,32.44,8.18,18.14
NM20100901126,2010,FALL,2.0299,7,7,23,0.088256522,30.12031744,12.18204262,26.2128,41.13888334,-71.97151667,19.41,31.75,7.63,19.41
NM20100901127,2010,FALL,0.006,1,3,16,0.000375,15.5625,11.95415627,23.4696,41.0766,-71.97253335,19.7,31.74,7.78,19.73
NM20100901128,2010,FALL,9.1769,4,6,29,0.316444828,26.33170414,10.56926521,33.528,41.25721666,-71.70291665,16.69,32.62,5.91,18.09
NM20100901129,2010,FALL,9.0962,6,5,18,0.505344444,26.70846556,12.33743962,29.8704,41.243,-71.79169998,16.32,32.61,6.93,19.29
NM20100901130,2010,FALL,5.67003,14,5,22,0.257728636,25.10668636,9.918857282,32.9184,41.25265001,-71.79568335,17.49,32.38,7.98,19.33
NM20100901131,2010,FALL,7.1388,12,4,22,0.324490909,28.10109727,8.508919782,38.7096,41.20296667,-71.80135002,15.95,32.65,6.85,19.24
NM20100901132,2010,FALL,0.586,3,5,12,0.048833333,30.73283568,22.82189045,34.7472,41.15268334,-71.91608334,18.77,32.03,7.29,19.21
NM20100901133,2010,FALL,9.4557,12,6,33,0.286536364,23.73397212,23.26200872,36.576,41.22093333,-71.86761665,17.45,32.43,6.56,19.39
NM20100901134,2010,FALL,3.1953,10,5,15,0.21302,37.86433933,9.899306923,31.0896,41.17138333,-71.81148332,17.41,32.35,7.67,19.17
NM20100901135,2010,FALL,12.465,15,5,27,0.461666667,22.47018593,28.03137956,27.7368,41.32876666,-71.0401,16.15,32.91,5.83,18.03
NM20100901136,2010,FALL,2.1281,8,5,15,0.141873333,18.72576667,17.07569492,22.5552,41.38516668,-71.0669,17.64,32.83,7.6,17.9
NM20100901137,2010,FALL,1.9618,8,2,13,0.150907692,22.61059,23.24429159,19.5072,41.43369999,-71.14703333,17.23,32.81,6.47,18.76
NM20100901138,2010,FALL,11.292,7,4,25,0.45168,26.6206968,31.45476457,35.6616,41.27863334,-71.41166668,15.86,32.83,5.02,18.82
NM20100901139,2010,FALL,1.184,5,6,26,0.045538462,26.34135923,23.46919047,18.8976,41.42905,-71.21551666,18.15,32.78,7.65,18.81
NM20100901140,2010,FALL,43.469,13,5,30,1.448966667,27.33691933,32.95398442,28.3464,41.27846667,-71.44643332,14.15,32.89,4.05,18.2
NM20100901141,2010,FALL,3.069,13,4,26,0.118038462,26.16671129,31.57487298,32.004,41.32079999,-70.91190001,14.89,33.08,5,18.61
NM20100901142,2010,FALL,11.1247,10,6,29,0.383610345,26.19754138,37.73624381,29.8704,41.32003333,-70.94111665,14.59,33.09,5.43,18.7
NM20100901143,2010,FALL,20.3122,13,6,33,0.615521212,27.55704909,11.33414895,29.5656,41.32275,-70.97773336,14.87,33.04,5.07,18.43
NM20100901144,2010,FALL,8.335,16,4,36,0.231527778,27.90642389,36.47855774,35.052,41.32708333,-71.23158334,14.4,32.91,3.75,18.7
NM20100901145,2010,FALL,5.931,12,4,23,0.257869565,27.13099391,12.18955677,27.432,41.38433332,-71.27325001,16.99,32.81,5.58,18.65
NM20100901146,2010,FALL,3.5698,10,5,25,0.142792,22.5411704,28.07810479,29.2608,41.42061666,-71.30046666,17.93,32.7,7.17,19.48
NM20100901147,2010,FALL,17.994,10,4,16,1.124625,34.47518875,41.79041409,39.624,41.18051667,-71.41766666,14.09,32.91,4.15,18.58
NM20100901148,2010,FALL,5.733,11,5,16,0.3583125,26.7399675,29.70840408,36.576,41.29911668,-71.55646667,13.99,32.92,4.48,18.49
NM20100901149,2010,FALL,9.5161,7,6,20,0.475805,37.65345147,14.32006041,23.1648,41.23976666,-71.58368333,15.77,32.73,5.1,18.54
NM20100901150,2010,FALL,7.276,10,5,30,0.242533333,26.83455133,23.76920629,32.3088,41.27708333,-71.5846,16.65,32.64,6.84,18.48
NM20110401001,2011,SPRING,3.518,5,3,8,0.43975,54.95414229,48.73899404,18.8976,41.042,-71.874,9.64,30.55,8.97,10.7
NM20110401002,2011,SPRING,14.355,11,5,32,0.44859375,30.51491688,33.5342684,21.336,40.97571665,-71.95255,8.95,30.6,9.46,9.9
NM20110401003,2011,SPRING,22.355,9,4,19,1.176578947,31.74250421,43.46420337,11.2776,40.90285002,-72.27261667,9.61,30.21,9.58,10.3
NM20110401004,2011,SPRING,6.28,12,5,15,0.418666667,33.26199867,52.12944414,8.8392,40.85816669,-72.39751666,10.14,30.11,9.6,10.39
NM20110401005,2011,SPRING,6.602,13,6,15,0.440133333,35.251252,47.96910431,8.5344,40.98868332,-72.0317,10.11,30.66,9.36,11.34
NM20110401006,2011,SPRING,39.388,14,6,18,2.188222222,38.23399932,41.55418597,12.192,40.9659167,-72.07825,9.42,31.61,8.93,11.15
NM20110401007,2011,SPRING,25.804,19,6,41,0.629365854,29.74479366,39.62445261,19.2024,40.92843335,-72.12186666,9.65,31.15,9.1,9.81
NM20110401008,2011,SPRING,6.989,10,6,30,0.232966667,28.81157,44.3226337,9.144,40.63356667,-73.15543334,10.26,31.33,9.37,11.47
NM20110401009,2011,SPRING,10.395,16,6,38,0.273552632,27.16465632,46.7288948,9.4488,40.83506667,-72.45324999,10.26,30.25,9.48,10.71
NM20110401010,2011,SPRING,51.058,16,5,35,1.4588,29.44939143,46.88003513,8.2296,40.79063333,-72.61745001,11.24,30.24,9.31,11.78
NM20110401011,2011,SPRING,13.172,16,6,28,0.470428571,29.75000561,35.0195347,18.5928,40.78824997,-72.57176666,11.07,30.25,9.46,11.16
NM20110401012,2011,SPRING,5.975,14,6,38,0.157236842,27.49772579,26.51512251,23.4696,40.75555,-72.64699999,11.18,30.5,9.34,11.49
NM20110401013,2011,SPRING,29.744,14,5,23,1.293217391,31.92536261,44.85993384,7.0104,40.58589999,-73.46883332,9.21,31.14,9.56,12.47
NM20110401014,2011,SPRING,17.453,13,4,19,0.918578947,33.13762421,38.75096388,9.4488,40.56069997,-73.56784999,9.98,31.37,9.23,11.98
NM20110401015,2011,SPRING,8.216,11,6,21,0.391238095,30.85324476,14.75504813,15.8496,40.59203332,-73.31898333,7.86,31.63,8.93,11.95
NM20110401016,2011,SPRING,36.915,15,6,26,1.419807692,32.40989876,25.56762821,15.8496,40.53153334,-73.58088334,9.55,31.48,8.97,11.81
NM20110401017,2011,SPRING,1.901,5,6,23,0.082652174,28.25834,28.72947204,12.192,40.54856669,-73.65093333,8.7,31.55,9.21,11.58
NM20110401018,2011,SPRING,13.802,10,6,25,0.55208,27.827436,17.44326437,10.0584,40.55973333,-73.80349998,8.06,31.68,9.39,11.38
NM20110401019,2011,SPRING,28.834,7,6,25,1.15336,33.003952,23.94849281,9.7536,40.38168332,-73.95655003,7.3,31.58,9.27,11.82
NM20110401020,2011,SPRING,18.87,12,6,22,0.857727273,27.81031318,15.0564515,17.9832,40.53656667,-73.74609998,7.8,31.69,8.93,11.28
NM20110401021,2011,SPRING,26.548,13,6,22,1.206727273,33.65371623,19.54006587,14.6304,40.53061666,-73.79595,7.59,31.77,8.86,11.37
NM20110401022,2011,SPRING,11.694,11,5,25,0.46776,30.5926456,27.82153887,15.24,40.24125001,-73.96739998,6.88,31.98,8.11,12.91
NM20110401023,2011,SPRING,8.781,8,8,20,0.43905,39.41764893,42.21495998,10.0584,39.77179998,-74.06425,7.6,31.8,8.87,14.24
NM20110401024,2011,SPRING,21.513,13,8,20,1.07565,28.6163615,32.48882754,10.9728,39.72726669,-74.09898334,7.65,31.78,7.81,12.55
NM20110401025,2011,SPRING,32.064,13,7,21,1.526857143,41.06086328,44.01920084,16.1544,39.86843332,-74.0106,6.97,32.11,8.36,13.88
NM20110401026,2011,SPRING,29.423,13,4,13,2.263307692,42.48151231,40.5750817,14.3256,39.82835,-74.04653333,6.83,32.02,8.03,13.92
NM20110401027,2011,SPRING,7.37,13,6,19,0.387894737,30.68364105,20.96921258,17.9832,40.15471667,-73.93218333,6.86,31.96,8.16,13.09
NM20110401028,2011,SPRING,23.1249,9,7,21,1.101185714,34.68079495,37.32683564,8.8392,39.41081667,-74.29868333,9.03,31.55,7.8,12.24
NM20110401029,2011,SPRING,16.004,15,6,27,0.592740741,28.71602008,32.38429428,10.9728,39.57823334,-74.19115,8.77,31.51,7.91,12.46
NM20110401030,2011,SPRING,21.712,9,7,19,1.142736842,38.8827445,43.43700803,11.2776,39.32551667,-74.40108334,9.6,31.66,8.91,13.32
NM20110401031,2011,SPRING,44.849,8,7,19,2.360473684,37.30652597,39.62390714,8.2296,39.29614998,-74.48181667,9.35,31.97,8.8,13.78
NM20110401032,2011,SPRING,4.887,10,5,12,0.40725,55.49610175,54.18383483,15.8496,39.48993333,-74.159,7.92,31.81,8.15,13.28
NM20110401033,2011,SPRING,10.692,8,6,16,0.66825,45.47539459,45.06971817,17.6784,39.40351667,-74.20453334,8.21,31.92,8.53,12.61
NM20110401034,2011,SPRING,13.777,8,6,18,0.765388889,40.329658,52.10188745,12.8016,39.42011668,-74.24866667,8.36,31.82,8.22,11.98
NM20110401035,2011,SPRING,7.286,7,7,21,0.346952381,33.8537989,37.5786388,15.8496,39.22843334,-74.41459999,8.73,32.12,9,14.33
NM20110401036,2011,SPRING,2.954,6,5,13,0.227230769,41.08700515,31.17420305,13.1064,39.27766666,-74.42911666,9.37,31.91,8.79,13.73
NM20110401037,2011,SPRING,14.589,15,6,17,0.858176471,39.04060035,50.10175735,12.8016,39.18388333,-74.57116667,9.01,32.2,8.94,14.39
NM20110401038,2011,SPRING,29.497,6,5,16,1.8435625,50.51997366,63.27556545,11.2776,39.04215,-74.69469999,10.57,31.77,8.85,12.62
NM20110401039,2011,SPRING,6.116,5,8,23,0.265913043,38.76555137,46.17796292,11.2776,39.0184,-74.74839999,10.63,31.8,8.78,12.67
NM20110401040,2011,SPRING,39.265,11,4,10,3.9265,60.0733335,54.03428827,12.4968,39.04763333,-74.54841665,8.89,32.36,9.01,13.49
NM20110401041,2011,SPRING,7.708,10,3,9,0.856444444,71.21960827,61.32635363,13.716,39.0291,-74.58965003,9.36,32.17,8.65,12.94
NM20110401042,2011,SPRING,8.136,9,3,8,1.017,44.4527675,47.45678138,12.4968,38.94440002,-74.62248332,9.71,32.01,9.3,12.31
NM20110401043,2011,SPRING,18.042,12,4,11,1.640181818,56.3748169,54.26347373,13.4112,38.92883333,-74.69300003,11.05,31.78,8.98,12.24
NM20110401044,2011,SPRING,3.959,8,4,13,0.304538462,32.56298923,32.21823443,17.6784,38.8759833,-74.71274999,9.92,31.7,9.09,11.77
NM20110401045,2011,SPRING,2.815,7,5,13,0.216538462,56.26566407,55.03027124,11.8872,39.00488333,-74.71916669,10.75,31.79,8.89,12.66
NM20110401046,2011,SPRING,22.177,10,4,12,1.848083333,66.94225929,60.84827603,13.716,38.93566666,-74.75384998,11.17,31.28,8.97,11.71
NM20110401047,2011,SPRING,25.229,9,6,22,1.146772727,42.78348443,36.55436345,10.668,38.70491664,-75.05651667,11.06,30.21,8.83,12.31
NM20110401048,2011,SPRING,12.836,7,6,19,0.675578947,47.04230718,71.35736054,8.5344,38.91650003,-74.89699999,11.43,31.24,8.88,11.48
NM20110401049,2011,SPRING,8.562,10,5,13,0.658615385,61.09453903,59.64917427,9.144,38.85265001,-74.92080002,11.51,31.27,8.98,11.51
NM20110401050,2011,SPRING,27.469,10,6,21,1.308047619,45.2825528,30.57342611,10.9728,38.46786668,-75.03363333,11.59,29.92,8.72,13.84
NM20110401051,2011,SPRING,18.125,9,4,10,1.8125,63.23667935,75.75516527,12.8016,38.47106667,-74.94226665,11.39,31.53,9.08,13.14
NM20110401052,2011,SPRING,9.306,10,3,9,1.034,67.32990078,59.46674204,18.8976,38.78103333,-74.73063335,8.41,32.41,9.07,12.61
NM20110401053,2011,SPRING,2.891,10,5,11,0.262818182,51.21915204,53.99613647,12.192,38.84708335,-74.79886665,9.42,31.99,9.13,12.24
NM20110401054,2011,SPRING,22.556,7,7,19,1.187157895,42.35145726,20.12303664,17.3736,38.46269999,-74.97039998,10.02,31.79,9.05,12.8
NM20110401055,2011,SPRING,9.387,9,6,15,0.6258,43.33971037,19.14170336,17.6784,38.71994998,-74.97168331,10.36,31.55,8.83,12.03
NM20110401056,2011,SPRING,18.664,7,7,23,0.811478261,43.97998432,40.46262642,11.8872,38.52863334,-75.00016667,10.72,30.81,8.44,12.99
NM20110401057,2011,SPRING,11.842,9,6,19,0.623263158,41.92727153,16.83779236,14.0208,38.66669998,-74.97906666,9.89,31.65,8.63,12.65
NM20110401058,2011,SPRING,3.163,5,7,23,0.137521739,39.763638,16.48645739,14.9352,38.65531667,-75.00838333,10.5,30.54,8.54,12.47
NM20110401059,2011,SPRING,1.082,2,4,12,0.090166667,45.13691362,18.12974536,24.0792,38.62816664,-74.83421669,8.62,32.4,8.86,12.47
NM20110401060,2011,SPRING,11.633,7,6,14,0.830928571,47.49359636,62.04460161,16.4592,38.57061666,-74.92338333,8.68,32.31,8.66,13.14
NM20110401061,2011,SPRING,3.83,5,5,15,0.255333333,47.4622652,20.3109531,18.8976,38.61561667,-74.79243336,8.2,32.63,8.82,12.45
NM20110401062,2011,SPRING,6.149,7,4,12,0.512416667,45.75859975,47.86981308,11.8872,38.67098331,-74.76453336,8.18,32.48,8.91,12.34
NM20110401063,2011,SPRING,0.488,1,4,10,0.0488,64.69106579,48.14814645,25.908,38.55513331,-74.81593335,,,,
NM20110401064,2011,SPRING,0.14,1,5,16,0.00875,30.24252495,19.27693886,8.2296,38.16479999,-75.15355,13.45,30.56,8.95,12.93
NM20110401065,2011,SPRING,8.387,7,7,21,0.399380952,37.98565185,30.66048869,11.8872,38.04233333,-75.17731667,14.09,31.63,8.49,14.22
NM20110401066,2011,SPRING,2.47,6,3,8,0.30875,26.15659875,19.9126395,19.2024,38.35143334,-74.86293335,9.47,32.12,8.77,12.58
NM20110401067,2011,SPRING,6.629,11,6,17,0.389941176,41.71150009,37.20107197,17.0688,38.41930002,-74.88713334,9.47,32.09,8.8,13.28
NM20110401068,2011,SPRING,11.975,8,6,23,0.520652174,35.60579204,30.62159545,14.6304,38.15796666,-75.02251667,10.05,32.05,8.37,12.44
NM20110401069,2011,SPRING,1.944,5,7,24,0.081,41.2956241,29.63206849,18.5928,38.19181666,-75.04898333,9.97,32.08,8.11,12.19
NM20110401070,2011,SPRING,14.579,9,6,21,0.694238095,39.9831244,19.78882311,19.5072,38.22784999,-75.03333333,11.06,31.64,8.62,12.34
NM20110401071,2011,SPRING,6.964,4,7,21,0.331619048,36.28901243,28.20084421,14.6304,38.32061666,-75.03733333,11.93,30.59,9.03,13.64
NM20110401072,2011,SPRING,2.348,6,6,20,0.1174,33.6125985,22.14572319,16.1544,38.15281666,-75.11893334,11.48,31.55,8.6,14.11
NM20110401073,2011,SPRING,23.246,9,5,16,1.452875,40.13025357,15.11805932,18.8976,38.38140001,-74.95478331,10,31.83,8.36,12.74
NM20110401074,2011,SPRING,7.179,4,4,12,0.59825,30.462365,38.54642045,12.192,38.00188333,-75.21886667,14.09,31.6,8.09,14.51
NM20110401075,2011,SPRING,2.219,7,5,16,0.1386875,34.46058513,45.73425384,7.9248,37.94343332,-75.27730001,13.56,31.73,8.22,14.61
NM20110401076,2011,SPRING,2.932,3,5,16,0.18325,25.23798563,31.67057624,8.5344,37.79555003,-75.47145001,11.45,31.61,8.44,13.89
NM20110401077,2011,SPRING,1.089,3,5,20,0.05445,24.92812514,32.71654472,8.2296,37.75171668,-75.5074,12.59,31.7,7.49,14.52
NM20110401078,2011,SPRING,0.197,1,3,5,0.0394,44.604654,59.19224449,10.0584,37.62663333,-75.55059999,11.65,31.25,8.46,14.6
NM20110401079,2011,SPRING,18.994,6,7,24,0.791416667,36.75625141,40.2405012,13.716,37.89248333,-75.23656667,11.56,31.85,8.47,14.1
NM20110401080,2011,SPRING,6.024,6,6,20,0.3012,26.9020175,25.4064038,13.4112,37.92976665,-75.23391666,11.93,31.8,8.18,14.44
NM20110401081,2011,SPRING,33.189,3,8,22,1.508590909,35.67616061,27.50874784,10.3632,37.80656668,-75.2927,,,,
NM20110401082,2011,SPRING,11.413,8,6,20,0.57065,35.040838,33.86270286,13.4112,37.70493336,-75.41855001,10.38,31.98,8.55,13.66
NM20110401083,2011,SPRING,2.485,3,4,14,0.1775,27.27356265,20.57781281,17.3736,37.60366669,-75.42883333,9.85,32.41,8.61,13.11
NM20110401084,2011,SPRING,14.332,4,5,18,0.796222222,32.07895556,37.7464499,13.716,37.72395,-75.44596666,10.3,32.02,8.52,13.67
NM20110401085,2011,SPRING,3.567,3,5,17,0.209823529,29.05582941,56.62751437,12.4968,37.70211665,-75.51925001,11.55,31.62,8.5,16.07
NM20110401086,2011,SPRING,0.425,2,5,12,0.035416667,37.734525,51.51639317,13.1064,37.61985003,-75.53245001,10.82,31.96,8.54,14.5
NM20110401087,2011,SPRING,0.559,2,3,7,0.079857143,32.79580429,51.28140375,10.3632,37.42996667,-75.60211665,10.04,32.48,8.82,13.9
NM20110401088,2011,SPRING,0,0,3,5,0,49.429096,55.20008957,10.0584,37.35276667,-75.63565,9.74,32.74,8.8,14.38
NM20110401089,2011,SPRING,1.643,3,4,9,0.182555556,36.99774667,49.57990691,10.0584,37.32756666,-75.65301666,9.72,32.78,8.8,11.98
NM20110401090,2011,SPRING,0.42,1,4,6,0.07,51.56733453,62.3888751,6.096,37.25229999,-75.68506667,9.5,32.77,8.85,10.69
NM20110401091,2011,SPRING,6.909,2,3,6,1.1515,50.73400119,62.11085071,9.144,37.19603333,-75.72681669,10.25,32.07,8.9,10.56
NM20110401092,2011,SPRING,15.336,5,4,8,1.917,64.39038404,62.85544018,8.5344,37.52484999,-75.54261665,9.95,32.45,8.73,14.44
NM20110401093,2011,SPRING,0.282,2,4,6,0.047,47.22706833,51.39503917,9.4488,37.36740001,-75.57013334,9.56,32.97,8.97,12.81
NM20110401094,2011,SPRING,2.813,2,4,10,0.2813,40.33056887,34.25538971,11.8872,37.34860001,-75.58381666,9.27,32.99,8.92,13.34
NM20110401095,2011,SPRING,0.13,2,5,15,0.008666667,29.34430667,53.73238602,8.2296,37.29476668,-75.67425003,9.48,32.89,8.82,11.61
NM20110401096,2011,SPRING,1.395,3,3,18,0.0775,24.77709722,17.34686389,7.62,36.73238335,-75.92431666,9.58,31.25,6.98,11.11
NM20110401097,2011,SPRING,1.186,3,4,7,0.169428571,43.78739571,55.44979944,10.668,37.12333333,-75.73525003,10.09,32.04,8.95,16.4
NM20110401098,2011,SPRING,0.475,1,3,6,0.079166667,43.93696667,60.55176576,8.5344,37.12785,-75.78506667,11.06,31.57,8.98,15.07
NM20110401099,2011,SPRING,0.07,1,3,6,0.011666667,35.450145,52.71298635,6.4008,37.14751666,-75.79989999,10.56,31.73,8.8,13.83
NM20110401100,2011,SPRING,0,0,1,3,0,61.76367667,61.76367667,7.3152,37.04535,-75.85508334,10.04,31.97,8.84,16.99
NM20110401101,2011,SPRING,0.006,1,3,9,0.000666667,28.17714556,43.12003053,12.192,37.00313333,-75.82996667,9.9,32.03,8.8,16.62
NM20110401102,2011,SPRING,2.352,3,3,8,0.294,34.55356875,36.28064539,15.24,37.05886667,-75.65771669,9.63,32.5,8.82,16.17
NM20110401103,2011,SPRING,0.406,3,2,8,0.05075,30.28637875,39.86547385,14.6304,37.1713,-75.68271669,9.73,32.44,8.81,14.31
NM20110401104,2011,SPRING,1.317,3,3,7,0.188142857,41.67652,55.62555159,13.1064,37.15346667,-75.71173331,9.99,32.22,8.78,10.74
NM20110401105,2011,SPRING,15.33,5,3,7,2.19,50.31653857,60.63195804,12.4968,37.0189,-75.73986664,9.53,32.34,8.92,16.15
NM20110401106,2011,SPRING,11.858,4,4,10,1.1858,31.66409047,34.05976219,13.716,37.02878333,-75.72999999,9.44,32.42,8.85,17.05
NM20110401107,2011,SPRING,0.185,1,5,15,0.012333333,35.70902185,42.83254113,11.2776,36.71878332,-75.76468334,9.53,31.89,8.23,14.42
NM20110401108,2011,SPRING,0.573,4,4,14,0.040928571,26.55481071,28.98121037,10.3632,36.55321668,-75.79979998,9.54,31.91,,14.17
NM20110401109,2011,SPRING,1.416,3,4,12,0.118,31.04589667,36.15201138,14.3256,36.87855002,-75.82113336,9.47,32.16,8.68,15.61
NM20110401110,2011,SPRING,3.033,2,5,11,0.275727273,38.20637897,42.40988773,10.0584,36.94220002,-75.81928336,9.67,32.11,8.76,14.93
NM20110401111,2011,SPRING,0.338,1,3,9,0.037555556,31.41596333,58.12657088,13.716,36.68285001,-75.84165001,9.47,31.85,8.04,14.57
NM20110401112,2011,SPRING,0.474,3,3,22,0.021545455,22.81567955,15.4315548,7.9248,36.209,-75.74893335,10.25,32.1,8.44,11.59
NM20110401113,2011,SPRING,0.243,3,3,18,0.0135,25.44442167,20.23845484,6.096,36.52601668,-75.84838333,11.26,31.58,8.3,15.83
NM20110401114,2011,SPRING,0.523,1,4,14,0.037357143,34.26056848,19.99939417,18.5928,36.00346667,-75.60353336,10.38,32.05,8.38,14.28
NM20110401115,2011,SPRING,3.779,4,4,18,0.209944444,25.76854611,16.34751086,17.0688,35.85266666,-75.50689999,11.46,31.99,8.54,14.5
NM20110401116,2011,SPRING,0.334,1,3,18,0.018555556,25.45535056,19.80302111,15.24,35.87230002,-75.54606667,11.9,32.03,8.52,13.53
NM20110401117,2011,SPRING,0.653,4,4,19,0.034368421,24.82487526,48.34106621,12.192,35.89376666,-75.54146665,11.84,31.88,8.52,12.85
NM20110401118,2011,SPRING,0.223,1,3,15,0.014866667,25.00470867,29.71950249,13.4112,36.11995,-75.69436665,12.47,31.51,8.72,13.75
NM20110401119,2011,SPRING,2.33,2,4,15,0.155333333,34.33712255,22.0920864,12.192,35.1813,-75.43720001,19.5,34.87,7.77,18.1
NM20110401120,2011,SPRING,2.945,1,3,9,0.327222222,35.9701423,30.55260672,9.7536,35.30381667,-75.48846668,15.22,33.01,8.27,15.64
NM20110401121,2011,SPRING,0.091,1,3,6,0.015166667,51.89414719,57.97938409,16.1544,35.70023333,-75.46311668,,,,
NM20110401122,2011,SPRING,13.036,5,2,6,2.172666667,74.4279264,58.61434206,14.9352,35.65496667,-75.4346,10.7,32.59,8.66,14.06
NM20110401123,2011,SPRING,0.019,1,4,21,0.000904762,32.90760514,15.06851035,12.8016,35.22416666,-75.46626666,18.29,34.09,8.04,17.27
NM20110401124,2011,SPRING,4.197,2,4,13,0.322846154,43.09089222,24.6681579,12.192,35.29865001,-75.47896668,15.33,33.06,8.29,16.06
NM20110401125,2011,SPRING,10.261,15,5,36,0.285027778,24.08903972,24.89968556,28.956,41.29045,-71.85246665,10.97,31.18,8.9,10.31
NM20110401126,2011,SPRING,15.382,12,5,22,0.699181818,26.83074864,35.55888637,26.8224,41.30193332,-71.65129999,9.51,31.75,8.7,10.67
NM20110401127,2011,SPRING,21.326,14,6,23,0.927217391,32.27699043,44.10224363,25.2984,41.15238333,-71.73318335,9.26,30.6,9.01,9.59
NM20110401128,2011,SPRING,36.743,13,5,29,1.267,25.16184793,35.69697807,33.8328,41.24148334,-71.60371666,10.66,31.72,8.37,11.29
NM20110401129,2011,SPRING,21.215,10,6,25,0.8486,29.83964641,32.90350057,32.3088,41.22651666,-71.64870001,9.96,31.58,8.66,10.75
NM20110401130,2011,SPRING,38.82,13,8,47,0.825957447,29.87769459,34.98984579,35.052,41.28299999,-71.63163331,10.85,31.59,8.52,11.3
NM20110401131,2011,SPRING,44,14,6,28,1.571428571,32.931405,29.39145487,45.1104,41.17021667,-71.69398333,9.55,31.26,8.91,9.57
NM20110401132,2011,SPRING,8.542,7,4,17,0.502470588,21.35206059,24.85409415,39.624,41.20038333,-71.79916668,8.23,30.91,8.38,10.13
NM20110401133,2011,SPRING,5.114,7,4,20,0.2557,25.2329205,14.98177808,45.72,41.19298334,-71.95558332,8.8,30.41,8.82,9.67
NM20110401134,2011,SPRING,2.819,12,7,36,0.078305556,30.31415548,21.04619785,39.3192,41.20881667,-71.98363336,9.18,30.21,8.91,10.03
NM20110401135,2011,SPRING,82.6226,18,8,39,2.118528205,32.25773636,23.10370713,23.7744,41.33915002,-71.03575,7.49,32.3,7.89,11.3
NM20110401136,2011,SPRING,8.838,15,8,29,0.304758621,28.76662995,19.01165664,21.9456,41.38718335,-71.05453333,10.52,32,8.35,10.87
NM20110401137,2011,SPRING,31.083,20,6,38,0.817973684,26.11969421,24.37225359,24.384,41.43578332,-71.39561666,9.46,32.24,8.44,11.65
NM20110401138,2011,SPRING,36.617,16,6,35,1.0462,27.71715143,28.22860817,23.7744,41.37928333,-71.11651667,10.09,32.04,8.23,10.98
NM20110401139,2011,SPRING,30.852,10,5,30,1.0284,25.30842633,27.80759668,18.8976,41.38173332,-71.43865,9.45,32.21,8.46,11.97
NM20110401140,2011,SPRING,88.425,18,6,29,3.049137931,31.68004897,42.84640298,29.8704,41.18471667,-71.47051668,8.61,32.31,8.58,10.96
NM20110401141,2011,SPRING,42.435,19,8,37,1.146891892,32.22646315,26.57945139,29.2608,41.32258333,-70.97880001,7.68,32.31,7.99,11.2
NM20110401142,2011,SPRING,37.961,18,6,20,1.89805,33.27338403,36.01485542,32.004,41.31630001,-71.26285,9.16,32.2,8.44,11.17
NM20110401143,2011,SPRING,37.502,14,7,32,1.1719375,30.78128188,36.1810673,34.1376,41.31008333,-71.28041668,9.05,32.24,8.51,11.53
NM20110401144,2011,SPRING,107.29,23,7,26,4.126538462,41.51461442,45.77037715,36.576,41.20871666,-71.42215001,8.12,32.35,8.38,11.53
NM20110401145,2011,SPRING,82.322,13,6,26,3.166230769,30.20793462,35.6817823,36.576,41.28510002,-71.39888334,7.14,32.34,7.98,12
NM20110401146,2011,SPRING,59.007,19,6,33,1.788090909,28.69305394,29.75150166,32.6136,41.36658335,-71.33584998,7.75,32.27,8.74,11.69
NM20110401147,2011,SPRING,58.96,19,6,34,1.734117647,37.03849219,37.37497016,38.1,41.17903333,-71.41971668,8.09,32.34,8.2,11.52
NM20110401148,2011,SPRING,33.319,10,6,23,1.448652174,27.42162609,32.01434893,32.004,41.32814999,-71.40825001,7.45,32.27,7.81,11.84
NM20110401149,2011,SPRING,19.212,12,5,12,1.601,47.82729756,49.80956835,24.384,41.13108333,-71.49538333,9.64,32.2,8.58,12.02
NM20110401150,2011,SPRING,20.383,15,6,33,0.617666667,25.84481242,30.227312,25.2984,41.31556667,-71.52811667,8.68,32.26,8.18,10.76
NM20110901001,2011,FALL,0.9266,4,4,13,0.071276923,36.42339077,26.27641112,15.8496,41.011,-71.942,19.25,31.2,6.97,19.59
NM20110901002,2011,FALL,27.7025,5,5,17,1.629558824,32.50899866,20.65289611,18.8976,40.98481668,-71.9243,18.76,31.68,6.52,19.2
NM20110901003,2011,FALL,0.8146,4,3,11,0.074054545,30.85081273,47.27680184,9.4488,40.98056666,-72.04943333,19.1,31.42,6.76,19.65
NM20110901004,2011,FALL,10.1913,6,5,22,0.463240909,32.06928591,39.20353098,14.0208,40.88011665,-72.30463333,18.64,31.53,5.74,18.84
NM20110901005,2011,FALL,2.331,9,6,15,0.1554,39.64307733,47.3485909,18.5928,40.95266666,-72.06753333,18.84,31.61,6.3,19.47
NM20110901006,2011,FALL,11.0041,12,6,16,0.68775625,32.14963001,43.41150765,15.24,40.90533333,-72.23183333,18.91,31.35,6.09,19.47
NM20110901007,2011,FALL,2.1016,9,8,19,0.110610526,32.21327316,40.81841039,15.24,40.84526666,-72.38398333,18.27,31.79,5.18,18.36
NM20110901008,2011,FALL,25.2257,8,7,21,1.20122381,32.83460657,34.79792092,9.7536,40.80178331,-72.57038333,19.08,31.31,6.66,18.15
NM20110901009,2011,FALL,10.358,9,8,21,0.493238095,36.15031197,31.9710671,7.62,40.80999997,-72.54673335,18.45,31.79,5.26,18.63
NM20110901010,2011,FALL,62.6042,8,8,23,2.721921739,31.44394183,38.04249122,14.3256,40.66866665,-72.98993333,18.95,31.91,5.36,18.94
NM20110901011,2011,FALL,7.697,3,4,13,0.592076923,31.71536462,38.83231248,16.1544,40.61299998,-73.17545001,19.2,31.72,4.51,18.7
NM20110901012,2011,FALL,2.941,7,5,13,0.226230769,32.42497692,40.87819123,19.2024,40.79393336,-72.53921668,17.92,32.01,4.37,18.91
NM20110901013,2011,FALL,4.148,8,6,21,0.19752381,28.41733943,20.66444199,7.62,40.58498332,-73.47159999,19.62,31.49,4.76,19.15
NM20110901014,2011,FALL,22.1988,13,5,19,1.168357895,34.5092548,32.70243493,9.7536,40.55530001,-73.63270003,19.11,31.89,4.85,19.02
NM20110901015,2011,FALL,180.7114,7,6,32,5.64723125,25.39205308,23.50327838,14.6304,40.57053331,-73.40215,19.57,31.57,4.43,19.11
NM20110901016,2011,FALL,8.5674,10,4,14,0.611957143,38.65768776,41.85759816,10.0584,40.54804999,-73.64864998,19.31,31.8,4.97,19.21
NM20110901017,2011,FALL,11.4826,8,7,30,0.382753333,25.49105011,23.63867298,18.5928,40.50310001,-73.55411669,19.19,31.77,4.04,18.94
NM20110901018,2011,FALL,38.3481,6,6,20,1.917405,33.97724948,46.30859959,7.9248,40.5397,-73.8802,18.76,31.46,5.95,17.88
NM20110901019,2011,FALL,38.2779,9,5,14,2.734135714,47.91460337,51.2873736,8.5344,40.44029999,-73.95138334,18.21,31.79,3.45,18.78
NM20110901020,2011,FALL,0.8241,4,4,12,0.068675,25.40653917,21.00550335,11.8872,40.24255001,-73.97858334,18.65,28.73,5.95,18.15
NM20110901021,2011,FALL,18.3357,10,7,20,0.916785,38.16783868,39.15876631,15.24,40.53165,-73.69288336,18.12,31.97,4.07,19.1
NM20110901022,2011,FALL,1.365,3,6,14,0.0975,51.31027494,49.3258995,14.6304,40.4963,-73.85898336,17.28,32,3.48,19.17
NM20110901023,2011,FALL,1.9634,3,5,17,0.115494118,39.84062155,23.25439001,12.4968,39.82101669,-74.05716667,18.28,29.32,7.35,18.35
NM20110901024,2011,FALL,0.714,3,6,21,0.034,30.15718413,19.11688942,10.0584,39.74424998,-74.08196667,18.42,29.54,7.45,18.63
NM20110901025,2011,FALL,2.567,6,6,19,0.135105263,34.18956909,32.13452995,16.4592,39.99693336,-74.03418334,18.25,28.27,7.79,18.12
NM20110901026,2011,FALL,11.2655,12,9,34,0.331338235,28.71651038,19.81290233,15.5448,39.69440002,-74.08163333,18.35,29.81,6.98,18.52
NM20110901027,2011,FALL,4.437,10,8,22,0.201681818,31.6137938,22.86894834,12.8016,39.65690002,-74.11976666,18.08,29.77,6.94,18.11
NM20110901028,2011,FALL,3.915,7,7,26,0.150576923,31.23874546,20.21227828,6.7056,39.3198,-74.44628334,18.07,30.42,7.89,18.17
NM20110901029,2011,FALL,6.1608,11,10,31,0.198735484,29.00362414,24.49272587,11.2776,39.44699999,-74.25663333,18.13,30.51,7.26,17.87
NM20110901030,2011,FALL,16.402,8,7,28,0.585785714,29.46407599,21.38670503,9.7536,39.42885002,-74.282,18.24,30.59,7.12,17.85
NM20110901031,2011,FALL,0.986,5,5,19,0.051894737,35.17896004,30.98766692,7.3152,39.24375,-74.57953332,18.31,30.64,8.45,18.33
NM20110901032,2011,FALL,8.459,10,7,26,0.325346154,30.03489872,24.86196989,15.5448,39.54866664,-74.08431667,18.28,30.53,6.14,19.11
NM20110901033,2011,FALL,2.9229,7,7,29,0.100789655,28.22928271,22.5948237,16.764,39.39653333,-74.24181666,18.31,30.61,7.06,18.32
NM20110901034,2011,FALL,2.158,7,6,28,0.077071429,26.41735357,22.2085593,13.4112,39.35716667,-74.29616667,18.31,30.61,6.76,18
NM20110901035,2011,FALL,5.7271,8,4,14,0.409078571,37.01005524,39.78946209,16.1544,39.23065,-74.33803333,18.54,30.71,7.06,18.59
NM20110901036,2011,FALL,5.6661,7,6,22,0.25755,30.88507504,35.64933455,13.1064,39.27185001,-74.33498335,18.49,30.69,7.19,18.59
NM20110901037,2011,FALL,3.092,3,6,25,0.12368,32.38705483,25.19683045,13.1064,39.20516667,-74.56761665,18.47,30.75,7.2,18.67
NM20110901038,2011,FALL,4.5079,6,5,23,0.195995652,29.73428364,19.90852529,10.0584,39.11466667,-74.67615,18.22,30.8,8.14,18.32
NM20110901039,2011,FALL,6.516,8,6,17,0.383294118,31.8730779,22.66219987,13.4112,38.95185,-74.76806666,18.83,30.9,7.99,19.3
NM20110901040,2011,FALL,5.4105,9,4,13,0.416192308,36.56880462,45.90475073,15.24,39.1214,-74.53774999,18.88,30.98,7.93,18.87
NM20110901041,2011,FALL,8.4891,6,8,21,0.404242857,33.31917244,22.02191578,12.192,38.91448332,-74.58346666,18.87,30.94,7.34,19.54
NM20110901042,2011,FALL,1.568,4,5,26,0.060307692,24.3444898,18.8086153,12.8016,39.16920001,-74.61923332,18.63,30.85,7.66,18.44
NM20110901043,2011,FALL,3.306,10,6,15,0.2204,38.98652849,43.16599222,12.192,39.03391667,-74.63665002,18.71,30.91,7.14,18.75
NM20110901044,2011,FALL,2.31,6,6,29,0.079655172,25.34736689,36.45441505,12.8016,39.07306666,-74.66958332,18.54,30.84,7.13,18.1
NM20110901045,2011,FALL,12.831,8,4,10,1.2831,45.69123224,49.64574019,12.192,38.90814997,-74.69705003,18.93,30.8,7.74,19.33
NM20110901046,2011,FALL,3.034,6,7,29,0.10462069,23.96999223,18.95961681,12.192,39.03868333,-74.71453336,18.31,30.79,7.3,18.87
NM20110901047,2011,FALL,19.8843,9,5,15,1.32562,35.95473062,34.27846715,9.144,38.84783332,-74.93889999,19.25,31.08,7.27,19.24
NM20110901048,2011,FALL,1.763,5,5,20,0.08815,31.33867327,16.99617035,10.668,38.59493332,-75.03633333,19.12,28.54,6.2,19.73
NM20110901049,2011,FALL,3.363,6,5,26,0.129346154,27.90511992,17.61443755,10.668,38.52188333,-75.0267,19.05,27.68,5.6,19.92
NM20110901050,2011,FALL,3.246,6,5,22,0.147545455,34.69367287,19.82826307,9.4488,38.55330003,-75.02533333,19.12,28.5,5.77,19.32
NM20110901051,2011,FALL,20.712,6,4,8,2.589,54.37916352,53.07979178,10.3632,38.8784167,-74.76963336,19.02,30.85,7.84,19.7
NM20110901052,2011,FALL,11.9745,8,4,13,0.921115385,41.48170387,60.96405954,15.24,38.66883335,-74.80719999,18.88,31.32,6.76,19.31
NM20110901053,2011,FALL,6.254,7,5,21,0.297809524,29.62948406,17.2350219,13.1064,38.81931667,-74.81155001,19.02,31.11,7.14,19.13
NM20110901054,2011,FALL,14.1737,7,5,19,0.745984211,29.96264536,40.52030435,11.5824,38.7806167,-74.91003335,19.22,31.22,7.26,19.22
NM20110901055,2011,FALL,8.1811,8,6,16,0.51131875,40.82419955,39.78981701,15.5448,38.54640001,-74.95670001,18.89,31.07,5.95,18.94
NM20110901056,2011,FALL,5.2309,9,6,21,0.249090476,33.81600404,40.7560523,15.8496,38.62666664,-74.96369998,19.03,31.04,5.16,19.9
NM20110901057,2011,FALL,7.471,6,6,24,0.311291667,31.8716501,18.0107629,13.4112,38.66788336,-75.02166667,19.1,29.12,5.32,19.58
NM20110901058,2011,FALL,13.745,7,5,22,0.624772727,30.73884511,19.91138756,13.4112,38.67859999,-75.02171667,19.06,29.72,5.61,19.6
NM20110901059,2011,FALL,16.7276,10,6,17,0.983976471,30.64605349,17.52733256,21.9456,38.54133333,-74.83748334,18.88,31.35,6.46,19.49
NM20110901060,2011,FALL,3.7605,4,3,9,0.417833333,39.6817088,45.22532821,18.8976,38.52905,-74.85743332,18.91,31.29,6.87,19.43
NM20110901061,2011,FALL,6.9495,11,6,17,0.408794118,37.27248225,38.22586603,19.812,38.57023335,-74.91686668,19.17,31.12,6.87,19.32
NM20110901062,2011,FALL,6.2116,9,8,27,0.230059259,28.21708448,26.20848808,29.8704,38.77913335,-74.95448335,18.91,31.19,6.39,19.08
NM20110901063,2011,FALL,0.895,5,4,14,0.063928571,48.42610553,23.08936985,17.0688,38.60955003,-74.72881667,19,31.3,7.07,19.37
NM20110901064,2011,FALL,1.265,5,3,18,0.070277778,25.99233722,16.8911242,11.8872,38.22958333,-75.11495,19.14,29.95,5.71,19.47
NM20110901065,2011,FALL,3.0571,4,4,19,0.1609,26.12678833,15.87893608,12.192,38.18091666,-75.13315,19.18,29.18,5.83,19.56
NM20110901066,2011,FALL,11.676,8,5,11,1.061454545,46.10470676,40.19976336,16.764,38.44666665,-74.86299998,19.04,31.18,6.46,19.24
NM20110901067,2011,FALL,5.2042,11,7,28,0.185864286,29.63312091,20.56830201,13.1064,38.42973334,-74.93566666,19.15,30.2,6.68,19.55
NM20110901068,2011,FALL,9.41,9,5,24,0.392083333,32.69300397,20.44416084,16.1544,38.44623334,-74.98953336,19.13,30.28,6.04,19.48
NM20110901069,2011,FALL,10.521,5,5,24,0.438375,32.08934135,19.62667943,17.3736,38.29796667,-75.0117,19.17,31.23,6.44,19.66
NM20110901070,2011,FALL,0.415,2,5,16,0.0259375,32.64362098,20.8487005,17.3736,38.13981667,-75.04505,19.14,30.77,5.99,19.79
NM20110901071,2011,FALL,2.2489,7,3,9,0.249877778,36.67615062,40.06641553,14.3256,38.07213333,-75.05015,19.2,30.29,6.03,19.71
NM20110901072,2011,FALL,3.9773,7,4,19,0.209331579,29.76370137,19.09625763,18.288,38.20359999,-75.05161666,19.2,31.06,6.25,19.61
NM20110901073,2011,FALL,9.4738,11,5,19,0.498621053,37.9545362,24.59792662,17.6784,38.38468332,-74.87793331,19.07,31.2,6.39,19.34
NM20110901074,2011,FALL,2.506,2,5,17,0.147411765,33.14600449,20.86114317,13.1064,37.82761669,-75.31581666,19.56,30.01,7.01,19.57
NM20110901075,2011,FALL,12.339,9,4,15,0.8226,32.05339866,19.78417702,9.4488,37.80221666,-75.41749999,19.55,29.99,7.01,19.54
NM20110901076,2011,FALL,1.3642,3,3,11,0.124018182,41.03804558,17.2763368,8.2296,37.76243331,-75.50515,19.49,30.17,6.87,19.42
NM20110901077,2011,FALL,1.1702,11,4,19,0.061589474,25.08804915,16.65947272,9.4488,37.64598331,-75.55083332,19.71,30.93,6.76,19.86
NM20110901078,2011,FALL,1.1295,7,3,14,0.080678571,28.3081613,17.93354811,7.3152,37.60666669,-75.57425003,19.56,30.86,6.9,19.96
NM20110901079,2011,FALL,1.4978,8,4,16,0.0936125,35.77962145,24.34049482,18.288,37.95296669,-75.053,19.25,31.64,6.61,19.81
NM20110901080,2011,FALL,2.538,9,4,18,0.141,24.48248029,20.6399399,14.9352,38.02381667,-75.14775,19.38,30.55,6.46,19.17
NM20110901081,2011,FALL,3.3697,6,6,22,0.153168182,28.96375149,19.72841022,15.5448,37.97996667,-75.19086666,19.48,31.15,6.39,19.24
NM20110901082,2011,FALL,11.345,4,4,12,0.945416667,34.88638138,33.81213707,14.6304,37.89615002,-75.20029999,19.39,31.09,6.37,19.34
NM20110901083,2011,FALL,113.121,7,4,16,7.0700625,36.96415439,21.09182077,15.5448,37.85311667,-75.23011667,19.36,30.74,6.66,19.37
NM20110901084,2011,FALL,3.93,7,5,17,0.231176471,32.16245155,19.756744,13.716,37.70421664,-75.44383332,19.2,30.6,6.74,19.19
NM20110901085,2011,FALL,4.89,5,4,16,0.305625,35.08179871,38.01618365,14.9352,37.67303333,-75.45886666,19.45,31.07,6.65,19.34
NM20110901086,2011,FALL,5.785,9,4,19,0.304473684,28.79909697,20.73118738,11.8872,37.74453335,-75.48176667,19.48,30.69,6.8,19.47
NM20110901087,2011,FALL,0.6239,2,3,9,0.069322222,36.71989581,31.34194645,10.9728,37.54211667,-75.48505001,19.47,31.25,6.54,19.67
NM20110901088,2011,FALL,1.3372,7,4,19,0.070378947,26.20570865,19.78709502,9.7536,37.42251666,-75.61054999,19.8,30.93,6.71,19.8
NM20110901089,2011,FALL,0.642,3,4,14,0.045857143,24.25673643,13.74652346,7.62,37.482,-75.60534999,19.74,30.94,6.87,19.72
NM20110901090,2011,FALL,3.509,2,1,2,1.7545,68.21237,68.21237,8.5344,37.2298,-75.7153333,19.81,29.33,6.63,20.3
NM20110901091,2011,FALL,0.157,1,4,10,0.0157,30.810615,19.04542338,3.6576,37.23626666,-75.75035,19.75,29.03,6.56,19.84
NM20110901092,2011,FALL,13.438,4,3,5,2.6876,58.30996702,58.87777496,14.9352,37.30670001,-75.564,19.58,31.13,6.15,19.62
NM20110901093,2011,FALL,1.1126,3,5,14,0.079471429,29.81970786,21.98338744,14.6304,37.44728333,-75.55218334,,,,
NM20110901094,2011,FALL,2.6069,6,4,10,0.26069,38.05690836,15.09806899,17.6784,37.20190001,-75.60949999,19.56,30.94,6.12,19.6
NM20110901095,2011,FALL,4.491,3,2,4,1.12275,52.1711175,54.98027576,10.9728,37.205,-75.66833331,19.72,30.16,6.26,19.86
NM20110901096,2011,FALL,0.776,4,2,5,0.1552,49.915582,61.24852091,7.62,36.78855,-75.94538333,20.07,31.19,6.41,20.87
NM20110901097,2011,FALL,0.129,1,1,3,0.043,64.98802333,64.98802333,9.144,37.12061667,-75.7756333,20,30.38,6.03,19.93
NM20110901098,2011,FALL,4.8137,2,2,4,1.203425,55.2813175,64.23309433,10.3632,36.90429999,-75.83308334,19.74,30.93,6.3,19.95
NM20110901099,2011,FALL,0.113,1,1,3,0.037666667,60.77157,60.77157,10.3632,36.77018331,-75.89500001,19.81,31.49,6.14,20.43
NM20110901100,2011,FALL,1.4117,2,4,22,0.064168182,22.52432318,11.30445103,7.9248,37.0348,-75.9537667,18.78,26.01,7.12,18.95
NM20110901101,2011,FALL,9.867,2,2,5,1.9734,41.602286,41.602286,3.6576,37.01073333,-75.99198335,19.23,28.45,6.51,19.02
NM20110901102,2011,FALL,1.6133,6,2,8,0.2016625,28.20816875,20.53803,18.5928,37.05031667,-75.67755,18.37,31.67,,18.21
NM20110901103,2011,FALL,1.7923,3,3,9,0.199144444,26.90199889,11.62181571,15.24,37.09741666,-75.70691668,18.45,31.51,,18.22
NM20110901104,2011,FALL,2.3869,7,2,8,0.2983625,30.06540875,12.36321436,14.0208,37.01996667,-75.72716668,18.74,31.5,,18.54
NM20110901105,2011,FALL,0.1679,2,3,9,0.018655556,28.64607889,10.68808815,17.6784,36.56953335,-75.77845001,19.87,32.14,6.16,19.78
NM20110901106,2011,FALL,3.6182,7,4,21,0.172295238,20.36050619,32.36128611,11.5824,37.017,-75.79529998,19.36,30.86,6.01,18.87
NM20110901107,2011,FALL,0.1003,4,4,14,0.007164286,27.43921071,27.1673241,8.2296,36.55203336,-75.82045002,19.72,31.55,6.43,19.55
NM20110901108,2011,FALL,0.275,3,3,9,0.030555556,27.76113667,12.1533829,12.192,36.60409997,-75.80803331,19.73,31.66,6.27,19.78
NM20110901109,2011,FALL,5.0032,6,4,12,0.416933333,31.48774502,16.13325778,14.6304,36.67310003,-75.83211664,19.74,31.63,6.23,19.93
NM20110901110,2011,FALL,5.8614,7,2,7,0.837342857,26.74347714,13.49425357,15.24,36.86011664,-75.82483336,19.63,31.05,6.28,19.94
NM20110901111,2011,FALL,1.42,5,2,8,0.1775,36.25586875,48.04376667,12.192,36.68103333,-75.87173335,19.7,31.35,5.88,20.09
NM20110901112,2011,FALL,0.9411,3,3,14,0.067221429,24.72102214,17.08683919,3.6576,36.52973334,-75.85303332,19.59,31.31,6.46,19.47
NM20110901113,2011,FALL,0.7352,6,3,18,0.040844444,23.17190611,17.77858952,11.8872,36.16993333,-75.72448336,18.79,30.67,,18.32
NM20110901114,2011,FALL,0.4027,5,3,13,0.030976923,24.43943923,11.72372943,17.3736,36.12288334,-75.65990003,19.02,32.44,6.78,18.93
NM20110901115,2011,FALL,0.1216,3,5,18,0.006755556,22.89873278,19.51609622,14.0208,35.94028333,-75.59248333,19.23,32.14,,18.54
NM20110901116,2011,FALL,0.03,1,4,14,0.002142857,25.99775929,19.84784848,12.192,36.04645,-75.65023333,19.18,31.94,,18.35
NM20110901117,2011,FALL,0.2,6,4,13,0.015384615,26.16838692,12.13226148,17.6784,36.37344999,-75.73771667,19.17,32.53,,19.14
NM20110901118,2011,FALL,0.533,3,3,13,0.041,26.95036846,22.20232568,14.0208,36.29208333,-75.76159999,18.86,31.24,,18.45
NM20110901119,2011,FALL,0,0,3,13,0,15.76923077,10.32338839,14.0208,35.19453333,-75.43004999,22.55,35.6,6.26,22.57
NM20110901120,2011,FALL,0.108,2,3,18,0.006,22.715875,17.94315138,11.5824,35.82909997,-75.53573335,19.31,32.21,6.95,18.37
NM20110901121,2011,FALL,0.106,2,4,18,0.005888889,23.23206611,19.44367538,15.24,35.60180003,-75.43449999,20.15,32.9,6.48,19.92
NM20110901122,2011,FALL,0.4407,6,4,18,0.024483333,23.55183944,18.73337726,16.4592,35.64648336,-75.43236666,19.86,32.72,6.6,19.88
NM20110901123,2011,FALL,1.118,5,5,19,0.058842105,24.16722053,20.37105876,16.1544,35.77163334,-75.47205,20.42,34.2,4.91,19.04
NM20110901124,2011,FALL,0,0,4,20,0,18.8236595,18.10027181,10.0584,35.29283333,-75.48898335,21.71,34.41,5.47,20.85
NM20110901125,2011,FALL,3.8419,8,6,28,0.137210714,27.55060786,8.638316155,19.812,41.3147,-71.69808331,18.56,31.51,6.35,19.2
NM20110901126,2011,FALL,5.1633,8,8,31,0.166558065,28.5044263,9.801572813,17.6784,41.11538333,-71.97759997,19.39,30.01,6.26,19.37
NM20110901127,2011,FALL,1.4166,7,5,23,0.061591304,29.9200313,8.811410135,21.336,41.12251666,-72.03941667,19.4,29.94,6.26,19.35
NM20110901128,2011,FALL,5.659,5,6,29,0.195137931,24.51589448,12.64541451,33.8328,41.20941666,-71.7024833,18.7,31.55,6.32,19.2
NM20110901129,2011,FALL,6.5923,9,7,30,0.219743333,28.36850833,23.19003822,29.2608,41.18321667,-71.76948331,18.6,31.19,6.08,19.23
NM20110901130,2011,FALL,0.1522,2,5,27,0.005637037,26.60352519,22.91497069,38.7096,41.19853333,-71.79660002,18.7,31.14,6.2,19.45
NM20110901131,2011,FALL,4.4907,10,8,41,0.109529268,21.41387732,21.05025549,31.6992,41.21581667,-71.79753335,18.64,31.36,6.21,19.55
NM20110901132,2011,FALL,4.041,7,7,57,0.070894737,21.61371158,15.89444849,35.3568,41.21236666,-71.82820002,18.68,31.25,6.09,19.33
NM20110901133,2011,FALL,8.0654,7,7,31,0.260174194,29.00163516,17.42243715,35.9664,41.21635,-71.94461664,18.54,31.13,5.87,19.53
NM20110901134,2011,FALL,8.1256,7,7,39,0.208348718,25.09087331,20.62162891,35.052,41.19743333,-72.02466667,18.91,30.69,6.12,19.33
NM20110901135,2011,FALL,4.174,5,5,23,0.181478261,27.50272579,12.89676132,30.7848,41.30335,-70.88941669,16.81,32.44,5.34,19.14
NM20110901136,2011,FALL,0.9684,7,7,26,0.037246154,20.96311609,20.0084219,19.812,41.38793332,-71.0493,17.9,32.3,6.15,19.58
NM20110901137,2011,FALL,13.7738,7,7,15,0.918253333,28.50786298,21.15683915,19.2024,41.43205001,-71.14788334,18.66,32.22,6.12,19.35
NM20110901138,2011,FALL,8.3683,10,5,30,0.278943333,25.88874067,12.95931776,33.528,41.29941667,-71.40188335,16.41,32.4,4.58,19.83
NM20110901139,2011,FALL,1.7913,7,4,20,0.089565,26.1394325,14.37708861,17.9832,41.43004999,-71.21446667,18.62,32.16,7.03,19.48
NM20110901140,2011,FALL,7.4315,10,6,34,0.218573529,24.30933588,8.19625465,28.956,41.34438334,-71.42873335,18.4,32.24,6.21,19.76
NM20110901141,2011,FALL,5.9897,13,6,26,0.230373077,31.89887615,38.91037346,35.3568,41.23646666,-71.23296666,13.01,32.48,3.49,19.7
NM20110901142,2011,FALL,1.3985,10,5,27,0.051796296,31.09219185,14.11077968,32.004,41.31728334,-71.24926667,14.33,32.4,2.41,19.94
NM20110901143,2011,FALL,35.6997,15,6,26,1.373065385,29.02683615,46.79233607,35.052,41.21771666,-71.41768335,13.25,32.16,3.86,19.68
NM20110901144,2011,FALL,10.7677,11,4,31,0.347345161,24.82566903,19.65403684,31.0896,41.37463334,-71.3136,18.01,32.28,5.16,19.73
NM20110901145,2011,FALL,9.4971,11,5,44,0.215843182,28.38800136,14.12538046,34.1376,41.29736665,-71.57046668,17.85,31.98,5.84,19.45
NM20110901146,2011,FALL,10.4164,11,6,28,0.372014286,26.53405929,14.84902975,31.6992,41.34659999,-71.39645001,17.79,32.33,4.94,19.91
NM20110901147,2011,FALL,12.9129,12,7,45,0.286953333,26.33089216,24.53066504,40.2336,41.27400001,-71.5697333,17.81,32.22,5.75,18.99
NM20110901148,2011,FALL,14.6118,11,6,23,0.635295652,27.73216609,44.22093455,35.052,41.25166667,-71.45673332,14.4,32.44,4.37,19.42
NM20110901149,2011,FALL,24.0286,6,5,19,1.264663158,37.21988789,46.04582393,38.1,41.24566666,-71.49193335,14.31,32.45,4.55,19.45
NM20110901150,2011,FALL,7.5311,11,5,21,0.35862381,25.90632048,10.45991511,25.908,41.14738334,-71.51798334,15.43,32.36,4.84,19.56
NM20120401001,2012,SPRING,0.283,1,6,19,0.014894737,32.34342316,37.45879167,12.4968,41.032,-71.897,10.97,31.66,8.63,12.01
NM20120401002,2012,SPRING,0.071,2,5,20,0.00355,26.484295,32.74971271,14.0208,41.02091599,-71.90653229,10.74,31.84,8.65,12.17
NM20120401003,2012,SPRING,5.472,8,8,38,0.144,26.50332342,33.45883398,9.4488,40.8629303,-72.37818146,10.29,32.44,8.02,12.07
NM20120401004,2012,SPRING,18.955,9,9,34,0.5575,29.19754614,17.27319045,8.8392,40.89175034,-72.30696869,9.81,32.37,8.17,13.1
NM20120401005,2012,SPRING,3.986,4,7,32,0.1245625,23.49291688,28.30966455,12.192,40.98395157,-72.02201843,10.48,31.98,8.9,12.35
NM20120401006,2012,SPRING,15.826,12,8,43,0.368046512,28.80469214,16.24309447,18.8976,40.8326683,-72.40775299,10.2,32.44,8.07,11.84
NM20120401007,2012,SPRING,14.0692,13,7,34,0.4138,25.95291235,17.30038766,20.7264,40.96020126,-72.0215683,10.05,32.12,8.37,13.02
NM20120401008,2012,SPRING,14.233,8,8,44,0.323477273,29.47002114,22.99756061,8.5344,40.75786972,-72.72952271,9.77,32.58,7.45,11.97
NM20120401009,2012,SPRING,22.268,13,8,35,0.636228571,27.22731372,31.6459679,11.2776,40.66067886,-73.02041626,10.6,32.32,7.86,11.79
NM20120401010,2012,SPRING,10.41,11,9,37,0.281351351,29.19536099,26.08278843,12.4968,40.71041107,-72.84648132,10.05,32.55,7.92,12.34
NM20120401011,2012,SPRING,30.0381,12,8,49,0.613022449,26.89402649,28.16721243,14.3256,40.6971283,-72.92745209,10.33,32.45,8.01,12.07
NM20120401012,2012,SPRING,13.84,11,7,40,0.346,25.8163735,12.65848049,16.1544,40.79199982,-72.57010651,10.57,32.44,8.28,12.3
NM20120401013,2012,SPRING,3.534,8,6,24,0.14725,27.24638423,12.14424362,7.62,40.59394836,-73.43399811,11.91,32.39,8.32,13.49
NM20120401014,2012,SPRING,9.288,7,7,21,0.442285714,26.0763181,14.15426,10.9728,40.56087112,-73.66819763,10.41,32.89,7.11,12.81
NM20120401015,2012,SPRING,9.225,19,9,39,0.236538462,28.90125586,24.42134993,13.4112,40.61656952,-73.21766663,10.73,32.45,7.82,13.55
NM20120401016,2012,SPRING,3.167,4,8,26,0.121807692,27.24211325,15.40586318,15.24,40.54106903,-73.44731903,11.42,32.53,7.93,13.13
NM20120401017,2012,SPRING,9.0783,9,8,34,0.267008824,30.18677681,24.18534305,16.4592,40.51636887,-73.65180206,10.18,33.03,6.86,12.93
NM20120401018,2012,SPRING,12.766,7,8,34,0.375470588,30.66488139,22.28577299,11.8872,40.55319977,-73.7201767,10.17,32.95,6.63,12.55
NM20120401019,2012,SPRING,1.8329,3,6,25,0.073316,24.6411704,32.58004562,11.8872,40.55459976,-73.79575348,10.16,33.01,6.49,12.68
NM20120401020,2012,SPRING,12.989,12,8,29,0.447896552,27.99637241,28.81861131,13.1064,40.53144836,-73.79221344,10.14,33.03,7.15,12.63
NM20120401021,2012,SPRING,0.351,4,7,37,0.009486486,29.03831703,29.62336826,13.716,40.40121841,-73.93102264,10.98,32.46,7.52,13.94
NM20120401022,2012,SPRING,13.238,11,10,29,0.456482759,28.325537,19.64553089,12.4968,40.2209816,-73.97762299,10.87,32.76,6.71,13.41
NM20120401023,2012,SPRING,3.738,7,7,23,0.162521739,34.05161219,28.75558481,7.3152,39.71582031,-74.10970306,11.78,32.46,7.8,12.76
NM20120401024,2012,SPRING,14.9599,8,9,25,0.598396,31.48626312,19.97985844,9.144,39.77050018,-74.0766983,11.5,32.42,6.93,11.76
NM20120401025,2012,SPRING,2.04,4,7,23,0.088695652,35.61875079,22.15024383,12.8016,39.73162079,-74.04810333,11.06,32.58,7.17,12.82
NM20120401026,2012,SPRING,2.201,5,7,25,0.08804,33.88686422,30.49593002,15.24,39.85906982,-74.02828217,10.11,32.86,5.12,12.15
NM20120401027,2012,SPRING,6.816,7,9,24,0.284,24.86468574,15.88344737,17.6784,39.94458008,-74.04341888,10.12,32.89,5.43,12.28
NM20120401028,2012,SPRING,9.415,4,7,25,0.3766,33.02450609,39.63300594,8.5344,39.28657913,-74.50170135,13.1,32.22,8.22,14.8
NM20120401029,2012,SPRING,8.9783,8,8,28,0.320653571,32.42668613,38.11448003,9.7536,39.33597183,-74.38884735,12.89,32.29,8,14.27
NM20120401030,2012,SPRING,7.692,3,7,23,0.334434783,41.36548478,47.28588992,10.3632,39.30527115,-74.42170715,13.92,32.1,7.98,14.2
NM20120401031,2012,SPRING,3.76,2,8,21,0.179047619,35.93599351,36.79792195,6.7056,39.23685074,-74.58468628,13.35,32.09,8.38,14.35
NM20120401032,2012,SPRING,16.9194,10,7,23,0.735626087,36.10631646,15.37230412,13.4112,39.61790085,-74.14566803,11.61,32.54,7.51,13.54
NM20120401033,2012,SPRING,1.1027,8,8,25,0.044108,33.87727461,18.91702769,14.9352,39.58137894,-74.15625,11.92,32.44,7.58,13.45
NM20120401034,2012,SPRING,0.365,7,7,23,0.015869565,32.04220594,19.54851072,15.5448,39.32984924,-74.28307343,12.36,32.55,7.86,14.43
NM20120401035,2012,SPRING,7.173,6,6,18,0.3985,37.86402612,24.14773272,13.4112,39.26950073,-74.37256622,11.87,32.71,7.9,14.68
NM20120401036,2012,SPRING,2.148,5,5,13,0.165230769,34.61328805,30.72099342,16.764,39.20835114,-74.43187714,11.7,32.7,7.67,14.01
NM20120401037,2012,SPRING,2.146,5,5,19,0.112947368,33.7775495,32.76933337,14.3256,39.22050095,-74.474617,11.83,32.68,7.63,13.81
NM20120401038,2012,SPRING,10.843,7,4,12,0.903583333,31.904305,35.04012802,12.8016,39.14657974,-74.62019348,13.31,32.44,8.28,13.75
NM20120401039,2012,SPRING,2.757,4,5,13,0.212076923,62.53516934,60.41145236,12.192,39.01324844,-74.65569305,13.24,32.45,8.36,13.14
NM20120401040,2012,SPRING,12.415,4,7,28,0.443392857,29.61003565,18.31871951,18.288,39.03348541,-74.54509735,12.17,32.61,8.09,13.04
NM20120401041,2012,SPRING,1.388,4,5,15,0.092533333,35.49446218,46.65291121,16.1544,39.07011795,-74.56910706,12.52,32.56,8.21,13.06
NM20120401042,2012,SPRING,0.106,2,7,23,0.004608696,33.37161023,46.16355299,14.6304,39.08034897,-74.58474731,12.84,32.51,8.24,13.2
NM20120401043,2012,SPRING,6.437,5,6,19,0.338789474,40.16545707,42.84174172,12.8016,39.14239883,-74.59284973,13.19,32.44,8.36,13.51
NM20120401044,2012,SPRING,1.789,3,6,19,0.094157895,48.65105063,57.88983837,14.9352,39.04362106,-74.65995026,13.14,32.48,8.29,13.06
NM20120401045,2012,SPRING,6.2329,2,5,14,0.445207143,49.4826175,49.58841507,11.8872,38.93267059,-74.68054962,12.9,32.48,8.28,12.88
NM20120401046,2012,SPRING,9.243,2,6,17,0.543705882,43.37830023,27.48533611,11.5824,38.94163132,-74.79322052,13.12,32.2,8.1,13.12
NM20120401047,2012,SPRING,3.686,4,4,14,0.263285714,38.087215,24.89058485,10.668,38.91661835,-74.80670166,13.24,32.17,8.18,13.28
NM20120401048,2012,SPRING,6.487,5,7,18,0.360388889,39.39014528,10.61967733,11.5824,38.90533066,-74.84702301,13.44,32.11,8.09,13.44
NM20120401049,2012,SPRING,12.6564,5,9,33,0.383527273,35.41921383,36.80617357,11.2776,38.87073135,-75.04206848,13.69,31.67,7.77,13.98
NM20120401050,2012,SPRING,24.8007,8,7,28,0.885739286,36.23219743,34.0845433,12.4968,38.71884918,-75.05919647,13.27,30.86,8.02,13.32
NM20120401051,2012,SPRING,15.13,1,4,12,1.260833333,35.845485,43.43792023,12.192,38.80490112,-74.63961792,13.06,32.57,8.4,13.1
NM20120401052,2012,SPRING,4.1902,9,5,15,0.279346667,41.91280718,9.025686547,11.8872,38.8307991,-74.89772034,12.81,32.1,8.32,12.82
NM20120401053,2012,SPRING,1.555,5,5,17,0.091470588,35.68320294,36.13224167,13.1064,38.76903152,-74.9178009,12.57,32,8.41,12.84
NM20120401054,2012,SPRING,4.162,7,7,25,0.16648,35.48023981,27.01185641,14.9352,38.56745148,-74.93955231,12.45,31.63,7.91,14.33
NM20120401055,2012,SPRING,0.609,4,7,23,0.026478261,28.32727066,26.40222502,15.24,38.55287933,-74.95485687,12.82,31.16,8.04,14.26
NM20120401056,2012,SPRING,4.652,5,6,23,0.20226087,28.21828174,30.58842272,12.4968,38.47949982,-74.97920227,12.96,31.33,8.42,14.65
NM20120401057,2012,SPRING,19.8847,9,10,31,0.641441935,35.0529813,8.67671997,11.5824,38.59695053,-74.98867035,13.46,30.98,8.43,13.87
NM20120401058,2012,SPRING,36.547,10,5,16,2.2841875,39.71406313,44.13321202,17.3736,38.73057175,-75.01529694,12.96,30.93,8,13.15
NM20120401059,2012,SPRING,7.002,5,6,15,0.4668,35.08572916,30.4228144,23.4696,38.54629898,-74.83040619,11.35,32.77,7.83,14.05
NM20120401060,2012,SPRING,1.3732,6,6,18,0.076288889,36.63986993,21.89160619,27.7368,38.6439209,-74.84092712,11.34,32.89,7.66,13.88
NM20120401061,2012,SPRING,0.722,5,8,24,0.030083333,29.32592469,19.40264039,25.2984,38.69768143,-74.90561676,12.11,32.08,7.85,13.47
NM20120401062,2012,SPRING,3.5449,5,5,14,0.253207143,39.87064,20.8181402,32.004,38.77719879,-74.95295715,12.28,31.96,8.19,13.07
NM20120401063,2012,SPRING,1.9472,6,6,16,0.1217,36.9779651,38.04237076,18.8976,38.61999893,-74.76625061,12.04,32.56,8.12,14.37
NM20120401064,2012,SPRING,5.731,7,4,16,0.3581875,27.47592875,36.20830963,12.8016,38.35649872,-75.03491974,13.16,31.51,8.39,14.18
NM20120401065,2012,SPRING,1.314,5,5,19,0.069157895,33.93929947,17.94782486,8.2296,38.06702042,-75.10787201,13.68,32.1,8.28,13.73
NM20120401066,2012,SPRING,2.381,7,5,12,0.198416667,23.58504583,20.69194405,17.6784,38.25366974,-74.89682007,11.33,32.79,7.67,13.78
NM20120401067,2012,SPRING,13.355,11,7,20,0.66775,29.89073766,16.75728482,19.812,38.42341995,-74.9087677,12.89,31.94,8.38,13.23
NM20120401068,2012,SPRING,4.915,8,5,16,0.3071875,31.34028251,11.40704888,13.1064,38.24010086,-74.97242737,12.93,32.1,8.15,13.28
NM20120401069,2012,SPRING,3.109,8,7,21,0.148047619,34.57000885,14.87112692,19.812,38.06864929,-75.0075531,12.57,32.39,7.98,13.35
NM20120401070,2012,SPRING,11.381,10,5,16,0.7113125,31.81865375,31.05334345,17.6784,38.40499878,-74.87023163,11.91,32.34,7.9,14.16
NM20120401071,2012,SPRING,8.238,9,7,21,0.392285714,37.77569081,13.80752893,20.4216,38.32764816,-74.94873047,12.89,32.03,8.3,14.31
NM20120401072,2012,SPRING,13.899,11,7,21,0.661857143,34.37436191,16.57650998,19.5072,38.31251907,-74.95828247,12.87,32.07,8.21,13.6
NM20120401073,2012,SPRING,1.295,6,6,20,0.06475,30.9616425,11.06757237,17.9832,38.20288086,-75.01052856,12.99,32.05,8.13,13.52
NM20120401074,2012,SPRING,0.811,2,3,10,0.0811,25.979559,19.75624623,8.2296,37.9041481,-75.30718231,13.85,32.14,7.97,14.59
NM20120401075,2012,SPRING,3.042,7,5,19,0.160105263,23.14297474,21.70068938,8.5344,37.8050499,-75.39443207,14.1,32.11,8.14,14.68
NM20120401076,2012,SPRING,13.401,5,4,16,0.8375625,24.86068048,20.21166081,5.4864,37.6312294,-75.58043671,14.53,32.1,8.19,15.05
NM20120401077,2012,SPRING,11.967,4,4,7,1.709571429,42.08713714,44.82333801,11.2776,37.98738098,-75.12201691,13.5,32.31,8.31,13.74
NM20120401078,2012,SPRING,0.934,2,5,12,0.077833333,35.41417173,18.07190976,6.4008,37.83572006,-75.41692352,13.98,32.15,7.97,14.71
NM20120401079,2012,SPRING,7.013,10,7,21,0.333952381,30.32246542,10.2631217,17.0688,37.88811111,-75.17971802,12.32,32.69,7.95,14.26
NM20120401080,2012,SPRING,4.926,8,5,16,0.307875,31.93856313,20.46611118,12.4968,38.02082825,-75.10281372,13.67,32.21,8.37,13.69
NM20120401081,2012,SPRING,0.672,6,5,17,0.039529412,28.61835941,23.53651944,14.0208,37.92797089,-75.16634369,13.37,32.21,8.42,14.29
NM20120401082,2012,SPRING,0.646,2,6,18,0.035888889,34.22149323,21.72699874,10.3632,37.99567032,-75.2060318,13.64,32.28,8.29,13.77
NM20120401083,2012,SPRING,2.291,4,5,19,0.120578947,23.22522053,20.70273931,14.0208,37.86063004,-75.26737976,13.46,32.32,8.05,14.15
NM20120401084,2012,SPRING,10.764,6,5,17,0.633176471,30.14150294,29.35456523,16.764,37.60572052,-75.40567017,12.57,32.63,8.08,14.05
NM20120401085,2012,SPRING,2.867,5,5,16,0.1791875,26.64099063,16.99213805,13.1064,37.70516968,-75.40841675,13.11,32.38,8.04,13.88
NM20120401086,2012,SPRING,4.341,7,5,19,0.228473684,23.22459737,29.28354106,13.716,37.69382858,-75.48065186,13.06,32.44,8.1,14.4
NM20120401087,2012,SPRING,2.962,3,5,13,0.227846154,25.41064538,21.82888473,3.9624,37.41833115,-75.6517868,14.81,32.17,8.07,14.81
NM20120401088,2012,SPRING,1.514,3,4,15,0.100933333,22.78843667,44.734018,8.2296,37.5345993,-75.52333069,13.89,32.33,8.18,13.95
NM20120401089,2012,SPRING,7.8395,2,4,10,0.78395,33.58887173,19.92255657,7.3152,37.46644974,-75.61403656,13.48,32.35,8.18,13.48
NM20120401090,2012,SPRING,0.085,1,3,9,0.009444444,30.70426556,22.37987712,9.144,37.28089905,-75.73110199,15.06,32.08,7.96,15.39
NM20120401091,2012,SPRING,0,0,4,11,0,29.59802971,17.10970944,9.144,37.23868179,-75.75272369,14.68,32.03,8.04,14.7
NM20120401092,2012,SPRING,0.464,3,6,18,0.025777778,29.30754389,23.11959758,15.24,37.54339981,-75.46050262,12.44,32.7,8.05,13.74
NM20120401093,2012,SPRING,0.4024,1,5,14,0.028742857,35.97134286,43.73484702,15.8496,37.40679932,-75.53253174,12.05,32.78,7.64,13.67
NM20120401094,2012,SPRING,0,0,4,17,0,23.40365118,49.76432283,16.764,37.41965103,-75.55425262,12.82,32.48,7.86,13.76
NM20120401095,2012,SPRING,1.7356,1,5,15,0.115706667,26.254568,30.21545188,11.5824,37.31969833,-75.64315033,12.96,32.51,7.65,14.01
NM20120401096,2012,SPRING,1.93,5,6,22,0.087727273,31.3175022,22.95280016,9.144,37.10538101,-75.76982117,14.05,32.13,8.11,14.12
NM20120401097,2012,SPRING,2.367,2,4,13,0.182076923,29.15684,41.32202419,6.096,37.16960144,-75.76966858,13.89,32.12,8.07,14.12
NM20120401098,2012,SPRING,5.205,3,4,15,0.347,24.12699133,54.47334838,9.4488,36.96928024,-75.83171844,13.65,31.85,7.93,14.2
NM20120401099,2012,SPRING,28.3521,2,6,14,2.02515,32.09435815,62.53449953,9.144,36.93276978,-75.85605621,13.75,31.56,7.91,14.31
NM20120401100,2012,SPRING,8.049,5,5,17,0.473470588,25.58960412,22.93919038,9.144,36.74684906,-75.90341949,12.92,31.95,7.65,13.54
NM20120401101,2012,SPRING,0,0,4,12,0,50.72011587,17.35688551,8.2296,37.03798294,-75.95339966,15.15,25,8.15,15.16
NM20120401102,2012,SPRING,0.335,3,5,12,0.027916667,29.46393,27.06590676,16.764,36.67208099,-75.68855286,12.62,32.84,7.85,15.01
NM20120401103,2012,SPRING,1.236,3,3,9,0.137333333,30.65002556,46.25076006,12.8016,36.90777969,-75.79585266,13.18,32.23,8.34,15.45
NM20120401104,2012,SPRING,3.443,3,4,9,0.382555556,39.29568111,53.981566,16.764,36.94347,-75.71217346,12.96,32.77,8.18,15.1
NM20120401105,2012,SPRING,2.893,12,7,26,0.111269231,23.25214491,34.91747631,17.6784,36.55604935,-75.77259827,12.41,32.85,7.72,15.19
NM20120401106,2012,SPRING,2.119,4,3,9,0.235444444,33.79695889,46.47775609,15.24,36.75154877,-75.78085327,12.71,32.68,7.76,14.93
NM20120401107,2012,SPRING,0,0,3,10,0,33.317263,37.49103171,15.8496,36.77193069,-75.80995178,12.76,32.53,7.88,14.79
NM20120401108,2012,SPRING,0.429,3,3,13,0.033,30.39971615,33.694631,16.764,36.79462814,-75.81902313,12.77,32.55,7.75,15.12
NM20120401109,2012,SPRING,7.314,6,6,16,0.457125,24.54425938,38.37297935,10.0584,37.02127838,-75.80535126,13.44,32.13,8.09,14.18
NM20120401110,2012,SPRING,1.287,4,3,20,0.06435,24.9019835,18.4734344,12.8016,36.69512939,-75.88345337,13.13,32.08,7.81,13.87
NM20120401111,2012,SPRING,3.574,3,5,19,0.188105263,26.73678701,19.69359858,10.668,36.79613113,-75.89228058,13.23,31.88,8.12,14.22
NM20120401112,2012,SPRING,0.023,1,3,8,0.002875,32.80265875,21.46344868,6.4008,36.53440094,-75.85148621,12.95,32.12,7.73,13.85
NM20120401113,2012,SPRING,0.332,3,4,14,0.023714286,26.840525,16.62661298,8.5344,36.42922974,-75.82113647,12.61,32.51,7.63,14.57
NM20120401114,2012,SPRING,1.185,7,4,12,0.09875,29.6492525,22.54998489,20.7264,35.90454865,-75.50965118,12.71,32.68,7.74,14.58
NM20120401115,2012,SPRING,1.35,2,3,9,0.15,33.38884333,40.64766205,14.6304,36.39677811,-75.77033234,12.54,32.56,7.57,15.16
NM20120401116,2012,SPRING,0.269,3,4,9,0.029888889,31.77378556,52.11905421,15.8496,36.40589905,-75.75340271,12.25,32.8,7.61,14.96
NM20120401117,2012,SPRING,0.443,3,3,11,0.040272727,30.01072636,21.30108218,12.4968,36.35411835,-75.79415131,12.87,32.3,7.55,14.44
NM20120401118,2012,SPRING,3.168,4,4,17,0.186352941,24.73944882,24.4388869,14.3256,36.47177124,-75.80944824,12.53,32.58,7.56,14.43
NM20120401119,2012,SPRING,0.204,3,3,10,0.0204,29.211799,17.83530043,13.716,35.64593887,-75.45303345,13.53,32.87,7.31,14.8
NM20120401120,2012,SPRING,0.226,3,3,18,0.012555556,22.59186167,16.66999821,10.668,35.34521103,-75.47788239,19.51,35.41,6.82,19.77
NM20120401121,2012,SPRING,0.948,4,3,19,0.049894737,15.39473684,9.295054166,18.288,35.15586853,-75.37896729,19.83,35.55,7.14,19.73
NM20120401122,2012,SPRING,0.138,3,3,10,0.0138,21.341746,19.02855545,14.3256,35.4278717,-75.45237732,19.67,35.17,6.65,15.75
NM20120401123,2012,SPRING,0.54,6,4,18,0.03,16.29615389,13.99972308,14.6304,35.49542999,-75.4373703,19.79,35.04,6.8,15.23
NM20120401124,2012,SPRING,1.789,4,5,14,0.127785714,27.77611777,18.65370169,16.764,35.62768173,-75.43517303,14.12,33.01,7.18,14.95
NM20120401125,2012,SPRING,29.128,14,7,40,0.7282,28.6255035,20.79264219,36.2712,41.28182983,-71.85151672,10.63,32,8.39,12.19
NM20120401126,2012,SPRING,22.904,8,7,43,0.532651163,24.81975953,32.90960493,27.432,41.30107117,-71.6713028,10.34,,8.13,12.2
NM20120401127,2012,SPRING,7.128,6,7,40,0.1782,23.90651025,24.43633411,22.5552,41.14479828,-72.04505157,11.63,30.04,8.5,12.17
NM20120401128,2012,SPRING,11.267,6,7,38,0.2965,26.91031395,28.33961729,33.528,41.23912811,-71.60501862,11.29,31.82,8.44,12.26
NM20120401129,2012,SPRING,8.258,12,7,48,0.172041667,24.88059958,16.19073225,42.672,41.27774811,-71.78175354,10.27,32.25,8.08,11.73
NM20120401130,2012,SPRING,0.542,5,7,19,0.028526316,29.24188105,25.7911961,53.34,41.19002914,-71.92913055,10.63,31.65,8.17,12.02
NM20120401131,2012,SPRING,1.339,8,6,34,0.039382353,26.14175324,21.93586304,32.9184,41.2202301,-71.94759369,10.78,31.43,8.25,12.23
NM20120401132,2012,SPRING,0.125,4,6,32,0.00390625,27.37585688,19.13112746,38.7096,41.2276001,-71.96993256,10.49,31.92,8.17,12.38
NM20120401133,2012,SPRING,0.286,4,7,35,0.008171429,25.97021343,20.98175029,30.48,41.19021988,-72.00357819,11.52,30.3,8.42,12.52
NM20120401134,2012,SPRING,0.465,1,8,34,0.013676471,23.68427382,17.19930182,33.2232,41.19036102,-71.87677002,10.55,31.47,8.19,11.97
NM20120401135,2012,SPRING,13.525,9,8,42,0.32202381,32.3133985,20.22785823,24.384,41.30688095,-70.89177704,10.22,32.58,7.97,13.45
NM20120401136,2012,SPRING,51.7653,13,7,45,1.15034,32.77817923,15.59719493,30.48,41.38692856,-70.99993134,12.44,32.35,8.22,13.37
NM20120401137,2012,SPRING,3.0813,9,7,31,0.099396774,26.91127935,19.54449724,21.336,41.37358093,-71.09516907,11.34,32.44,8.22,13.99
NM20120401138,2012,SPRING,2.524,8,8,27,0.093481481,28.21651094,12.22621918,22.5552,41.4278717,-71.26190186,11.26,32.39,7.59,14.32
NM20120401139,2012,SPRING,12.048,8,7,41,0.293853659,22.92034171,11.41748697,26.8224,41.40311813,-71.43417358,10.86,32.41,8.31,13.97
NM20120401140,2012,SPRING,4.84,8,9,28,0.172857143,31.10221465,12.34081818,21.336,41.10797119,-71.59734344,8.96,32.63,8.26,14.34
NM20120401141,2012,SPRING,10.078,18,8,42,0.239952381,26.61369652,15.9967447,28.0416,41.32870102,-70.97915649,10.06,32.53,8.05,13.21
NM20120401142,2012,SPRING,12.057,11,9,35,0.344485714,32.29871074,14.85072802,38.7096,41.28411102,-71.06154633,,,,
NM20120401143,2012,SPRING,4.8767,20,9,45,0.108371111,28.29309645,24.50624818,35.6616,41.25775146,-71.18245697,8.92,32.63,7.82,14.6
NM20120401144,2012,SPRING,1.8169,4,6,35,0.051911429,26.08777314,24.9099974,35.052,41.24346924,-71.22888184,8.91,32.62,8.14,14.08
NM20120401145,2012,SPRING,17.961,15,10,41,0.438073171,29.10370057,14.89795132,30.48,41.26356888,-71.28678131,9.16,32.5,8.05,13.94
NM20120401146,2012,SPRING,7.186,17,8,38,0.189105263,27.27319374,14.28832824,35.6616,41.2676506,-71.30899811,,,,
NM20120401147,2012,SPRING,4.659,12,8,32,0.14559375,26.77957438,17.07160637,35.052,41.28282166,-71.39851379,10.19,32.47,7.53,14.45
NM20120401148,2012,SPRING,31.361,19,8,44,0.71275,30.75918319,31.29214227,35.9664,41.22909927,-71.44734955,8.74,32.67,7.77,11.91
NM20120401149,2012,SPRING,6.851,3,7,26,0.2635,24.48627308,16.59261761,36.576,41.26496887,-71.4526062,9.63,32.54,7.56,13
NM20120401150,2012,SPRING,11.831,6,4,18,0.657277778,22.09737722,16.01582232,37.1856,41.21852875,-71.51593018,10.82,32.02,8.69,12.09
NM20120901001,2012,FALL,24.174,9,6,21,1.151142857,28.63572092,30.60816775,15.5448,41.0213,-71.90559998,17.89,32.49,6.77,18.1
NM20120901002,2012,FALL,6.248,6,5,32,0.19525,26.66131938,38.6812769,16.764,41.02201667,-71.89398333,18.29,32.1,7.55,18.56
NM20120901003,2012,FALL,1.373,2,6,28,0.049035714,30.52751616,32.02450996,6.7056,40.98110002,-72.06948334,18.57,32.11,8.12,19.03
NM20120901004,2012,FALL,1.097,6,7,25,0.04388,34.20393251,35.52379766,6.4008,40.89426664,-72.30408335,17.6,32.43,6.18,18.86
NM20120901005,2012,FALL,51.293,4,7,35,1.465514286,26.81588571,32.20541594,15.8496,40.96521664,-72.02958333,16.69,32.63,6.29,19.04
NM20120901006,2012,FALL,5.96,6,7,28,0.212857143,31.91507319,26.2096674,10.668,40.94456666,-72.15878334,17.8,32.31,6.44,18.84
NM20120901007,2012,FALL,2.468,6,8,37,0.066702703,26.72237733,20.88330744,12.192,40.89581668,-72.27140001,16.23,32.59,5.88,18.82
NM20120901008,2012,FALL,144.836,10,9,39,3.71374359,28.50692445,23.08524371,9.4488,40.6706,-73.01908333,18.96,31.89,6.59,19.24
NM20120901009,2012,FALL,38.688,8,9,32,1.209,30.29485776,21.83224145,10.0584,40.64018332,-73.13126667,18.8,31.89,7.19,19.9
NM20120901010,2012,FALL,2.106,5,7,29,0.07262069,21.93188621,22.208493,19.2024,40.79641666,-72.53844999,16.4,32.55,3.88,19.53
NM20120901011,2012,FALL,46.441,10,8,36,1.290027778,28.43776267,21.16972115,14.3256,40.64060001,-73.09113333,16.74,32.35,4.4,20.31
NM20120901012,2012,FALL,99.944,12,7,30,3.331466667,32.79179839,17.49617754,22.5552,40.60625,-73.1421,18.45,31.99,5.37,20.44
NM20120901013,2012,FALL,2.889,4,8,36,0.08025,32.02333359,22.25014911,10.3632,40.60349998,-73.36573334,19.31,31.89,5.63,19.8
NM20120901014,2012,FALL,28.0881,14,8,33,0.851154545,31.80071432,20.49715394,10.0584,40.56196664,-73.55391668,19.49,31.88,5.83,19.89
NM20120901015,2012,FALL,67.219,7,8,27,2.489592593,33.82305986,18.0741336,14.9352,40.59128335,-73.38183333,17.38,32.21,1.97,19.92
NM20120901016,2012,FALL,4.041,7,9,37,0.109216216,33.3367107,22.28841159,15.8496,40.57556667,-73.40601667,19.28,31.92,5.73,19.85
NM20120901017,2012,FALL,41.095,9,5,16,2.5684375,43.25773163,8.73802642,16.1544,40.51658335,-73.63143336,16.97,32.18,2.87,20.59
NM20120901018,2012,FALL,4.982,9,9,29,0.171793103,31.40369608,18.80947389,5.4864,40.55641664,-73.86708336,19.43,31.46,5.91,19.74
NM20120901019,2012,FALL,3.143,6,9,41,0.076658537,27.68365813,16.59093667,9.144,40.38716666,-73.95738335,19.76,,,20.17
NM20120901020,2012,FALL,31.167,8,9,36,0.86575,30.92066674,20.26737736,8.8392,40.49596666,-73.90939999,19.11,31.74,6.25,20.15
NM20120901021,2012,FALL,5.25,8,9,27,0.194444444,29.66416288,20.21831382,16.4592,40.42854999,-73.94071668,17.21,31.82,3.98,19.86
NM20120901022,2012,FALL,23.292,9,8,33,0.705818182,31.79544031,23.66171319,17.3736,40.23209999,-73.96953335,17.81,31.81,3.97,19.55
NM20120901023,2012,FALL,25.504,10,8,31,0.822709677,29.82084589,27.2914179,14.0208,39.82083333,-74.05998333,19.54,31.85,5.18,20.37
NM20120901024,2012,FALL,5.906,5,4,16,0.369125,33.49346552,19.43919627,8.8392,39.73406665,-74.08908333,19.57,31.71,4.41,19.72
NM20120901025,2012,FALL,3.737,3,3,13,0.287461538,16.34644692,9.493998855,20.1168,40.16628334,-73.98358332,18.4,32.06,5.25,19.67
NM20120901026,2012,FALL,62.544,8,8,31,2.017548387,31.53598437,26.1992558,16.764,40.0896,-74.02136667,18.04,32,3.46,19.76
NM20120901027,2012,FALL,1.442,3,6,12,0.120166667,33.43006583,25.79155365,18.288,39.95429999,-74.04688333,17.77,32.08,2.79,20.67
NM20120901028,2012,FALL,8.952,4,6,23,0.389217391,27.66528282,16.51488919,5.7912,39.23565,-74.60135002,19.97,32.53,5.54,19.91
NM20120901029,2012,FALL,39.841,5,7,19,2.096894737,31.60806878,35.98499844,8.2296,39.31358334,-74.42454999,19.76,32.51,4.82,20.83
NM20120901030,2012,FALL,23.501,1,4,14,1.678642857,40.67496411,53.63075236,4.8768,39.33273335,-74.42966668,20.31,32.41,5.8,20.26
NM20120901031,2012,FALL,5.583,4,6,24,0.232625,28.47496245,17.21179459,11.5824,39.22303333,-74.58334999,20.03,32.53,5.62,20
NM20120901032,2012,FALL,3.707,5,5,17,0.218058824,38.25046557,45.92123259,14.3256,39.58228334,-74.16375,19.31,,,19.74
NM20120901033,2012,FALL,0.791,4,7,17,0.046529412,34.75018001,45.87706188,18.288,39.30101668,-74.27981666,18,32.44,2.88,20.35
NM20120901034,2012,FALL,2.921,7,6,18,0.162277778,32.93400762,37.58504995,13.716,39.26796665,-74.30558332,18.2,32.51,3.55,20.71
NM20120901035,2012,FALL,9.096,8,4,14,0.649714286,39.60222497,48.64373827,15.24,39.25456667,-74.37701667,18.88,32.5,4.62,20.74
NM20120901036,2012,FALL,13.482,8,6,18,0.749,37.68117633,54.70330247,12.8016,39.28275,-74.38891665,19.37,32.49,4.09,20.85
NM20120901037,2012,FALL,13.323,8,6,20,0.66615,29.54010149,22.63707296,14.6304,39.22018334,-74.48246667,18.37,32.64,5.47,20.02
NM20120901038,2012,FALL,6.108,4,6,22,0.277636364,32.3288627,19.23095923,10.3632,39.13735,-74.62336667,19.99,32.56,6.21,19.87
NM20120901039,2012,FALL,4.773,7,3,16,0.2983125,21.20079438,30.84634023,8.5344,38.96496665,-74.65534999,19.28,32.53,6.84,19.24
NM20120901040,2012,FALL,3.011,5,3,9,0.334555556,59.2139626,58.75618394,12.192,39.00895,-74.53026667,19.41,32.58,7,19.34
NM20120901041,2012,FALL,6.767,6,4,11,0.615181818,45.36768464,50.52270741,16.764,39.10056667,-74.53601665,18.19,32.63,5.21,19.74
NM20120901042,2012,FALL,1.154,4,8,29,0.039793103,30.45767719,25.09397776,15.8496,39.14318333,-74.53356667,18.26,32.61,5.25,19.76
NM20120901043,2012,FALL,1.279,4,4,15,0.085266667,28.18718467,22.50908288,9.4488,38.98254999,-74.66679999,19.48,32.59,6.67,19.16
NM20120901044,2012,FALL,2.915,6,6,24,0.121458333,26.74990268,37.20007482,12.4968,39.0234,-74.72715003,20.14,32.59,6.73,20.12
NM20120901045,2012,FALL,11.305,9,7,19,0.595,33.78066281,47.86086167,15.8496,38.8903333,-74.70416667,18.91,32.64,6.87,18.94
NM20120901046,2012,FALL,6.239,9,4,18,0.346611111,27.68602176,37.83636305,10.0584,38.9684,-74.74500001,19.73,32.57,6.87,19.71
NM20120901047,2012,FALL,6.583,8,7,26,0.253192308,28.93844269,24.442697,7.62,38.89249999,-74.85450001,18.76,32.56,6.31,18.65
NM20120901048,2012,FALL,0.908,5,6,25,0.03632,31.58883284,19.26311657,16.4592,38.47308334,-75.00426667,18.47,31.9,6.79,18.73
NM20120901049,2012,FALL,63.037,6,5,15,4.202466667,23.262974,20.61644924,13.1064,38.55136668,-75.01923333,18.37,31.78,6.68,18.36
NM20120901050,2012,FALL,2.441,4,3,10,0.2441,42.36036792,44.7127677,10.3632,38.7322333,-75.03031667,18.37,31.4,6.75,17.96
NM20120901051,2012,FALL,22.127,12,7,29,0.763,30.50563941,26.05898873,17.3736,38.84566669,-74.66749999,19.03,32.61,6.91,19.02
NM20120901052,2012,FALL,11.069,12,6,21,0.527095238,29.85986412,25.91267204,16.1544,38.77016665,-74.76483332,18.87,32.56,6.77,19.12
NM20120901053,2012,FALL,4.427,10,5,31,0.142806452,25.59226222,24.64646742,11.8872,38.87849998,-74.81299998,18.96,32.56,6.26,18.96
NM20120901054,2012,FALL,15.236,8,6,25,0.60944,30.79240936,20.20414595,15.8496,38.66956666,-74.96190001,18.41,32.28,6.3,18.43
NM20120901055,2012,FALL,0.982,5,6,35,0.028057143,26.43156792,19.59363255,15.24,38.56916669,-74.99695002,18.58,31.69,6.54,18.98
NM20120901056,2012,FALL,19.175,7,6,24,0.798958333,31.50946135,20.01930721,17.6784,38.66818333,-74.98046665,18.36,31.89,6.48,18.41
NM20120901057,2012,FALL,2.462,2,4,12,0.205166667,29.30999917,22.49294078,14.3256,38.69393336,-74.99358336,18.4,31.52,6.75,18.38
NM20120901058,2012,FALL,7.283,5,6,25,0.29132,32.61182886,20.47823012,14.6304,38.59668331,-74.99976667,18.64,31.57,6.66,19
NM20120901059,2012,FALL,2.924,11,6,24,0.121833333,28.38248709,27.79233344,24.384,38.63233331,-74.80883331,19.59,32.68,6.93,20.24
NM20120901060,2012,FALL,3.598,9,6,26,0.138384615,33.87194786,24.495074,21.6408,38.57986666,-74.8734333,18.21,32.5,6.82,18.16
NM20120901061,2012,FALL,12.424,4,6,20,0.6212,30.68235786,22.49585451,26.5176,38.66365,-74.87833335,18.23,32.62,6.32,18.94
NM20120901062,2012,FALL,8.008,7,6,16,0.5005,34.48664168,25.6767118,27.7368,38.67766666,-74.88659999,18.24,32.54,6.74,18.12
NM20120901063,2012,FALL,6.301,9,5,27,0.23337037,27.53778296,20.62486098,16.4592,38.65583331,-74.73283335,18.93,32.61,6.88,19.44
NM20120901064,2012,FALL,1.888,4,5,19,0.099368421,23.20513632,18.80189828,11.5824,38.10996667,-75.15753333,18,31.9,6.96,17.92
NM20120901065,2012,FALL,3.046,4,4,14,0.217571429,28.69851357,21.25092608,12.192,38.0325,-75.18286667,18.12,32.06,6.99,18.11
NM20120901066,2012,FALL,2.296,3,4,10,0.2296,29.155151,43.36908938,19.2024,38.11426667,-74.98795001,18.38,32.24,7.24,18.75
NM20120901067,2012,FALL,2.219,2,5,15,0.147933333,33.13115124,21.31945069,16.764,38.311,-74.98496666,18.06,32.02,6.84,18.18
NM20120901068,2012,FALL,1.305,5,4,23,0.05673913,22.75693174,17.77541717,15.24,38.37084999,-75.01408333,18.54,31.91,6.42,18.36
NM20120901069,2012,FALL,10.626,7,5,19,0.559263158,26.99148723,18.03656392,17.0688,38.2445,-75.0347,17.87,31.93,6.91,18.3
NM20120901070,2012,FALL,1.336,5,5,23,0.058086957,24.23705348,17.15021018,14.3256,38.33683332,-75.03423333,18.56,31.89,6.66,18.54
NM20120901071,2012,FALL,2.275,5,4,19,0.119736842,24.22335105,18.46225579,14.0208,38.19793334,-75.07903334,18.06,31.88,7.01,18.4
NM20120901072,2012,FALL,1.948,7,5,14,0.139142857,29.34865977,36.4804467,22.2504,38.34583333,-74.85265001,18.22,32.27,7.14,18.22
NM20120901073,2012,FALL,10.954,5,5,16,0.684625,31.44356219,19.69983825,17.0688,38.20385,-75.03788333,17.93,31.97,6.96,18.54
NM20120901074,2012,FALL,1.379,2,3,33,0.041787879,20.77522636,17.24100475,8.5344,38.01845,-75.22473334,18.28,,,17.95
NM20120901075,2012,FALL,3.999,3,6,21,0.190428571,24.10909667,17.4863263,11.8872,37.83598334,-75.29813334,18.32,32.42,7.26,18.81
NM20120901076,2012,FALL,0.706,2,3,18,0.039222222,24.97548833,16.41533207,7.9248,37.81445001,-75.46371667,18.78,,,18.32
NM20120901077,2012,FALL,0.508,4,5,20,0.0254,23.9761635,15.72224959,7.9248,37.77793331,-75.50396668,18.78,,,18.59
NM20120901078,2012,FALL,1.735,5,4,21,0.082619048,22.61733667,16.3987131,12.192,37.56593335,-75.56854998,15.83,,,18.11
NM20120901079,2012,FALL,0.601,3,2,6,0.100166667,45.00387833,60.44847686,18.8976,38.00098333,-75.05426667,18.61,,,18.81
NM20120901080,2012,FALL,7.873,2,4,14,0.562357143,25.72271357,38.77482089,15.5448,37.77154999,-75.30471668,18.44,32.34,7.29,19.06
NM20120901081,2012,FALL,0.439,2,3,7,0.062714286,33.39429571,47.95388335,12.8016,37.69829998,-75.33256667,18.64,32.42,7.16,18.83
NM20120901082,2012,FALL,1.481,1,1,3,0.493666667,58.53933,58.53933,11.5824,37.69494998,-75.39378335,18.89,,,18.85
NM20120901083,2012,FALL,4.257,4,4,7,0.608142857,56.04751103,51.57809896,12.192,37.63051669,-75.42151667,18.89,,,18.79
NM20120901084,2012,FALL,0.898,4,7,17,0.052823529,28.4339524,24.36410099,14.6304,37.57291667,-75.47898334,18.78,,,18.53
NM20120901085,2012,FALL,7.084,5,3,13,0.544923077,28.25862077,16.94873194,13.4112,37.6971,-75.48870001,18.78,,,18.31
NM20120901086,2012,FALL,0.09,3,5,17,0.005294118,29.2836199,16.52952677,11.2776,37.63071664,-75.53449999,18.44,,,18.49
NM20120901087,2012,FALL,0.312,4,3,17,0.018352941,25.91591941,16.9945369,6.7056,37.53741665,-75.58753332,18.99,24.72,1.25,18.67
NM20120901088,2012,FALL,3.501,3,3,10,0.3501,31.670815,22.18279833,11.5824,37.37966668,-75.62086665,18.35,,,18.72
NM20120901089,2012,FALL,0.044,1,4,17,0.002588235,17.48934882,16.71501064,9.7536,37.43635,-75.62734998,16.89,,,18.19
NM20120901090,2012,FALL,2.278,1,2,8,0.28475,34.38530875,40.49152028,10.9728,37.23206666,-75.69291668,17.06,,,18.39
NM20120901091,2012,FALL,14.693,3,4,19,0.773315789,27.83110684,19.09628183,11.2776,37.28958333,-75.68101667,17.39,,,18.56
NM20120901092,2012,FALL,9.297,2,5,11,0.845181818,29.57298818,43.835574,14.3256,37.49471668,-75.49090001,18.69,,,18.06
NM20120901093,2012,FALL,10.321,3,3,9,1.146777778,35.27330464,51.07277028,18.8976,37.27888333,-75.55803331,19.22,,,18.44
NM20120901094,2012,FALL,13.475,9,5,14,0.9625,32.18207535,27.1344864,17.6784,37.43601665,-75.56546669,18.69,,,18.28
NM20120901095,2012,FALL,6.891,2,2,4,1.72275,51.8778575,51.8778575,15.24,37.42295001,-75.58768336,18.78,,,18.28
NM20120901096,2012,FALL,3.666,5,5,15,0.2444,26.47453267,19.3072691,8.2296,37.09771667,-75.74903336,17.06,,,18.67
NM20120901097,2012,FALL,4.552,3,4,10,0.4552,31.825551,26.78564068,10.3632,37.05461667,-75.77983335,18.93,,,19.28
NM20120901098,2012,FALL,0,0,3,12,0,25.42026167,18.41894358,4.572,37.11551667,-75.82781665,17.83,,,17.45
NM20120901099,2012,FALL,9.589,1,5,15,0.639266667,27.41782333,17.62369085,14.3256,36.73435001,-75.89436665,19.14,,,17.98
NM20120901100,2012,FALL,1.334,5,5,16,0.083375,26.60971938,24.72482134,7.3152,37.04681667,-75.85316664,17.5,,,18.83
NM20120901101,2012,FALL,8.796,3,3,17,0.517411765,25.64402471,21.53513156,10.9728,36.97946669,-75.93984998,18.89,,,18.78
NM20120901102,2012,FALL,0.383,5,4,17,0.022529412,23.23693118,15.89273928,17.6784,36.62020003,-75.71821664,19.97,33.54,4.18,19.5
NM20120901103,2012,FALL,1.088,4,5,20,0.0544,22.0681035,16.46715942,20.7264,36.60346667,-75.77989998,19.52,32.62,3.93,19.49
NM20120901104,2012,FALL,3.627,6,6,21,0.172714286,27.89586836,12.94319384,13.716,36.94424998,-75.71668332,16.78,,,19
NM20120901105,2012,FALL,0.299,4,7,27,0.011074074,21.01007074,20.50149611,14.0208,36.88886668,-75.7698,19.56,,,18.78
NM20120901106,2012,FALL,0.045,1,4,13,0.003461538,28.65017154,19.82161727,16.4592,36.83799998,-75.82666664,19.69,32.98,,19.39
NM20120901107,2012,FALL,2.694,3,5,15,0.1796,28.28843667,19.91842101,11.5824,36.98425001,-75.80146669,19.39,,,15.85
NM20120901108,2012,FALL,6.582,2,5,16,0.411375,27.35675938,17.98995904,14.3256,36.7212333,-75.88586667,19.22,32.24,3.77,19.2
NM20120901109,2012,FALL,2.728,2,4,22,0.124,22.41337773,17.95805054,15.8496,36.8301,-75.88031667,19.39,,,16.94
NM20120901110,2012,FALL,2.5,2,4,20,0.125,23.9899155,18.91276193,16.1544,36.89693336,-75.92779999,19.11,31.14,,19.28
NM20120901111,2012,FALL,0,0,4,20,0,22.8419195,18.15352726,17.0688,36.90575002,-75.93065001,19.06,,,17.93
NM20120901112,2012,FALL,0.011,1,4,14,0.000785714,27.63723357,18.87402563,9.4488,36.33586667,-75.79988333,19.45,32.63,3.9,18.96
NM20120901113,2012,FALL,0.306,2,3,13,0.023538462,29.57507,16.44663363,13.1064,36.39605001,-75.80636667,19.4,32.58,3.87,19.26
NM20120901114,2012,FALL,0.015,2,4,18,0.000833333,23.729435,17.14568183,21.336,36.06863333,-75.62935003,20.05,33.12,4.23,20.02
NM20120901115,2012,FALL,0.441,1,4,13,0.033923077,27.40006692,17.77276437,15.5448,35.85314999,-75.54148331,19.71,33.08,4.04,19.75
NM20120901116,2012,FALL,0.158,2,6,20,0.0079,23.1710635,19.03338594,18.8976,36.37070001,-75.75719999,19.78,32.95,4.08,19.79
NM20120901117,2012,FALL,0.404,2,4,14,0.028857143,27.26825071,17.62116105,19.5072,36.54513334,-75.78515002,19.63,32.68,4,19.6
NM20120901118,2012,FALL,0,0,3,13,0,29.35249769,18.93098513,17.3736,36.45463333,-75.80428333,19.41,32.58,3.88,19.07
NM20120901119,2012,FALL,0,0,5,17,0,25.72257353,18.47728607,10.9728,35.32859999,-75.49008334,21.21,33.8,4.95,21.13
NM20120901120,2012,FALL,0.15,4,6,17,0.008823529,24.52547706,16.41269463,10.9728,35.23438333,-75.50341667,21.44,33.86,5.06,20.91
NM20120901121,2012,FALL,0.177,3,5,16,0.0110625,21.55512125,13.99889924,18.288,35.5947333,-75.38531666,20.77,33.22,4.67,20.69
NM20120901122,2012,FALL,0.412,2,4,17,0.024235294,21.33303176,15.60461447,17.0688,35.31856667,-75.43769999,21.59,33.91,5.15,21.5
NM20120901123,2012,FALL,0,0,4,16,0,16.6875,15.89054922,13.716,35.42154999,-75.44860001,21.44,33.97,5.06,21.63
NM20120901124,2012,FALL,0.035,2,4,16,0.0021875,18.67544313,15.87826802,14.6304,35.32140001,-75.46758334,21.68,34.03,5.21,21.66
NM20120901125,2012,FALL,4.385,6,6,25,0.1754,31.0626836,32.80688049,27.432,41.15111667,-71.73391666,17.7,32.08,6.35,18.82
NM20120901126,2012,FALL,3.662,7,7,24,0.152583333,26.53783579,18.70560107,23.4696,41.15265001,-71.99301669,19.12,31.54,6.95,19.13
NM20120901127,2012,FALL,2.397,4,4,19,0.126157895,24.46855211,8.84593883,22.2504,41.12623333,-72.03441667,19.33,31.36,6.89,19.32
NM20120901128,2012,FALL,4.146,10,6,24,0.17275,23.38554708,8.433359969,29.5656,41.20495,-71.61431669,16.71,32.27,6.18,18.11
NM20120901129,2012,FALL,18.571,6,8,29,0.64037931,30.35342241,8.906116962,23.4696,41.29795001,-71.63100001,18.06,32.23,7.07,17.84
NM20120901130,2012,FALL,7.936,11,8,41,0.193560976,22.35165366,11.57387299,35.052,41.26688334,-71.69985002,17.35,32.4,5.79,17.84
NM20120901131,2012,FALL,11.34,13,7,42,0.27,22.78365667,13.20045776,33.8328,41.19533334,-71.75151666,17.4,32.16,6.15,18.92
NM20120901132,2012,FALL,0.478,3,7,36,0.013277778,27.07196583,16.72057818,32.3088,41.17135,-71.80288334,17.58,32.13,6.25,18.87
NM20120901133,2012,FALL,2.987,9,8,30,0.099566667,25.37705267,10.28911155,31.6992,41.2402,-71.79895,17.6,32.32,6.13,18.47
NM20120901134,2012,FALL,4.251,3,7,35,0.121457143,20.38089857,16.57763937,35.052,41.21826666,-71.88241666,18.73,31.83,6.78,18.88
NM20120901135,2012,FALL,23.46,12,5,26,0.902307692,24.67010385,7.05074899,20.7264,41.39176668,-71.14001667,16.69,32.44,6.1,19.09
NM20120901136,2012,FALL,20.293,8,5,29,0.699758621,24.27155172,6.187305387,21.0312,41.42378333,-71.243,17.58,32.47,5.62,19
NM20120901137,2012,FALL,0.395,4,3,17,0.023235294,16.55882353,10.63712911,28.0416,41.38430001,-71.43180002,18.56,32.27,6.95,18.57
NM20120901138,2012,FALL,1.862,2,5,23,0.080956522,16.93310217,12.94381585,23.1648,41.39848334,-71.44336665,18.63,32.28,6.86,18.31
NM20120901139,2012,FALL,6.482,10,8,56,0.11575,22.79550679,17.67309658,34.1376,41.28606666,-71.49745,16.04,32.58,5.15,18.76
NM20120901140,2012,FALL,48.364,10,4,20,2.4182,29.382519,13.83702922,23.7744,41.0949,-71.57606665,17.68,32.59,6.29,19.27
NM20120901141,2012,FALL,6.106,9,5,32,0.1908125,23.91353938,28.81983585,28.6512,41.31725,-70.94193331,14.86,32.71,4.27,18.83
NM20120901142,2012,FALL,1.135,10,6,29,0.039137931,25.30171241,27.59100573,34.1376,41.23999999,-71.23118334,14.11,32.77,4.02,19.11
NM20120901143,2012,FALL,8.801,12,6,27,0.325962963,25.23393111,28.35947619,28.956,41.32044999,-70.97580001,14.68,32.66,4.66,18.85
NM20120901144,2012,FALL,23.897,13,7,33,0.724151515,28.67351455,30.23153603,35.052,41.27531665,-71.30943333,13.65,32.79,4.33,19.05
NM20120901145,2012,FALL,4.026,8,8,41,0.098195122,21.96037415,8.001593438,30.7848,41.33193334,-71.40513334,16.74,32.46,3.97,18.77
NM20120901146,2012,FALL,6.693,10,8,36,0.185916667,26.54189467,17.70470663,39.624,41.20078333,-71.41850001,14.94,32.7,4.08,18.64
NM20120901147,2012,FALL,7.694,8,8,30,0.256466667,26.83691933,24.45418591,35.9664,41.28483334,-71.39911668,14.73,32.72,4.51,19
NM20120901148,2012,FALL,1.757,8,5,19,0.092473684,25.83554421,8.830448618,26.2128,41.13636667,-71.48973335,18.17,,,17.14
NM20120901149,2012,FALL,16.91,6,6,31,0.545483871,25.31144968,22.76642391,32.004,41.23231667,-71.50231667,16.78,32.45,6.18,18.51
NM20120901150,2012,FALL,2.579,8,7,33,0.078151515,25.56041636,9.368833676,28.6512,41.13073333,-71.53016666,17.52,32.27,7.04,18.54
NM20130401001,2013,SPRING,19.25,4,4,14,1.375,47.04542914,46.39958539,16.4592,41.008,-71.924,11.08,31.42,9.11,11.45
NM20130401002,2013,SPRING,3.333,6,7,21,0.158714286,42.79406102,47.87168562,15.24,41.022,-71.896,10.12,31.7,9.09,11.55
NM20130401003,2013,SPRING,24.759,11,9,32,0.77371875,36.88395083,44.39233806,9.7536,40.881,-72.331,10.51,32.35,9.18,11.66
NM20130401004,2013,SPRING,17.763,9,8,31,0.573,39.28859353,38.78018834,9.144,40.94,-72.179,11.06,32.02,9.12,11.87
NM20130401005,2013,SPRING,7.848,9,6,25,0.31392,34.90420395,37.44734608,11.76528,40.972,-72.075,10.59,31.85,9.05,11.37
NM20130401006,2013,SPRING,41.292,6,8,35,1.179771429,35.74663249,38.68532584,10.8204,40.915,-72.244,10.48,32.17,9.18,12.17
NM20130401007,2013,SPRING,4.597,7,8,26,0.176807692,33.65173387,39.60007713,11.15568,40.889,-72.295,9.69,32.37,8.89,13.02
NM20130401008,2013,SPRING,25.498,9,8,33,0.772666667,29.1294156,42.46500569,11.82624,40.806,-72.549,9.4,32.59,8.91,10.75
NM20130401009,2013,SPRING,13.397,9,8,39,0.343512821,34.50164452,44.1151963,10.668,40.715,-72.879,7.72,32.42,8.24,9.56
NM20130401010,2013,SPRING,18.908,14,8,36,0.525222222,28.63112302,39.30322025,7.68096,40.642,-73.107,9.27,32.48,9.95,12.12
NM20130401011,2013,SPRING,28.704,11,8,37,0.775783784,27.86444129,39.87391996,11.00328,40.818,-72.497,8.91,32.79,8.83,11.28
NM20130401012,2013,SPRING,3.491,5,7,31,0.112612903,29.47641226,40.73703644,11.1252,40.769,-72.672,7.47,32.47,8.26,11.07
NM20130401013,2013,SPRING,1.252,4,8,34,0.036823529,27.02399206,39.11303542,8.44296,40.56,-73.598,8.9,32.59,,12.29
NM20130401014,2013,SPRING,10.35,10,8,33,0.313636364,26.65556629,36.88975063,8.71728,40.558,-73.646,8.27,32.64,8.82,12.25
NM20130401015,2013,SPRING,4.465,13,7,32,0.13953125,26.19330938,36.47826204,16.9164,40.555,-73.43,10.6,32.25,10.17,12.21
NM20130401016,2013,SPRING,3.0644,10,6,35,0.087554286,24.70239714,26.66530752,15.72768,40.546,-73.467,9.57,32.45,9.56,12.71
NM20130401017,2013,SPRING,5.403,7,6,29,0.186310345,27.27589724,32.81407485,16.764,40.505,-73.634,8.07,32.7,8.25,12.33
NM20130401018,2013,SPRING,22.559,16,6,21,1.074238095,43.45880471,20.73711026,10.0584,40.382,-73.956,9.25,32.48,7.89,11.45
NM20130401019,2013,SPRING,54.114,9,6,23,2.352782609,34.14172435,51.4119686,6.7056,40.54,-73.881,8.22,32.64,7.92,10.28
NM20130401020,2013,SPRING,5.854,6,7,22,0.266090909,37.55547685,37.78086674,12.192,40.494,-73.891,8.86,32.42,8.62,13.74
NM20130401021,2013,SPRING,7.392,9,7,32,0.231,28.34992938,37.90286588,19.2024,40.402,-73.906,7.25,32.96,8.05,12.26
NM20130401022,2013,SPRING,10.917,17,9,34,0.321088235,30.01137559,21.65312982,16.764,40.231,-73.961,9.66,32.33,7.86,11.64
NM20130401023,2013,SPRING,5.9,9,11,36,0.163888889,31.22287098,37.52403247,13.716,39.915,-74.061,8.7,32.34,6.81,9.89
NM20130401024,2013,SPRING,16.157,8,10,38,0.425184211,30.23794096,23.12910302,11.5824,39.654,-74.144,10.56,32.28,8.05,11.64
NM20130401025,2013,SPRING,8.716,9,12,41,0.212585366,31.17136218,27.79341744,15.24,40.006,-74.045,8.92,32.4,7.23,10.06
NM20130401026,2013,SPRING,6.53,11,11,33,0.197878788,26.67777673,28.27478596,17.6784,39.944,-74.048,8.96,32.51,7.24,11.61
NM20130401027,2013,SPRING,20.173,9,8,31,0.650741935,26.66207613,30.61379748,20.4216,40.059,-74.017,8.71,32.42,7.66,10.84
NM20130401028,2013,SPRING,23.481,5,4,12,1.95675,63.75466866,48.73684218,8.5344,39.531,-74.234,10.93,31.94,9,12.2
NM20130401029,2013,SPRING,3.238,6,8,17,0.190470588,51.8270185,49.39670889,6.4008,39.314,-74.485,10.34,32.63,8.67,10.47
NM20130401030,2013,SPRING,16.075,8,8,23,0.698913043,40.5943723,43.83724447,8.5344,39.564,-74.201,10.67,32.16,8.86,12.48
NM20130401031,2013,SPRING,25.816,8,8,22,1.173454545,42.40430177,42.48955442,9.4488,39.493,-74.251,11.11,31.93,8.72,13.06
NM20130401032,2013,SPRING,4.759,6,6,12,0.396583333,47.89352301,44.33202756,18.288,39.506,-74.104,9.65,32.7,8.41,12.8
NM20130401033,2013,SPRING,2.173,5,5,13,0.167153846,51.611246,47.03325404,15.24,39.444,-74.165,10.05,32.52,8.68,12.7
NM20130401034,2013,SPRING,10.793,10,7,17,0.634882353,42.52814279,42.70752148,16.764,39.432,-74.184,10.34,32.31,8.6,12.26
NM20130401035,2013,SPRING,3.38,4,6,14,0.241428571,47.18543261,51.44224244,17.6784,39.494,-74.191,9.76,32.58,8.36,12.51
NM20130401036,2013,SPRING,6.728,7,7,20,0.3364,41.76642362,42.31143015,12.4968,39.283,-74.468,10.33,32.58,8.79,11.31
NM20130401037,2013,SPRING,6.655,10,6,16,0.4159375,39.35055549,39.74818005,18.8976,39.574,-74.104,9.92,32.48,8.22,12.79
NM20130401038,2013,SPRING,22.058,7,9,23,0.959043478,38.61323507,48.31424949,7.3152,39.174,-74.637,10.47,32.49,8.84,11.29
NM20130401039,2013,SPRING,12.554,5,7,18,0.697444444,45.99986867,46.01103298,7.0104,39.144,-74.663,10.82,32.34,9.12,11.42
NM20130401040,2013,SPRING,13.701,11,9,37,0.370297297,31.88863908,31.29223285,18.288,39.131,-74.511,9.96,32.9,8.92,12.38
NM20130401041,2013,SPRING,5.308,6,3,8,0.6635,59.40681442,56.86441486,15.8496,38.976,-74.534,10.63,32.72,9.08,13.45
NM20130401042,2013,SPRING,5.032,5,7,19,0.264842105,36.47423455,55.8401415,15.8496,39.048,-74.538,10.4,32.71,9.34,13.62
NM20130401043,2013,SPRING,20.64,6,7,20,1.032,34.79007632,20.37971879,14.0208,39.093,-74.59,10.23,32.74,8.96,12.46
NM20130401044,2013,SPRING,2.621,8,7,29,0.09037931,34.05378112,26.183837,14.9352,39.11,-74.589,10.39,32.63,8.88,11.62
NM20130401045,2013,SPRING,1.381,6,7,24,0.057541667,35.873273,60.22318039,14.3256,39.023,-74.627,11.62,32.35,8.93,13.05
NM20130401046,2013,SPRING,8.091,8,7,20,0.40455,38.5888669,44.07559142,10.0584,38.979,-74.707,11.8,32.11,8.92,13.21
NM20130401047,2013,SPRING,2.28,3,9,28,0.081428571,36.19028166,50.16044998,9.7536,38.91,-74.877,13.43,31.7,8.96,13.59
NM20130401048,2013,SPRING,5.721,6,7,17,0.336529412,39.61581615,28.35261055,11.2776,38.554,-75.022,12.98,31.45,8.46,14.31
NM20130401049,2013,SPRING,17.532,6,7,19,0.922736842,35.74722789,50.38217927,11.5824,38.51,-75.027,12.69,31.57,8.38,14.25
NM20130401050,2013,SPRING,18.375,2,7,17,1.080882353,42.55691132,48.51534687,15.24,38.77,-75.056,13.36,31.25,8.49,13.43
NM20130401051,2013,SPRING,2.943,3,5,12,0.24525,44.54071162,57.82781738,7.62,38.688,-74.767,11.52,32.68,9.08,12.2
NM20130401052,2013,SPRING,8.61,6,6,21,0.41,34.37991288,37.31736621,17.3736,38.791,-74.779,11.51,32.5,8.96,12.12
NM20130401053,2013,SPRING,1.117,6,7,19,0.058789474,31.38271245,27.80573334,14.6304,38.806,-74.815,11.65,32.22,9.02,13.52
NM20130401054,2013,SPRING,15.296,5,9,25,0.61184,37.43327296,40.17839577,13.4112,38.832,-74.812,11.89,32.1,9.08,13.35
NM20130401055,2013,SPRING,8.398,9,9,29,0.289586207,35.51566769,41.46523308,16.764,38.52,-74.921,11.73,32.39,8.82,14.78
NM20130401056,2013,SPRING,20.884,5,9,24,0.870166667,35.80045567,45.64727331,11.2776,38.689,-75.038,12.91,31.38,8.25,14.2
NM20130401057,2013,SPRING,6.374,8,7,22,0.289727273,34.24291225,40.74597417,13.4112,38.781,-74.761,11.43,32.49,8.91,14.31
NM20130401058,2013,SPRING,8.257,6,7,27,0.305814815,32.25463967,24.79164338,14.0208,38.846,-74.747,11.41,31.28,9.04,14.03
NM20130401059,2013,SPRING,6.281,8,7,24,0.261708333,30.3490683,18.21594128,24.6888,38.63,-74.807,10.82,32.89,9.05,12.43
NM20130401060,2013,SPRING,1.669,2,7,18,0.092722222,43.73868866,44.6516887,16.764,38.515,-74.874,11.42,32.51,8.71,13.44
NM20130401061,2013,SPRING,3.017,4,6,19,0.158789474,22.54249632,24.82293557,25.6032,38.677,-74.859,11.43,32.65,8.87,13.59
NM20130401062,2013,SPRING,3.383,5,6,21,0.161095238,28.72670238,28.39507142,16.1544,38.567,-74.921,11.56,32.35,8.69,13.67
NM20130401063,2013,SPRING,16.962,6,8,23,0.737478261,36.55560457,20.38275239,30.48,38.72,-74.906,11.04,32.71,8.71,14.86
NM20130401064,2013,SPRING,8.103,4,6,12,0.67525,46.3379375,56.38502325,10.668,38.387,-75.015,12.18,32.02,8.47,13.74
NM20130401065,2013,SPRING,9.056,4,10,22,0.411636364,41.78655767,44.52602312,10.0584,38.434,-75.031,12.7,31.53,8.54,13.88
NM20130401066,2013,SPRING,4.321,4,8,18,0.240055556,44.93685561,45.85659775,9.7536,38.106,-75.116,11.57,32.42,8.78,13.92
NM20130401067,2013,SPRING,5.432,7,8,27,0.201185185,31.3302863,31.34733243,19.2024,38.406,-74.936,11.89,32.39,8.65,13.49
NM20130401068,2013,SPRING,9.113,4,8,26,0.3505,37.09713126,47.00888807,12.8016,38.393,-74.986,11.7,32.51,8.75,13.67
NM20130401069,2013,SPRING,12.488,6,7,20,0.6244,40.58200967,41.18857817,12.4968,38.314,-75.042,11.83,32.41,8.57,13.56
NM20130401070,2013,SPRING,13.22,4,6,18,0.734444444,41.44130864,52.31641571,14.3256,38.209,-75.098,12.02,32.22,8.88,13.22
NM20130401071,2013,SPRING,3.032,8,8,25,0.12128,36.8008417,45.24097832,16.764,38.388,-74.865,11.34,32.6,8.86,12.76
NM20130401072,2013,SPRING,7.274,6,8,29,0.250827586,36.08760972,25.46111773,15.24,38.342,-74.932,11.32,32.67,8.87,14.08
NM20130401073,2013,SPRING,1.774,6,7,21,0.08447619,36.23503425,30.56240899,18.288,38.295,-74.932,11.01,32.86,8.99,13.76
NM20130401074,2013,SPRING,3.659,6,9,29,0.126172414,25.51214189,29.89599233,4.8768,37.815,-75.48,12.98,31.44,8.48,14.34
NM20130401075,2013,SPRING,19.288,6,9,25,0.77152,34.44102411,31.09743994,9.7536,37.831,-75.306,12.26,31.86,8.68,13.01
NM20130401076,2013,SPRING,6.76,6,6,18,0.375555556,43.56397906,43.83014715,8.8392,37.805,-75.394,12.48,31.76,8.49,13.14
NM20130401077,2013,SPRING,13.825,7,9,25,0.553,29.49367354,29.25874042,10.0584,37.703,-75.531,12.17,31.79,8.6,12.24
NM20130401078,2013,SPRING,13.655,6,11,31,0.440483871,22.61745907,29.70492038,10.39368,37.551,-75.57,13.65,32.06,8.53,13.66
NM20130401079,2013,SPRING,31.344,6,8,21,1.492571429,40.77958657,44.75096291,16.1544,37.925,-75.139,11.24,32.77,9.02,13.58
NM20130401080,2013,SPRING,8.576,3,7,22,0.389818182,40.55860348,40.06017931,15.24,37.946,-75.186,11.25,32.72,8.62,13.73
NM20130401081,2013,SPRING,2.247,5,6,17,0.132176471,32.45096294,31.80591724,15.5448,37.679,-75.351,10.99,32.6,8.97,10.98
NM20130401082,2013,SPRING,41.45,6,10,23,1.802173913,35.43919277,44.15473959,10.9728,37.789,-75.357,11.8,32.36,8.93,12.21
NM20130401083,2013,SPRING,19.027,6,9,23,0.82726087,34.44741143,50.07915952,11.2776,37.78,-75.387,11.8,32.36,8.93,12.21
NM20130401084,2013,SPRING,14.433,5,8,27,0.534555556,24.07514259,22.04005295,12.4968,37.671,-75.455,11.68,32.07,8.72,11.69
NM20130401085,2013,SPRING,15.637,5,11,26,0.601423077,27.40659819,18.35193192,13.4112,37.661,-75.499,11.74,32.02,8.56,11.74
NM20130401086,2013,SPRING,7.956,4,8,21,0.378857143,31.97058143,28.09751337,13.716,37.723,-75.485,11.29,32.21,8.88,11.41
NM20130401087,2013,SPRING,23.726,5,6,19,1.248736842,32.63177401,34.15689463,12.8016,37.303,-75.654,12.96,32.33,8.81,13.18
NM20130401088,2013,SPRING,5.026,3,9,19,0.264526316,35.79878827,44.084066,9.2964,37.227,-75.678,12.47,32.5,8.94,12.48
NM20130401089,2013,SPRING,6.259,7,8,15,0.417266667,38.06953021,49.0229804,9.7536,37.281,-75.684,13.06,32.33,8.7,13.23
NM20130401090,2013,SPRING,13.481,5,8,19,0.709526316,32.86154704,45.41263653,5.6388,37.333,-75.677,12.61,32.45,8.75,13.01
NM20130401091,2013,SPRING,11.06,8,7,23,0.480869565,30.29404344,38.9633142,3.6576,37.284,-75.727,13.52,32.31,8.6,13.78
NM20130401092,2013,SPRING,11.75,3,6,16,0.734375,33.13761813,37.02846535,14.38656,37.477,-75.519,11.05,32.58,8.92,11.39
NM20130401093,2013,SPRING,10.199,5,9,25,0.40796,36.57441448,37.0711449,16.39824,37.405,-75.557,10.84,32.69,8.47,11.87
NM20130401094,2013,SPRING,24.376,7,8,18,1.354222222,37.71891615,39.17136491,15.24,37.304,-75.583,11.35,32.64,8.86,11.73
NM20130401095,2013,SPRING,6.565,2,7,21,0.312619048,31.08759095,43.30698601,9.7536,37.256,-75.657,11.68,32.59,8.77,12.72
NM20130401096,2013,SPRING,3.123,1,4,17,0.183705882,30.45532588,30.4795887,7.62,36.687,-75.905,12,29.34,8.14,14.31
NM20130401097,2013,SPRING,39.449,7,7,21,1.87852381,33.15747208,32.75976818,8.5344,37.021,-75.841,10.97,32.41,9.09,13.22
NM20130401098,2013,SPRING,7.625,4,4,12,0.635416667,39.36187833,32.5931292,4.05384,37.11,-75.856,13.1,32.09,8.98,13.16
NM20130401099,2013,SPRING,41.238,4,7,22,1.874454545,36.76209306,48.38031185,6.096,36.97,-75.915,11.95,31,9.09,13.25
NM20130401100,2013,SPRING,14.944,6,6,17,0.879058824,38.39877361,23.52664586,9.4488,36.848,-75.932,12.17,29.11,8.73,13.27
NM20130401101,2013,SPRING,67.495,5,8,18,3.749722222,39.22894133,50.69686819,5.0292,37.003,-75.949,12.87,30.21,9.16,13.56
NM20130401102,2013,SPRING,1.177,3,5,15,0.078466667,34.74300091,32.87739668,14.6304,37.069,-75.669,10.38,32.87,8.97,13.14
NM20130401103,2013,SPRING,20.242,6,7,19,1.065368421,34.82056684,43.16204044,13.1064,37.17,-75.67,11.5,32.71,9.06,11.84
NM20130401104,2013,SPRING,16.41,4,5,19,0.863684211,35.02548474,32.27572832,11.2776,37.08,-75.72,11.07,32.67,8.85,13.38
NM20130401105,2013,SPRING,0.134,2,5,18,0.007444444,32.10580333,17.14503736,18.288,36.679,-75.772,11.06,31.97,8.39,12.11
NM20130401106,2013,SPRING,9.87,9,8,29,0.340344828,32.33363161,19.45556234,11.67384,36.919,-75.793,10.55,32.48,8.89,14.17
NM20130401107,2013,SPRING,4.652,3,5,22,0.211454545,27.09915182,22.78700467,14.3256,36.677,-75.841,11.2,31.73,8.25,13.48
NM20130401108,2013,SPRING,18.8,4,6,24,0.783333333,38.79596912,30.9884529,12.52728,36.878,-75.828,10.63,32.44,8.94,15.01
NM20130401109,2013,SPRING,0.066,1,7,24,0.00275,29.60417792,21.12739817,13.716,36.792,-75.87,11.38,30.96,8.72,14.52
NM20130401110,2013,SPRING,14.639,5,5,24,0.609958333,25.942575,18.17747368,13.53312,36.876,-75.886,10.87,32.18,8.4,14.64
NM20130401111,2013,SPRING,29.925,5,8,29,1.031896552,31.14184001,30.72204948,18.5928,36.923,-75.933,11.98,29.47,8.55,13.04
NM20130401112,2013,SPRING,0.613,1,8,31,0.019774194,27.04732436,19.48448274,10.668,36.304,-75.782,11.96,31.1,8.8,14.21
NM20130401113,2013,SPRING,4.771,3,7,21,0.227190476,28.7442672,18.38478274,10.0584,36.507,-75.831,11.84,31.45,8.97,13.96
NM20130401114,2013,SPRING,7.167,4,6,22,0.325772727,27.25857364,24.0676946,14.9352,36.344,-75.743,10.83,32.23,8.62,13.43
NM20130401115,2013,SPRING,9.371,4,5,21,0.446238095,28.06991524,19.33603242,18.288,35.929,-75.567,11.1,32.28,8.32,12.05
NM20130401116,2013,SPRING,4.681,3,6,21,0.222904762,28.58435714,20.37240416,19.2024,35.92,-75.502,10.92,32.62,8.66,11.47
NM20130401117,2013,SPRING,0.378,2,6,22,0.017181818,24.61083409,16.79729862,17.0688,36.207,-75.703,10.81,31.8,8.72,12.57
NM20130401118,2013,SPRING,1.538,2,6,24,0.064083333,34.98166054,17.1520829,10.9728,36.52,-75.81,10.93,32.14,8.49,13.3
NM20130401119,2013,SPRING,0.501,3,5,26,0.019269231,24.62719308,23.27313516,11.5824,35.42,-75.456,10.88,31.96,8.77,11.29
NM20130401120,2013,SPRING,0,0,3,14,0,26.48169071,35.0180068,10.668,35.308,-75.485,11.29,31.04,8.91,11.68
NM20130401121,2013,SPRING,0.055,1,6,15,0.003666667,27.05850819,35.41360417,13.716,35.453,-75.447,11,31.74,8.84,11.21
NM20130401122,2013,SPRING,1.293,2,6,18,0.071833333,35.58801285,19.42608438,15.5448,35.572,-75.434,10.93,31.85,8.78,11.02
NM20130401123,2013,SPRING,2.551,1,5,22,0.115954545,24.41372409,14.93703784,15.8496,35.256,-75.455,11.03,31.91,8.75,11.67
NM20130401124,2013,SPRING,3.72,3,9,26,0.143076923,31.55439249,18.46250983,16.4592,35.806,-75.502,10.95,32.59,8.78,12.65
NM20130401125,2013,SPRING,10.34,5,6,35,0.295428571,29.25345086,24.67861605,36.576,41.277,-71.868,9.92,32.59,8.24,11.76
NM20130401126,2013,SPRING,4.271,6,7,19,0.224789474,32.48903819,40.73868891,30.48,41.151,-71.937,10.23,31.29,8.72,11.19
NM20130401127,2013,SPRING,3.633,4,5,16,0.2270625,27.41982938,31.14388881,18.5928,41.154,-72.028,10.78,30.71,8.64,11.28
NM20130401128,2013,SPRING,34.272,10,6,32,1.071,25.60805875,18.44018969,35.3568,41.283,-71.645,8.54,32.71,7.46,13.51
NM20130401129,2013,SPRING,39.86,10,8,37,1.077297297,26.89561871,25.31782139,33.528,41.217,-71.675,8.91,32.63,8.4,11.39
NM20130401130,2013,SPRING,55.059,12,7,37,1.488081081,28.25806432,26.0067801,35.052,41.285,-71.678,9.19,32.61,7.99,12.28
NM20130401131,2013,SPRING,21.086,12,6,35,0.602457143,29.55662571,18.60880566,23.7744,41.299,-71.825,9.89,32.61,8.26,11.92
NM20130401132,2013,SPRING,22.94,10,7,41,0.559512195,31.04347505,31.61601656,43.5864,41.225,-71.869,9.16,32.5,8.1,11.2
NM20130401133,2013,SPRING,2.275,6,7,34,0.066911765,27.65035706,27.25349499,28.3464,41.205,-71.9,9.37,32.32,8.22,11.2
NM20130401134,2013,SPRING,10.203,9,6,42,0.242928571,25.18374452,26.71274953,40.5384,41.251,-71.895,9.56,32.52,8.25,11.31
NM20130401135,2013,SPRING,17.044,8,7,39,0.437025641,27.62743744,37.48652045,22.86,41.379,-71.109,10.46,32.59,8.29,12.58
NM20130401136,2013,SPRING,17.51,12,7,44,0.397954545,27.968085,24.79838486,20.1168,41.364,-71.112,10.05,32.65,8.11,12.64
NM20130401137,2013,SPRING,9.165,12,6,30,0.3055,25.16052667,19.74801458,25.38984,41.404,-71.437,10.35,32.56,8.72,13.36
NM20130401138,2013,SPRING,14.2959,10,7,27,0.529477778,28.88312519,36.44446616,22.2504,41.428,-71.259,9.72,32.69,7.84,14.12
NM20130401139,2013,SPRING,37.004,15,8,51,0.725568627,26.72949921,19.36528971,27.432,41.224,-71.598,10.43,32.24,8.69,11.97
NM20130401140,2013,SPRING,9.393,14,7,35,0.268371429,33.02623257,31.87956944,28.0416,41.085,-71.571,7.44,32.93,8.57,12.34
NM20130401141,2013,SPRING,20.09,8,7,39,0.515128205,28.35547436,21.05659595,33.8328,41.294,-70.939,8.77,32.74,7.66,12.53
NM20130401142,2013,SPRING,25.145,13,5,38,0.661710526,30.91391316,18.4781641,32.004,41.314,-71.026,8.79,32.7,7.45,12.72
NM20130401143,2013,SPRING,15.008,11,9,33,0.454787879,28.04692061,24.41976894,36.576,41.294,-71.051,8.07,32.76,7.34,12.69
NM20130401144,2013,SPRING,7.511,12,6,35,0.2146,29.98350571,30.46313567,35.3568,41.238,-71.231,8.09,32.81,7.84,12.57
NM20130401145,2013,SPRING,31.929,15,6,32,0.99778125,30.69441938,30.31695542,28.0416,41.345,-71.286,8.99,32.76,7.94,14.33
NM20130401146,2013,SPRING,64.27,14,6,31,2.073225806,31.85372581,34.94947996,35.052,41.235,-71.483,7.65,32.85,7.87,11.66
NM20130401147,2013,SPRING,8.973,14,8,39,0.230076923,30.07251231,21.84949918,43.5864,41.159,-71.41,7.76,32.91,8.43,13.37
NM20130401148,2013,SPRING,33.527,14,7,24,1.396958333,34.33843174,32.92103413,27.7368,41.137,-71.472,8.22,32.8,8.41,12.65
NM20130401149,2013,SPRING,22.935,10,6,32,0.71671875,28.61962438,36.53577758,34.4424,41.223,-71.45,7.71,32.87,8.46,13.54
NM20130401150,2013,SPRING,32.777,12,7,27,1.213962963,29.73448486,36.93216393,43.2816,41.275,-71.55,7.73,32.84,8.28,11.6
NM20130901001,2013,FALL,0.294,2,4,12,0.0245,27.017845,16.27708729,13.1064,41.017,-71.949,18.21,32.65,8.2,18.2
NM20130901002,2013,FALL,7.604,2,6,26,0.292461538,27.84544192,23.43613517,17.9832,41.041,-71.875,17.64,33.14,7.75,18
NM20130901003,2013,FALL,14.711,7,7,24,0.612958333,33.48304822,42.30543557,8.2296,40.943,-72.174,18.38,32.73,8.1,18.38
NM20130901004,2013,FALL,2.358,6,5,13,0.181384615,39.09692627,41.27897868,7.3152,40.986,-72.055,18.42,32.71,8.24,18.4
NM20130901005,2013,FALL,2.758,6,5,15,0.183866667,33.11661667,39.5666375,12.192,40.878,-72.32,18.44,32.9,8.5,18.46
NM20130901006,2013,FALL,6.878,7,6,16,0.429875,36.06546283,19.13182431,12.4968,40.91,-72.238,17.59,33.12,8.62,18.32
NM20130901007,2013,FALL,3.542,9,7,20,0.1771,35.82554215,19.96105568,16.764,40.927,-72.155,18.34,32.82,8.45,18.4
NM20130901008,2013,FALL,0.672,1,5,15,0.0448,26.12028667,42.81086499,9.4488,40.69,-72.955,16.43,32.99,7.86,16.96
NM20130901009,2013,FALL,5.158,10,6,22,0.234454545,29.28541367,31.2761946,7.3152,40.825,-72.508,18.89,33.21,7.58,18.97
NM20130901010,2013,FALL,4.61,6,7,23,0.200434783,35.51327575,10.35568517,16.4592,40.791,-72.584,19.05,33.19,7.55,18.98
NM20130901011,2013,FALL,21.337,4,8,23,0.927695652,30.06501081,27.27970655,11.5824,40.765,-72.696,17.04,33.42,7.93,16.86
NM20130901012,2013,FALL,0,0,7,16,0,35.204035,32.88233748,16.1544,40.698,-72.908,16.88,33.06,7.72,16.93
NM20130901013,2013,FALL,0.502,1,7,16,0.031375,28.05933517,28.77728363,8.5344,40.622,-73.21,17.22,33.11,7.73,17.4
NM20130901014,2013,FALL,23.433,4,6,19,1.233315789,32.13606738,29.08337446,9.4488,40.577,-73.507,17.44,33.2,7.88,17.42
NM20130901015,2013,FALL,0.321,3,8,21,0.015285714,25.24956473,28.04678233,16.764,40.559,-73.423,17.64,33.34,7.55,17.86
NM20130901016,2013,FALL,12.259,5,9,23,0.533,27.12871646,19.20267769,18.288,40.555,-73.428,17.57,33.32,7.57,17.86
NM20130901017,2013,FALL,12.508,6,10,30,0.416933333,28.29645141,27.40295309,12.192,40.546,-73.575,17.69,33.47,7.41,17.66
NM20130901018,2013,FALL,17.351,7,7,15,1.156733333,38.97393548,43.55189775,7.9248,40.539,-73.878,17.78,32.8,7.65,17.79
NM20130901019,2013,FALL,2.495,6,6,13,0.191923077,39.27462765,43.78910097,6.4008,40.516,-73.927,17.77,32.19,7.13,17.85
NM20130901020,2013,FALL,14.554,6,9,28,0.519785714,26.11221066,31.13562542,13.716,40.543,-73.768,17.49,33.41,6.99,17.54
NM20130901021,2013,FALL,6.54,7,9,39,0.167692308,25.85077713,26.87820239,17.9832,40.222,-73.927,17.65,33.38,7.08,17.84
NM20130901022,2013,FALL,4.616,7,10,24,0.192333333,35.67024552,39.99157504,16.1544,40.206,-73.969,17.62,33.33,7.25,17.93
NM20130901023,2013,FALL,12.897,8,10,26,0.496038462,34.43594807,32.52841517,11.8872,39.779,-74.055,17.68,32.28,7.19,17.58
NM20130901024,2013,FALL,0.414,3,8,26,0.015923077,31.13641336,18.01638971,8.5344,39.708,-74.112,17.74,32.54,7.23,17.93
NM20130901025,2013,FALL,4.023,5,9,19,0.211736842,35.92374299,40.40739577,16.1544,40.154,-73.973,17.65,33.33,7.29,17.88
NM20130901026,2013,FALL,11.569,4,8,24,0.482041667,32.92516021,27.91315758,18.288,40.095,-73.985,17.62,33.55,7.2,17.64
NM20130901027,2013,FALL,1.337,5,8,25,0.05348,31.3475212,23.8580771,13.4112,39.83,-74.056,17.63,32.12,7.22,17.53
NM20130901028,2013,FALL,10.276,1,9,36,0.285444444,25.07658742,21.94257004,7.0104,39.342,-74.357,17.9,32.49,7.47,17.93
NM20130901029,2013,FALL,0.785,4,7,33,0.023787879,27.26570818,24.10978595,8.2296,39.422,-74.303,17.83,32.65,7.29,17.76
NM20130901030,2013,FALL,3.733,5,7,30,0.124433333,33.58550684,20.81264414,12.192,39.182,-74.604,17.88,32.61,7.24,17.95
NM20130901031,2013,FALL,19.567,6,10,34,0.5755,26.99777644,26.46425794,7.62,39.497,-74.252,17.84,32.46,7.22,17.69
NM20130901032,2013,FALL,2.189,7,7,14,0.156357143,37.74159816,40.37852812,15.5448,39.596,-74.13,17.78,32.79,7.33,17.8
NM20130901033,2013,FALL,2.438,3,3,10,0.2438,32.477681,39.58433347,15.8496,39.556,-74.154,17.8,32.84,7.32,18.07
NM20130901034,2013,FALL,10.413,4,8,25,0.41652,32.01143773,24.2164681,16.1544,39.529,-74.204,17.8,32.63,7.84,17.96
NM20130901035,2013,FALL,0.906,5,7,23,0.039391304,27.40267391,31.70909823,13.1064,39.279,-74.304,18.05,33.04,7.52,18.06
NM20130901036,2013,FALL,1.186,2,8,25,0.04744,28.1683968,28.74330311,11.2776,39.359,-74.312,17.84,32.79,7.42,17.84
NM20130901037,2013,FALL,2.07,3,5,12,0.1725,35.470865,38.23544143,12.8016,39.245,-74.494,18.2,33.2,7.67,18.2
NM20130901038,2013,FALL,1.46,9,5,21,0.06952381,23.54110286,18.77263161,10.3632,39.133,-74.664,18.06,32.88,7.01,17.66
NM20130901039,2013,FALL,3.995,4,3,5,0.799,45.741154,42.35579154,9.7536,39.034,-74.682,17.54,33.07,8.12,17.67
NM20130901040,2013,FALL,1.063,2,5,13,0.081769231,35.47921462,38.42601111,15.8496,39.106,-74.528,18.3,33.19,7.76,18.15
NM20130901041,2013,FALL,1.885,7,4,7,0.269285714,29.33197571,36.07167014,16.764,39.122,-74.556,18.29,33.14,7.93,18.12
NM20130901042,2013,FALL,2.087,3,3,7,0.298142857,50.37233676,47.61387473,14.3256,38.987,-74.594,18.18,33.24,8.02,18.17
NM20130901043,2013,FALL,0.527,6,6,25,0.02108,28.7285356,21.29923514,10.668,39.157,-74.593,18.17,32.94,7.36,18.01
NM20130901044,2013,FALL,0.238,4,6,24,0.009916667,24.60222167,20.20140259,12.8016,39.146,-74.63,18.21,32.96,7.15,17.77
NM20130901045,2013,FALL,16.959,10,5,22,0.770863636,39.02810098,44.42039533,10.9728,38.897,-74.653,18.14,33.41,7.59,18.17
NM20130901046,2013,FALL,14.036,5,4,10,1.4036,51.56088629,47.25293764,12.4968,39.042,-74.714,17.56,33.16,8.29,17.5
NM20130901047,2013,FALL,0,0,6,19,0,43.08746757,45.66022876,9.144,38.496,-75.029,18.11,32.91,6.99,18.14
NM20130901048,2013,FALL,13.451,5,7,18,0.747277778,34.33983452,34.36759424,9.4488,38.913,-74.885,17.36,32.74,7.61,17.44
NM20130901049,2013,FALL,15.424,3,6,16,0.964,34.0685343,16.25311567,12.4968,38.767,-75.057,17.59,31.87,7.13,17.57
NM20130901050,2013,FALL,7.64,8,5,23,0.332173913,41.62184739,28.7826863,10.0584,38.506,-75.036,18.05,32.86,7.17,18.04
NM20130901051,2013,FALL,1.788,5,4,9,0.198666667,40.02723333,40.02723333,13.1064,38.818,-74.645,18.3,33.47,7.57,18.29
NM20130901052,2013,FALL,20.247,9,7,23,0.880304348,32.84861108,30.89218662,12.4968,38.79,-74.735,18.3,33.2,7.55,18.14
NM20130901053,2013,FALL,11.681,9,7,29,0.402793103,33.77479487,28.69923662,19.2024,38.837,-74.73,18.26,33.3,7.8,18.15
NM20130901054,2013,FALL,6.287,5,5,14,0.449071429,34.63534286,45.49921207,12.192,38.874,-74.797,17.64,32.68,7.29,17.65
NM20130901055,2013,FALL,9.786,5,5,11,0.889636364,40.76557202,47.74457113,14.3256,38.692,-74.82,18.07,33.33,7.62,18.09
NM20130901056,2013,FALL,2.101,3,2,4,0.52525,58.53933,60.02798597,11.5824,38.478,-74.977,18.14,32.99,7.29,18.14
NM20130901057,2013,FALL,10.055,7,8,24,0.418958333,29.5332731,17.50452511,11.2776,38.809,-74.981,17.36,32.04,7.25,17.36
NM20130901058,2013,FALL,19.476,6,7,25,0.77904,28.11838215,17.1332749,14.6304,38.678,-75.018,17.97,32.33,7.08,17.93
NM20130901059,2013,FALL,3.669,7,6,17,0.215823529,35.75675582,24.20008568,21.336,38.633,-74.74,18.07,33.38,7.88,18.34
NM20130901060,2013,FALL,3.951,4,6,19,0.207947368,31.08260939,37.51608661,22.2504,38.582,-74.843,18.2,33.6,7.53,18.18
NM20130901061,2013,FALL,2.041,2,5,14,0.145785714,35.29159741,56.27959589,18.5928,38.531,-74.88,18.22,33.33,7.22,17.9
NM20130901062,2013,FALL,3.956,6,6,15,0.263733333,39.06668439,49.03297592,19.812,38.57,-74.894,18.22,33.38,7.47,17.96
NM20130901063,2013,FALL,2.397,2,6,15,0.1598,37.91541475,40.0873797,20.1168,38.642,-74.887,18.14,33.28,7.5,18.06
NM20130901064,2013,FALL,2.481,5,5,18,0.137833333,24.58569776,16.1759478,8.5344,38.208,-75.136,16.98,32.97,7.27,15.9
NM20130901065,2013,FALL,10.016,2,4,9,1.112888889,45.36366693,45.36366693,12.192,38.067,-75.141,17.01,33.2,7.36,17.01
NM20130901066,2013,FALL,5.601,6,2,6,0.9335,48.86629,50.21228773,14.3256,38.365,-74.836,18.26,33.38,7.73,18.3
NM20130901067,2013,FALL,0.708,3,6,17,0.041647059,33.79332877,31.30897116,16.1544,38.407,-74.882,18.32,33.13,7.51,18.34
NM20130901068,2013,FALL,0.232,3,5,20,0.0116,28.3642045,22.47630352,15.8496,38.381,-74.911,18.28,33.1,7.48,18.35
NM20130901069,2013,FALL,0,0,4,6,0,38.48293167,49.23565906,15.5448,38.118,-74.992,17.38,33.65,7.53,17.11
NM20130901070,2013,FALL,0.019,1,2,5,0.0038,74.76327245,67.27061878,14.6304,38.082,-75.044,17.16,33.22,7.52,16.55
NM20130901071,2013,FALL,0,0,2,4,0,55.1711175,57.38075585,15.8496,38.033,-75.049,17.2,33.22,7.47,17.04
NM20130901072,2013,FALL,0.723,2,4,8,0.090375,29.17082875,34.73766293,17.0688,38.095,-75.074,17.11,33.17,7.56,16.48
NM20130901073,2013,FALL,8.809,6,3,16,0.5505625,24.29556938,25.43760917,16.1544,38.36,-74.974,18.43,33.18,7.48,18.51
NM20130901074,2013,FALL,0.415,3,6,19,0.021842105,21.22580878,20.72725917,7.0104,37.732,-75.527,15.7,33.08,7.91,15.99
NM20130901075,2013,FALL,0.771,1,4,5,0.1542,54.77762622,54.77762622,14.0208,37.995,-75.149,17.23,33.27,7.83,16.91
NM20130901076,2013,FALL,0.945,2,3,16,0.0590625,20.78571125,19.23251509,9.144,38.018,-75.221,16.83,33.2,7.23,16.8
NM20130901077,2013,FALL,1.311,5,4,12,0.10925,26.770975,19.8354957,10.3632,37.757,-75.496,,,,
NM20130901078,2013,FALL,0.247,1,5,20,0.01235,27.38201954,20.4690002,10.668,37.782,-75.456,16.66,33.18,7.63,16.67
NM20130901079,2013,FALL,0,0,3,5,0,54.7566,62.89467913,18.288,37.981,-75.079,17.14,33.22,7.76,17
NM20130901080,2013,FALL,0.061,1,2,4,0.01525,42.0306375,43.19841151,9.144,38.02,-75.119,17.37,33.3,7.79,17.33
NM20130901081,2013,FALL,5.652,1,1,3,1.884,58.04327667,58.04327667,15.24,37.891,-75.194,17.27,33.42,7.47,17.33
NM20130901082,2013,FALL,2.488,2,1,3,0.829333333,59.03538333,59.03538333,18.288,37.895,-75.219,17.28,33.42,7.43,17.36
NM20130901083,2013,FALL,2.893,5,5,13,0.222538462,23.50214077,25.52458014,12.192,37.823,-75.304,17.18,33.25,7.34,16.97
NM20130901084,2013,FALL,2.123,2,2,4,0.53075,48.4743975,52.25645429,13.716,37.721,-75.346,17.38,33.41,7.74,17.35
NM20130901085,2013,FALL,1.637,3,3,5,0.3274,46.380974,52.40807289,14.9352,37.685,-75.392,17.28,33.44,7.57,17.25
NM20130901086,2013,FALL,7.758,6,6,21,0.369428571,27.2301758,20.32496142,13.1064,37.721,-75.497,16.5,33.05,7.73,16.9
NM20130901087,2013,FALL,0.162,1,3,8,0.02025,27.0344225,15.13311668,6.096,37.269,-75.727,16.39,32.78,7.98,16.57
NM20130901088,2013,FALL,20.562,4,4,8,2.57025,34.76660672,42.33237489,10.0584,37.387,-75.58,17.31,33.18,7.56,17.19
NM20130901089,2013,FALL,0.847,2,4,13,0.065153846,29.40700231,20.01553306,7.62,37.408,-75.639,15.63,32.8,7.71,16.22
NM20130901090,2013,FALL,0,0,5,17,0,25.88650765,20.50534787,10.0584,37.321,-75.66,16.11,32.75,7.4,16.55
NM20130901091,2013,FALL,2.276,1,3,14,0.162571429,23.45247,15.37486317,8.2296,37.245,-75.721,16.89,33.05,8.27,16.98
NM20130901092,2013,FALL,4.018,3,4,10,0.4018,31.582655,26.73393777,14.9352,37.482,-75.528,17.37,33.19,8,17.42
NM20130901093,2013,FALL,0.422,3,2,4,0.1055,50.0265375,53.88747143,15.24,37.528,-75.544,17.43,33.23,8.11,17.48
NM20130901094,2013,FALL,0.36,3,3,9,0.04,29.51574111,38.13931965,14.0208,37.315,-75.555,17.95,33.96,7.18,17.46
NM20130901095,2013,FALL,1.377,1,3,13,0.105923077,31.63777154,26.10149609,10.9728,37.278,-75.674,16.47,32.75,7.4,16.88
NM20130901096,2013,FALL,30.946,3,4,12,2.578833333,35.44610448,22.4307374,10.9728,37.107,-75.768,17.81,33.3,7.68,16.78
NM20130901097,2013,FALL,2.487,2,2,5,0.4974,45.748734,52.4984175,7.9248,37.146,-75.776,17.27,33.12,8.36,16.58
NM20130901098,2013,FALL,20.557,4,5,12,1.713083333,33.98610415,53.80290228,10.0584,36.93,-75.871,18.58,32.59,6.93,17.32
NM20130901099,2013,FALL,13.601,5,4,14,0.9715,34.6635529,18.7660955,10.9728,36.82,-75.907,18.89,32.57,7.53,17.85
NM20130901100,2013,FALL,7.171,2,5,17,0.421823529,24.67853588,14.36834814,8.2296,36.993,-75.98,18.44,31.92,7.47,17.93
NM20130901102,2013,FALL,2.475,2,4,12,0.20625,37.10186943,33.69627811,16.764,36.934,-75.694,18.25,33.64,7.03,17.5
NM20130901103,2013,FALL,11.965,5,4,11,1.087727273,28.02538091,25.49839923,14.3256,37.146,-75.697,17.93,33.55,7.35,16.29
NM20130901104,2013,FALL,29.868,2,3,5,5.9736,60.92092072,64.56435799,13.716,36.884,-75.818,18.45,33.22,7.42,17.76
NM20130901105,2013,FALL,4.269,7,3,9,0.474333333,30.93913667,39.72895371,14.9352,36.945,-75.745,18.45,33.33,7.09,17.63
NM20130901106,2013,FALL,7.431,6,5,22,0.337772727,32.21496598,21.08147055,16.764,36.667,-75.805,18.88,33.4,6.61,17.98
NM20130901107,2013,FALL,0.032,1,4,12,0.002666667,37.74856539,20.13063343,14.3256,36.731,-75.818,18.92,33.12,6.91,18
NM20130901108,2013,FALL,5.92,3,4,14,0.422857143,30.51233071,19.66881394,11.5824,37.006,-75.821,18.24,33.33,7.17,17.3
NM20130901109,2013,FALL,0.04,1,4,15,0.002666667,38.84810572,19.15397322,15.24,36.647,-75.828,18.86,32.91,6.99,18
NM20130901110,2013,FALL,0.321,4,5,20,0.01605,25.7812561,21.93082461,14.6304,36.71,-75.84,18.97,33.15,7.57,18.05
NM20130901111,2013,FALL,5.368,2,3,13,0.412923077,28.88549462,18.80978562,12.8016,36.709,-75.882,18.83,32.94,7.83,18.06
NM20130901112,2013,FALL,2.412,2,4,14,0.172285714,32.1180297,21.78304901,8.8392,36.231,-75.757,16.78,32.22,6.72,16.33
NM20130901113,2013,FALL,0,0,4,19,0,25.60399526,19.59349076,11.8872,36.32,-75.783,16.31,31.63,7.5,15.76
NM20130901114,2013,FALL,0.719,1,4,11,0.065363636,61.4894482,60.26235999,17.6784,36.319,-75.707,17.07,32.85,7.4,16.44
NM20130901115,2013,FALL,1.27,2,4,16,0.079375,33.44379227,26.70796707,14.9352,35.92,-75.521,17.56,33.44,7.19,16.93
NM20130901116,2013,FALL,0.155,2,3,10,0.0155,45.46632234,50.04918545,15.8496,35.914,-75.558,17.06,33.06,7.41,16.81
NM20130901117,2013,FALL,1.951,2,5,18,0.108388889,26.96955666,20.08616146,12.8016,35.986,-75.62,17.51,33.08,7.01,16.47
NM20130901118,2013,FALL,0.139,2,4,15,0.009266667,25.14435667,19.27560379,14.3256,36.484,-75.732,18.96,33.23,7.24,17.75
NM20130901119,2013,FALL,4.347,2,5,23,0.189,38.89857731,19.01068907,11.2776,35.809,-75.516,17.69,33.47,7.22,16.2
NM20130901120,2013,FALL,0,0,3,13,0,28.56449154,22.16871863,7.9248,35.497,-75.46,17.17,33.2,7.54,17.01
NM20130901121,2013,FALL,0,0,4,21,0,30.79815084,19.83185387,16.1544,35.231,-75.425,18.27,33.97,7.17,18.18
NM20130901122,2013,FALL,1.397,2,3,9,0.155222222,30.40857667,45.06599762,17.0688,35.623,-75.391,17.62,33.48,7.51,17.56
NM20130901123,2013,FALL,0,0,4,19,0,32.47873269,16.49824193,13.1064,35.331,-75.448,17.66,33.43,7.39,17.46
NM20130901124,2013,FALL,0.941,1,7,23,0.040913043,23.82264673,33.07563798,21.336,35.65,-75.4,17.49,33.36,7.53,17.4
NM20130901125,2013,FALL,0.637,7,9,31,0.020548387,23.0647872,14.93220928,20.7264,41.075,-71.974,18.39,32.21,7.64,18.46
NM20130901126,2013,FALL,5.819,7,8,34,0.171147059,24.07649988,19.66653351,23.4696,41.156,-72.005,18.27,32.14,7.37,18.31
NM20130901127,2013,FALL,0.715,7,7,23,0.031086957,21.93909609,11.13975178,18.5928,41.154,-72.025,18.21,32.27,7.46,18.3
NM20130901128,2013,FALL,4.376,7,6,23,0.19026087,29.21969357,9.37422193,30.7848,41.247,-71.816,17.22,33.12,7.15,18.1
NM20130901129,2013,FALL,0.826,4,7,29,0.028482759,27.50591049,10.73930764,36.576,41.228,-71.977,17.37,33.03,6.9,17.95
NM20130901130,2013,FALL,9.352,8,4,16,0.5845,22.74832438,9.557855214,34.4424,41.237,-71.625,17.62,33.53,7.29,17.92
NM20130901131,2013,FALL,1.659,2,4,15,0.1106,21.938904,9.519771089,32.004,41.243,-71.648,17.54,33.6,7.23,17.88
NM20130901132,2013,FALL,18.04,8,8,35,0.515428571,25.28290457,14.10747235,35.052,41.278,-71.696,17.13,33.29,6.23,17.44
NM20130901133,2013,FALL,14.934,13,8,39,0.382923077,31.40654608,15.465768,38.4048,41.252,-71.881,17.35,33.1,7.14,18.08
NM20130901134,2013,FALL,0.745,5,8,40,0.018625,20.78787614,12.84187471,36.576,41.197,-72.019,17.98,32.49,7.31,18.34
NM20130901135,2013,FALL,0.775,3,6,25,0.031,32.3269624,11.36606841,24.9936,41.113,-71.456,14.29,33.86,6.71,18.04
NM20130901136,2013,FALL,0.612,3,4,19,0.032210526,18.23684211,14.11436096,28.956,41.399,-71.002,17.28,33.46,6.81,17.29
NM20130901137,2013,FALL,1.161,3,6,20,0.05805,19.497547,7.665135566,20.4216,41.392,-71.049,17.16,33.46,7.42,17.89
NM20130901138,2013,FALL,5.847,9,7,38,0.153868421,21.50750474,9.202153965,22.2504,41.377,-71.056,16.57,33.5,5.54,17.86
NM20130901139,2013,FALL,2.836,9,6,19,0.149263158,24.18388105,9.476325914,21.9456,41.363,-71.079,16.5,33.51,6.21,18.02
NM20130901140,2013,FALL,4.605,11,7,38,0.121184211,34.55820319,16.05001844,21.6408,41.086,-71.573,13.41,34.05,5.11,18.01
NM20130901141,2013,FALL,0.156,3,7,21,0.007428571,33.90404203,9.128025475,27.7368,41.125,-71.53,16.74,33.89,7.39,17.85
NM20130901142,2013,FALL,14.588,11,7,47,0.310382979,24.07322595,20.66057939,32.9184,41.319,-70.915,,,,
NM20130901143,2013,FALL,5.361,5,5,16,0.3350625,22.74146875,16.97473415,32.3088,41.325,-71.226,14.78,33.73,4.03,17.95
NM20130901144,2013,FALL,4.916,3,6,21,0.234095238,31.35233429,41.13982409,27.7368,41.375,-71.268,15.48,33.63,4.22,18.3
NM20130901145,2013,FALL,0.985,3,4,15,0.065666667,34.05046267,35.34240473,36.2712,41.201,-71.51,16.36,33.83,6.03,17.94
NM20130901146,2013,FALL,0.216,4,3,11,0.019636364,26.51975182,27.61657715,27.7368,41.421,-71.293,15.36,33.63,1.26,17.62
NM20130901147,2013,FALL,16.203,2,5,18,0.900166667,33.00597667,36.29745046,32.3088,41.222,-71.452,16.35,33.99,6.85,17.93
NM20130901148,2013,FALL,0.963,5,4,18,0.0535,30.16869667,42.90196566,36.576,41.216,-71.414,13.94,33.9,4.25,18
NM20130901149,2013,FALL,5.624,6,7,25,0.22496,31.8683832,31.86351596,32.3088,41.312,-71.405,14.59,33.79,3.57,18.04
NM20130901150,2013,FALL,12.391,11,7,32,0.38721875,27.03017188,16.48359694,42.9768,41.278,-71.576,17.41,33.4,7.28,17.83
NM20140401001,2014,SPRING,11.431,10,4,12,0.952583333,35.35967833,50.5140617,12.25296,41.015,-71.967,8.62,30.37,9.57,9.06
NM20140401002,2014,SPRING,0.15,1,5,13,0.011538462,33.28661385,39.13064365,17.92224,41.046,-71.867,8.9,30.25,9.46,9.07
NM20140401003,2014,SPRING,5.521,5,5,13,0.424692308,31.65336462,43.29350657,10.0584,40.967,-72.105,9.31,30.08,9.6,9.79
NM20140401004,2014,SPRING,21.035,9,6,21,1.001666667,34.52031,45.13465788,7.95528,40.881,-72.334,9.96,29.89,9.67,10.27
NM20140401005,2014,SPRING,31.45,6,5,32,0.9828125,28.27416688,37.96031971,12.3444,40.868,-72.347,9.65,30.04,9.54,10.36
NM20140401006,2014,SPRING,8.505,10,4,17,0.500294118,28.49014941,38.35796192,10.9728,40.867,-72.356,9.64,29.95,9.63,10.13
NM20140401007,2014,SPRING,11.155,7,5,21,0.531190476,27.57676857,38.76138578,10.668,40.859,-72.377,8.81,30.32,9.85,10.01
NM20140401008,2014,SPRING,2.414,5,5,13,0.185692308,37.66787923,43.96623591,8.19912,40.794,-72.609,10.37,30.35,8.25,10.23
NM20140401009,2014,SPRING,3.225,4,6,14,0.230357143,41.75155834,44.83424821,10.24128,40.643,-73.105,9.58,31.46,9.46,10.52
NM20140401010,2014,SPRING,9.038,11,6,15,0.602533333,35.03282348,38.40938614,16.764,40.614,-73.18,8.73,31.73,9.33,11.06
NM20140401011,2014,SPRING,3.058,6,5,14,0.218428571,32.65646143,42.24549274,12.86256,40.644,-73.06,9.09,31.47,9.73,10.76
NM20140401012,2014,SPRING,7.569,10,7,30,0.2523,28.86444716,37.83419054,17.09928,40.663,-72.982,10.48,31.04,9.51,10.48
NM20140401013,2014,SPRING,3.581,6,5,18,0.198944444,29.89269944,39.14267215,8.5344,40.587,-73.468,9.5,31.66,9.83,12.57
NM20140401014,2014,SPRING,15.51,8,5,15,1.034,41.84045533,46.35006197,13.4112,40.556,-73.504,10.05,31.67,10.64,12.89
NM20140401015,2014,SPRING,6.825,6,5,17,0.401470588,27.11197529,36.67281086,16.4592,40.553,-73.471,9.48,31.67,10.38,12.71
NM20140401016,2014,SPRING,5.821,7,6,22,0.264590909,24.07953,31.250391,14.3256,40.547,-73.504,8.54,31.85,10.22,13.17
NM20140401017,2014,SPRING,0.115,1,6,23,0.005,26.4622287,32.36768946,15.8496,40.534,-73.618,8.86,31.75,10.47,14.82
NM20140401018,2014,SPRING,9.798,4,6,14,0.699857143,48.01232571,54.59191161,9.144,40.382,-73.958,7.69,32.05,10.06,14.94
NM20140401019,2014,SPRING,8.583,8,8,24,0.357625,33.88667542,37.94573237,8.5344,40.538,-73.881,8.06,31.87,9.19,10.48
NM20140401020,2014,SPRING,4.273,10,8,25,0.17092,29.9324768,37.63492319,13.1064,40.218,-73.977,7.78,31.99,9.24,14.39
NM20140401021,2014,SPRING,4.026,5,4,11,0.366,36.57881545,38.18184411,14.9352,40.391,-73.931,7.47,32.38,11.24,14.07
NM20140401022,2014,SPRING,0.43,2,9,22,0.019545455,37.97817771,40.69810241,17.3736,40.244,-73.961,7.52,32.23,8.74,13.14
NM20140401023,2014,SPRING,5.47,9,10,30,0.182333333,30.65813784,30.62734999,16.4592,39.915,-74.055,8.88,31.17,10.29,13.83
NM20140401024,2014,SPRING,15.285,13,9,42,0.363928571,26.53319621,33.17508972,9.4488,39.738,-74.085,8.62,31.49,9.2,10.43
NM20140401025,2014,SPRING,5.408,8,5,11,0.491636364,35.14183818,39.15414353,13.4112,40.12,-73.992,10.75,30.97,11.09,14.65
NM20140401026,2014,SPRING,6.483,6,5,19,0.341210526,36.0873636,32.97779534,16.4592,39.762,-74.013,8.22,32.24,10.16,13.07
NM20140401027,2014,SPRING,1.764,2,4,11,0.160363636,38.35074597,44.06840611,14.9352,39.792,-74.029,8.24,32.16,9.37,12.11
NM20140401028,2014,SPRING,18.469,10,7,15,1.231266667,43.27999921,46.64779344,7.62,39.502,-74.256,10.78,,10.22,12.95
NM20140401029,2014,SPRING,3.751,4,6,14,0.267928571,44.23566643,51.54836913,5.1816,39.311,-74.486,11.52,,9.51,12.63
NM20140401030,2014,SPRING,4.488,5,6,19,0.236210526,38.28457229,36.24128558,9.7536,39.357,-74.344,10.95,,9.87,12.05
NM20140401031,2014,SPRING,6.211,6,9,18,0.345055556,40.27923754,54.85055669,10.668,39.23,-74.578,12.89,,9.03,13.03
NM20140401032,2014,SPRING,33.507,5,5,15,2.2338,42.34687669,46.2927844,12.8016,39.647,-74.12,8.11,,8.62,12.63
NM20140401033,2014,SPRING,1.915,6,10,35,0.054714286,30.86067599,26.87842378,11.5824,39.393,-74.279,8.65,,9.35,12.87
NM20140401034,2014,SPRING,14.527,7,5,16,0.9079375,29.91166154,36.80815461,14.38656,39.268,-74.345,8.38,32.51,8.89,12.12
NM20140401035,2014,SPRING,10.821,9,6,17,0.636529412,37.44407785,44.71774587,14.87424,39.293,-74.362,8.95,31.99,9.41,12.22
NM20140401036,2014,SPRING,16.549,11,5,18,0.919388889,31.00390032,30.90176508,15.14856,39.254,-74.423,9.18,31.89,9.27,12.15
NM20140401037,2014,SPRING,7.93,10,7,24,0.330416667,33.26566542,33.15947844,12.192,39.268,-74.507,9.56,31.79,9.14,12.06
NM20140401038,2014,SPRING,14.187,11,9,24,0.591125,38.91029706,49.64884691,10.8204,38.952,-74.791,11.18,31.42,9.36,11.93
NM20140401039,2014,SPRING,7.245,6,7,23,0.315,37.57850454,21.00727684,8.86968,38.936,-74.817,11.69,31.31,9.32,11.85
NM20140401040,2014,SPRING,8.097,9,7,19,0.426157895,35.91229128,41.98111222,18.19656,39.155,-74.528,8.68,32.23,8.58,11.81
NM20140401041,2014,SPRING,4.134,7,7,23,0.17973913,31.65619893,35.6928022,17.86128,39.082,-74.551,8.94,32.2,9.77,12.1
NM20140401042,2014,SPRING,9.826,6,4,8,1.22825,56.33590029,48.38414489,13.716,38.983,-74.592,8.9,32.23,9.26,11.79
NM20140401043,2014,SPRING,4.505,7,3,10,0.4505,31.238718,38.10940285,12.192,39.022,-74.593,8.84,32.24,8.97,11.66
NM20140401044,2014,SPRING,13.394,8,7,25,0.53576,33.23850104,37.35694045,12.192,39.146,-74.633,9.73,,9.38,12.08
NM20140401045,2014,SPRING,17.387,7,6,12,1.448916667,51.14382121,52.96759573,15.24,38.883,-74.73,10.3,31.87,9.29,11.91
NM20140401046,2014,SPRING,10.679,5,6,20,0.53395,38.8158236,53.34508103,9.144,38.954,-74.729,10.74,31.47,9.43,12.04
NM20140401047,2014,SPRING,5.135,4,8,20,0.25675,34.71043718,31.37180072,8.5344,38.696,-75.054,10.6,30.51,8.79,12.36
NM20140401048,2014,SPRING,3.386,8,5,15,0.225733333,40.3523366,47.89201038,10.0584,38.867,-74.805,10.35,32.01,9.31,11.52
NM20140401049,2014,SPRING,0.598,5,5,14,0.042714286,38.94520357,49.89026809,10.0584,38.476,-75.02,10.57,30.88,9.46,12.19
NM20140401050,2014,SPRING,3.287,6,6,17,0.193352941,41.5263721,46.48560149,11.5824,38.524,-75.03,11.09,30.25,8.97,12.09
NM20140401051,2014,SPRING,10.113,7,6,12,0.84275,48.0059555,47.3793179,12.192,38.681,-74.744,9.83,32.6,9.52,11.6
NM20140401052,2014,SPRING,5.753,8,3,9,0.639222222,63.82910788,66.45015995,16.764,38.667,-74.806,9.22,32.69,8.94,11.03
NM20140401053,2014,SPRING,5.475,6,4,13,0.421153846,40.10257522,23.14974484,13.716,38.769,-74.844,10.27,32.2,9.27,11.85
NM20140401054,2014,SPRING,7.903,7,4,8,0.987875,63.04010835,58.15354172,13.716,38.766,-74.867,10.41,32.19,9.25,11.62
NM20140401055,2014,SPRING,6.649,9,4,12,0.554083333,30.319985,40.48785593,15.8496,38.504,-74.922,9.5,32.23,9,12.37
NM20140401056,2014,SPRING,9.927,9,4,10,0.9927,38.39063,47.95640844,12.8016,38.456,-74.949,9.46,32.24,9.99,12.36
NM20140401057,2014,SPRING,5.982,6,6,14,0.427285714,39.98281751,43.11711798,15.5448,38.695,-74.944,9.49,32.45,8.56,12.07
NM20140401058,2014,SPRING,15.512,4,7,17,0.912470588,42.49388445,47.91980881,16.764,38.655,-74.968,9.58,32.34,8.3,12.9
NM20140401059,2014,SPRING,10.321,6,4,9,1.146777778,61.46773083,63.9287709,22.86,38.582,-74.768,9.26,32.71,9.22,12.64
NM20140401060,2014,SPRING,11.844,7,5,19,0.623368421,36.64450616,41.54751581,19.812,38.655,-74.771,9.43,32.71,9.15,12.14
NM20140401061,2014,SPRING,22.57,11,4,9,2.507777778,52.32360904,46.48953136,23.7744,38.53,-74.83,9.29,32.69,9.68,11.76
NM20140401062,2014,SPRING,4.112,7,4,10,0.4112,55.5694766,54.98484384,23.7744,38.571,-74.83,9.29,32.69,9.67,11.72
NM20140401063,2014,SPRING,1.348,3,4,11,0.122545455,25.96429455,13.69706896,34.4424,38.765,-74.942,9.37,32.52,8.59,11.68
NM20140401064,2014,SPRING,28.001,4,5,17,1.647117647,50.95629779,50.68855436,7.3152,38.157,-75.154,9.71,31.73,9.35,10.78
NM20140401065,2014,SPRING,3.796,5,5,15,0.253066667,40.58454708,38.91099279,8.8392,38.432,-75.041,12.62,29.14,9.33,12.87
NM20140401066,2014,SPRING,4.778,4,4,11,0.434363636,55.83580745,61.93068148,11.2776,38.314,-74.856,9.23,32.64,9.47,11.82
NM20140401067,2014,SPRING,10.675,10,6,13,0.821153846,49.14004778,61.48400349,16.1544,38.371,-74.908,9.36,32.42,9.66,12.04
NM20140401068,2014,SPRING,4.229,7,5,11,0.384454545,53.71709891,58.23451969,16.1544,38.258,-74.928,9.38,32.43,10.04,11.86
NM20140401069,2014,SPRING,10.16,6,4,10,1.016,63.44146165,52.65228075,17.6784,38.355,-74.954,9.48,32.31,9.83,12
NM20140401070,2014,SPRING,15.313,9,3,9,1.701444444,62.72501783,62.72501783,18.288,38.121,-75.007,9.39,32.54,9.56,12.35
NM20140401071,2014,SPRING,16.665,5,8,23,0.724565217,38.80100948,21.59402176,14.9352,38.298,-75.019,10.66,31.5,9.46,11.65
NM20140401072,2014,SPRING,3.022,3,6,18,0.167888889,44.8922855,47.5520943,17.9832,38.222,-75.04,9.29,32.49,9.55,11.99
NM20140401073,2014,SPRING,2.859,6,6,13,0.219923077,49.24221924,48.41631355,15.8496,38.158,-75.079,9.33,32.44,9.77,12.16
NM20140401074,2014,SPRING,12.587,8,6,15,0.839133333,50.70401663,58.16823744,13.716,38.008,-75.129,10.11,32.18,9.74,12.35
NM20140401075,2014,SPRING,4.621,7,8,28,0.165035714,30.82730081,20.2976394,10.0584,37.834,-75.299,9.99,32.18,8.78,13.53
NM20140401076,2014,SPRING,5.168,6,7,23,0.224695652,32.36530094,34.61401126,7.62,37.819,-75.418,10.12,31.72,8.48,13.6
NM20140401077,2014,SPRING,3.032,1,5,9,0.336888889,42.58096667,46.42949818,7.9248,37.597,-75.523,10.34,31.81,9.23,12.26
NM20140401078,2014,SPRING,13.059,10,7,22,0.593590909,32.7340592,53.57735786,7.62,37.606,-75.57,11.12,31.51,8.71,12.9
NM20140401079,2014,SPRING,12.542,3,5,11,1.140181818,56.4321311,55.50724013,11.5824,37.93,-75.184,10.06,32.5,9.45,12.11
NM20140401080,2014,SPRING,4.101,5,5,15,0.2734,31.826066,21.1376983,16.764,37.752,-75.303,9.67,32.55,9.19,13.17
NM20140401081,2014,SPRING,11.731,9,7,21,0.558619048,38.66355409,25.73536165,21.336,37.605,-75.333,9.43,32.53,9.24,11.44
NM20140401082,2014,SPRING,10.648,8,6,14,0.760571429,44.62248316,27.59774615,16.4592,37.706,-75.341,9.74,32.47,9.06,13.06
NM20140401083,2014,SPRING,27.954,4,6,14,1.996714286,36.61106612,24.78059196,15.24,37.679,-75.378,9.8,32.28,9.3,12.97
NM20140401084,2014,SPRING,2.975,5,5,18,0.165277778,35.77846944,24.87463116,11.5824,37.754,-75.382,9.96,32.03,9.34,12.39
NM20140401085,2014,SPRING,9.123,6,4,10,0.9123,40.805457,41.58011917,12.8016,37.657,-75.447,9.71,32.12,9.17,12.38
NM20140401086,2014,SPRING,8.403,9,7,17,0.494294118,43.60530863,25.54357896,12.4968,37.606,-75.478,9.96,31.84,9.21,12.2
NM20140401087,2014,SPRING,17.033,7,7,13,1.310230769,49.04930767,49.74328612,9.144,37.536,-75.523,9.65,32.2,9.45,11.87
NM20140401088,2014,SPRING,5.908,3,4,13,0.454461538,41.98518154,43.3046025,13.716,37.455,-75.577,9.71,32.14,9.3,12.89
NM20140401089,2014,SPRING,6.537,5,7,13,0.502846154,44.44519154,46.76048994,10.668,37.481,-75.577,9.62,32.18,9.27,13.71
NM20140401090,2014,SPRING,0.13,1,4,11,0.011818182,40.64392273,49.56737195,4.572,37.291,-75.711,11.57,31.9,9,11.64
NM20140401091,2014,SPRING,10.807,4,4,9,1.200777778,49.35088889,51.74296463,7.3152,37.195,-75.741,11.1,32.12,9.25,11.09
NM20140401092,2014,SPRING,6.24,4,7,16,0.39,46.64447525,46.212046,13.716,37.222,-75.554,9.64,32.67,9.32,11.64
NM20140401093,2014,SPRING,11.857,6,5,19,0.624052632,48.25927505,22.14993951,16.1544,37.294,-75.557,9.71,32.6,9.28,10.87
NM20140401094,2014,SPRING,7.309,4,6,18,0.406055556,39.29744278,51.77098303,10.668,37.431,-75.597,10.51,31.93,9.24,12.69
NM20140401095,2014,SPRING,4.654,8,6,17,0.273764706,35.89813941,19.31232438,15.24,37.184,-75.634,10.08,32.27,9.48,10.03
NM20140401096,2014,SPRING,15.943,2,4,9,1.771444444,43.34953556,55.32342375,7.0104,37.031,-75.945,10.88,32.07,9.31,11.24
NM20140401097,2014,SPRING,22.683,3,3,7,3.240428571,55.83399714,57.91263968,7.3152,37.044,-75.861,10.6,32.42,9.32,10.6
NM20140401098,2014,SPRING,38.484,3,5,16,2.40525,35.20418375,43.59762364,10.0584,36.94,-75.881,10.06,31.64,9.48,12.41
NM20140401099,2014,SPRING,6.762,4,7,17,0.397764706,41.29006395,57.76900175,9.4488,36.778,-75.906,11.66,29.08,9.65,12.66
NM20140401100,2014,SPRING,12.874,3,6,10,1.2874,42.223598,60.25925405,7.3152,36.995,-75.969,11.42,30.4,9.27,11.77
NM20140401101,2014,SPRING,12.829,1,6,16,0.8018125,34.11709375,51.64462672,6.4008,37.048,-75.995,10.89,31.97,9.27,11.32
NM20140401102,2014,SPRING,7.422,4,5,12,0.6185,44.43823438,46.2750816,12.4968,36.993,-75.721,9.76,32.62,9.46,9.85
NM20140401103,2014,SPRING,0.976,2,6,14,0.069714286,38.36892429,54.38131769,17.3736,36.652,-75.743,9.1,32.2,9.28,11.52
NM20140401104,2014,SPRING,0.913,1,5,12,0.076083333,35.09803667,51.34408928,18.5928,36.63,-75.772,8.74,32.27,9.4,11.07
NM20140401105,2014,SPRING,5.402,1,2,8,0.67525,32.34147875,54.84086422,12.4968,36.594,-75.796,8.85,32.16,9.23,10.87
NM20140401106,2014,SPRING,0.31,2,4,8,0.03875,55.89250665,73.4865432,18.288,36.629,-75.779,8.82,32.22,9.17,10.9
NM20140401107,2014,SPRING,1.448,4,5,13,0.111384615,37.76951846,33.33264353,12.4968,36.93,-75.795,10.15,32.46,9.48,10.64
NM20140401108,2014,SPRING,0.001,1,5,11,9.09091E-05,46.5418383,56.92646162,12.4968,36.555,-75.822,9.31,31.82,9.17,10.96
NM20140401109,2014,SPRING,2.678,2,7,18,0.148777778,32.286192,35.06344052,13.716,36.593,-75.819,9.07,32,9.49,10.72
NM20140401110,2014,SPRING,5.577,3,5,15,0.3718,29.63277067,31.88686363,14.3256,36.896,-75.92,9.79,31.07,9.28,12.02
NM20140401111,2014,SPRING,2.914,1,4,9,0.323777778,38.83320444,57.83605233,10.9728,36.945,-75.905,10.39,31.18,9.52,12.07
NM20140401112,2014,SPRING,0.028,1,7,18,0.001555556,34.23830842,39.26483139,7.3152,36.356,-75.804,10.44,31.43,9.42,12.24
NM20140401113,2014,SPRING,2.607,1,6,11,0.237,44.7110186,56.77645123,7.3152,36.28,-75.779,10.27,31.31,9.6,11.66
NM20140401114,2014,SPRING,0.091,1,3,5,0.0182,55.093576,61.84342,17.9832,36.42,-75.707,9.1,32.08,9.44,11.92
NM20140401115,2014,SPRING,0.168,2,3,16,0.0105,26.88874938,16.70875292,17.3736,35.893,-75.555,9.42,31.37,8.81,10.56
NM20140401116,2014,SPRING,0.099,2,3,6,0.0165,44.81155833,64.12747167,14.9352,36.18,-75.699,9.16,31.99,9.24,11.38
NM20140401117,2014,SPRING,0.603,3,6,16,0.0376875,32.24548946,49.84977137,14.9352,36.519,-75.795,8.96,32.05,9.59,12.64
NM20140401118,2014,SPRING,6.035,5,6,27,0.223518519,28.99251598,19.18688509,14.6304,36.474,-75.804,9.84,31.48,9.43,11.98
NM20140401119,2014,SPRING,1.93,2,3,15,0.128666667,26.67186067,49.73218732,7.9248,35.509,-75.457,10.32,29.74,9.31,10.78
NM20140401120,2014,SPRING,0.122,1,3,16,0.007625,26.53566438,17.55508845,7.9248,35.259,-75.485,11.37,30.53,9.05,11.56
NM20140401121,2014,SPRING,0,0,2,6,0,42.95333167,59.29333042,13.716,35.581,-75.39,9.3,32.45,9.47,12.25
NM20140401122,2014,SPRING,0,0,3,15,0,22.85273533,42.195706,13.4112,35.521,-75.405,9.53,32.46,9.37,10.25
NM20140401123,2014,SPRING,0.022,1,3,9,0.002444444,37.06812297,52.10718036,13.1064,35.628,-75.449,9.4,31.71,9.49,11.16
NM20140401124,2014,SPRING,0.886,4,4,19,0.046631579,25.54038684,19.54574019,21.336,35.772,-75.478,9.05,32.48,9.28,11.14
NM20140401125,2014,SPRING,18.178,12,5,40,0.45445,27.35513575,24.80957416,37.1856,41.278,-71.872,8.48,31.48,9.06,10.14
NM20140401126,2014,SPRING,45.6217,14,7,40,1.1405425,28.2390055,37.77424707,29.8704,41.148,-71.704,8.87,31.58,9.32,9.54
NM20140401127,2014,SPRING,19.282,14,7,20,0.9641,25.779787,32.68128639,27.37104,41.148,-71.745,8.83,31.67,9.11,8.98
NM20140401128,2014,SPRING,37.944,11,7,39,0.972923077,25.31731641,20.12467651,26.2128,41.301,-71.678,9.18,31.78,8.53,10.3
NM20140401129,2014,SPRING,2.23,4,6,16,0.139375,31.91786875,29.98417791,34.4424,41.192,-71.898,8.39,30.83,9.26,9.64
NM20140401130,2014,SPRING,17.665,11,7,53,0.333301887,25.70065528,22.795905,33.2232,41.217,-71.671,9.02,31.61,9.08,9.97
NM20140401131,2014,SPRING,8.687,7,7,32,0.27146875,23.55959531,15.31193105,33.8328,41.225,-71.675,7.31,31.8,9.36,9.24
NM20140401132,2014,SPRING,55.653,15,8,47,1.184106383,26.8575383,18.76515121,34.1376,41.258,-71.722,8.37,31.63,8.95,10.13
NM20140401133,2014,SPRING,1.914,4,6,20,0.0957,25.277402,29.65217802,29.19984,41.172,-71.799,7.73,30.99,9.33,8.8
NM20140401134,2014,SPRING,26.358,10,7,39,0.675846154,25.96630513,22.31535645,36.8808,41.214,-71.833,8.29,31.23,9.06,9.98
NM20140401135,2014,SPRING,8.226,11,8,30,0.2742,31.50417575,24.85081333,23.1648,41.321,-71.578,9.91,31.88,8.49,11.98
NM20140401136,2014,SPRING,56.8943,11,8,52,1.094121154,29.40518904,15.0193198,29.2608,41.302,-71.514,9.39,32.05,8.15,12.08
NM20140401137,2014,SPRING,18.0146,11,7,42,0.428919048,24.70784405,15.43619559,23.34768,41.44,-71.391,9.91,32.26,7.95,12.36
NM20140401138,2014,SPRING,17.367,17,8,43,0.403883721,27.94343023,13.18155462,22.5552,41.34,-71.035,9.23,32.34,8.73,11.44
NM20140401139,2014,SPRING,37.78,14,7,56,0.674642857,26.70088679,20.75995199,31.0896,41.398,-71.001,10.89,32.25,8.31,11.86
NM20140401140,2014,SPRING,79.18,19,8,59,1.342033898,26.56054339,17.30621201,33.46704,41.307,-71.58,9.29,32.21,7.79,11.04
NM20140401141,2014,SPRING,38.076,13,7,43,0.885488372,27.69824884,19.89349409,28.6512,41.322,-70.988,9.25,32.34,8.62,11.42
NM20140401142,2014,SPRING,71.605,14,9,55,1.301909091,30.76873855,20.41093953,33.2232,41.31,-71.058,8.98,32.29,8.28,12.08
NM20140401143,2014,SPRING,33.975,17,11,57,0.596052632,29.00939658,16.50679331,31.0896,41.326,-71.218,8.43,32.4,8.18,12.55
NM20140401144,2014,SPRING,24.861,14,8,33,0.753363636,29.84111939,24.05804535,31.3944,41.296,-71.24,7.92,32.19,8.4,12.59
NM20140401145,2014,SPRING,10.566,8,7,37,0.285567568,22.94022459,17.62282488,31.3944,41.405,-71.426,9.98,32.3,7.95,12.44
NM20140401146,2014,SPRING,7.215,7,8,36,0.200416667,28.50689718,23.94372751,26.3652,41.42,-71.3,10.91,32.42,8,12.51
NM20140401147,2014,SPRING,29.466,17,6,51,0.577764706,28.3773549,34.57558216,38.4048,41.145,-71.41,6.46,32.36,8.71,12.71
NM20140401148,2014,SPRING,25.918,18,7,43,0.602744186,26.06841442,26.63952658,37.1856,41.273,-71.424,8.34,32.36,7.26,11.93
NM20140401149,2014,SPRING,49.559,14,7,46,1.077369565,24.31103848,22.18871488,38.7096,41.271,-71.446,8.18,32.3,7.91,12.32
NM20140401150,2014,SPRING,28.702,17,9,45,0.637822222,26.95177337,17.76540557,42.27576,41.287,-71.529,9.01,32.33,7.73,12.83
NM20140901001,2014,FALL,1.591,2,5,18,0.088388889,26.04599889,13.76738177,14.20368,41.004,-71.973,19.23,32.05,7.78,19.27
NM20140901002,2014,FALL,0,0,4,14,0,40.31184357,51.2297178,18.31848,41.045,-71.864,19.27,31.95,7.66,19.31
NM20140901003,2014,FALL,0.041,1,7,19,0.002157895,37.86073526,31.61744375,7.62,40.887,-72.32,18.8,33.9,6.91,19.05
NM20140901004,2014,FALL,4.174,5,6,15,0.278266667,27.33813733,10.5944042,7.25424,40.95,-72.131,18.38,33.35,7.15,18.35
NM20140901005,2014,FALL,2.322,4,5,15,0.1548,33.92939206,10.46828136,14.05128,40.861,-72.353,19.27,34.02,6.85,18.95
NM20140901006,2014,FALL,1.06,3,5,16,0.06625,34.31845813,10.51532993,13.19784,40.844,-72.405,19.36,34.04,6.52,19.15
NM20140901007,2014,FALL,0.002,1,5,15,0.000133333,29.63808733,13.08793273,12.3444,40.987,-72.018,19.18,32.12,7.68,19.2
NM20140901008,2014,FALL,0.927,2,5,14,0.066214286,34.87382857,34.49026229,7.43712,40.794,-72.61,19.04,33.85,6.91,19.1
NM20140901009,2014,FALL,0,0,5,17,0,41.74751943,43.91100867,11.2776,40.651,-73.077,18.87,32.96,6.54,18.85
NM20140901010,2014,FALL,10.67,5,7,19,0.561578947,31.70570877,20.87212013,12.86256,40.754,-72.729,19.42,34.13,6.31,18.74
NM20140901011,2014,FALL,5.456,4,6,19,0.287157895,38.48793867,18.33329966,10.9728,40.739,-72.801,19.24,33.98,6.65,18.51
NM20140901012,2014,FALL,1.689,2,5,15,0.1126,36.99925133,11.24482787,13.19784,40.834,-72.439,19.18,33.93,6.61,19.06
NM20140901013,2014,FALL,6.523,4,7,28,0.232964286,27.65828289,17.40459227,6.096,40.576,-73.708,17.25,32.17,6.84,17.17
NM20140901014,2014,FALL,1.069,3,8,23,0.046478261,31.23619773,19.56241489,7.0104,40.595,-73.441,18.26,31.66,7.37,18.21
NM20140901015,2014,FALL,2.888,5,7,20,0.1444,35.29184668,9.528275681,15.5448,40.541,-73.527,18.24,32.18,7.36,18.25
NM20140901016,2014,FALL,7.947,11,5,20,0.39735,31.86057759,10.66963131,17.6784,40.517,-73.603,17.4,32.82,6.92,18.18
NM20140901017,2014,FALL,6.709,6,5,20,0.33545,29.76865299,8.192889411,16.4592,40.526,-73.634,17.07,32.98,7.1,18.06
NM20140901018,2014,FALL,3.708,4,6,22,0.168545455,30.88866615,12.46653534,10.14984,40.536,-73.89,17.24,32.21,7.14,16.94
NM20140901019,2014,FALL,10.584,7,7,23,0.460173913,34.47871107,11.9339964,8.65632,40.438,-73.951,17.66,31.25,7.16,17.53
NM20140901020,2014,FALL,0.61,1,5,16,0.038125,38.2614682,8.472058942,15.24,40.545,-73.716,17.85,32.49,7.13,17.78
NM20140901021,2014,FALL,3.86,4,6,15,0.257333333,33.39189333,7.521093888,18.4404,40.52,-73.781,16.46,33.2,4.89,17.85
NM20140901022,2014,FALL,2.509,2,6,18,0.139388889,36.86391846,13.07746541,16.24584,40.181,-73.973,18.44,32.27,7.19,18.82
NM20140901023,2014,FALL,2.127,1,8,23,0.092478261,33.9314818,26.68508708,7.3152,39.781,-74.078,18.3,32.27,7.39,18.23
NM20140901024,2014,FALL,13.507,6,7,22,0.613954545,34.69596183,22.19485179,8.8392,39.691,-74.124,18.37,31.77,7.32,18.4
NM20140901025,2014,FALL,3.758,5,6,16,0.234875,37.54279883,7.460736734,14.6304,39.707,-74.032,18.9,32.08,7.43,18.42
NM20140901026,2014,FALL,4.515,7,9,27,0.167222222,33.84598051,28.54540155,13.35024,39.99,-74.047,18.71,32.26,7.16,18.84
NM20140901027,2014,FALL,2.848,4,7,25,0.11392,29.94017845,16.93043855,10.668,39.718,-74.069,18.97,32.21,7.65,18.59
NM20140901028,2014,FALL,0,0,7,20,0,31.34450121,20.25584229,7.86384,39.293,-74.5,19.14,32.3,7.21,18.62
NM20140901029,2014,FALL,9.509,8,7,29,0.327896552,33.25260984,20.90116844,10.668,39.63,-74.172,18.6,31.83,7.41,18.6
NM20140901030,2014,FALL,4.77,5,8,28,0.170357143,31.71991722,20.94686914,9.144,39.492,-74.251,18.67,31.83,7.47,18.42
NM20140901031,2014,FALL,9.042,8,6,20,0.4521,35.43244508,20.39964034,8.5344,39.344,-74.376,18.89,31.65,7.4,18.51
NM20140901032,2014,FALL,8.9,8,7,18,0.494444444,32.69200552,36.7458982,14.6304,39.638,-74.107,18.7,31.91,7.68,18.66
NM20140901033,2014,FALL,13.079,7,7,21,0.622809524,34.52699844,40.67572634,13.4112,39.623,-74.144,18.85,32.07,7.49,18.66
NM20140901034,2014,FALL,4.863,6,6,28,0.173678571,28.67849607,21.41549533,13.19784,39.382,-74.257,19.03,32.05,7.25,18.37
NM20140901035,2014,FALL,2.76,3,3,9,0.306666667,46.38602333,45.16759678,16.03248,39.234,-74.406,19.26,32.45,7.39,19.52
NM20140901036,2014,FALL,12.081,9,5,13,0.929307692,53.59423809,47.75323901,14.87424,39.216,-74.497,19.33,32.68,7.17,19.55
NM20140901037,2014,FALL,12.914,4,6,12,1.076166667,39.61422707,40.24795781,16.9164,39.187,-74.526,19.32,32.68,7.33,19.27
NM20140901038,2014,FALL,1.567,3,6,20,0.07835,39.21828308,25.8413784,13.53312,39.148,-74.613,19.22,32.23,7.08,19.12
NM20140901039,2014,FALL,4.582,8,4,10,0.4582,43.768971,45.7464206,8.86968,39.016,-74.655,19.5,31.99,7.03,19.52
NM20140901040,2014,FALL,3.962,3,6,17,0.233058824,29.96486455,33.82393179,15.72768,38.956,-74.539,19.43,31.91,7.23,19.5
NM20140901041,2014,FALL,0.796,4,6,22,0.036181818,29.23408064,25.79102199,15.91056,38.841,-74.606,19.65,32.7,7.15,19.58
NM20140901042,2014,FALL,14.61,7,6,27,0.541111111,32.15788526,21.76253205,12.52728,38.944,-74.62,19.56,32.28,7.21,19.6
NM20140901043,2014,FALL,12.827,8,7,26,0.493346154,32.90216798,18.80762308,10.91184,39.155,-74.622,18.9,32.02,7.34,18.92
NM20140901044,2014,FALL,14.495,6,6,17,0.852647059,45.91165889,52.08657476,9.54024,39.01,-74.712,19.53,31.79,7.17,19.52
NM20140901045,2014,FALL,9.81,8,5,13,0.754615385,48.18255737,50.4922705,13.65504,38.902,-74.736,19.62,31.97,7.34,19.71
NM20140901046,2014,FALL,1.545,2,5,15,0.103,37.65271592,28.39979399,8.96112,38.957,-74.744,19.51,31.79,6.93,19.43
NM20140901047,2014,FALL,3.612,7,7,28,0.129,30.39658003,18.50283178,10.24128,38.637,-75.032,19.83,31.97,6.67,19.79
NM20140901048,2014,FALL,10.005,5,6,21,0.476428571,37.79071294,45.91347034,8.62584,38.854,-74.882,19.59,31.79,7.68,19.72
NM20140901049,2014,FALL,2.522,5,5,13,0.194,52.51932831,53.92115512,7.86384,38.839,-74.958,19.75,32.39,7.19,19.68
NM20140901050,2014,FALL,1.59,4,8,24,0.06625,25.06690432,19.07761611,10.57656,38.544,-75.005,19.65,31.95,7.12,19.63
NM20140901051,2014,FALL,2.145,6,5,12,0.17875,46.0483025,48.00084933,17.25168,38.716,-74.778,19.89,32.27,7.33,19.6
NM20140901052,2014,FALL,2.47,4,6,16,0.154375,38.65499192,34.5789753,14.50848,38.796,-74.83,19.7,31.95,6.91,19.68
NM20140901053,2014,FALL,3.206,3,6,17,0.188588235,37.49711849,50.28545403,13.19784,38.837,-74.829,19.56,31.37,7.16,19.66
NM20140901054,2014,FALL,0.945,3,5,18,0.0525,29.53243889,21.21985892,16.39824,38.473,-74.892,19.39,32.49,7.15,19.32
NM20140901055,2014,FALL,0.05,1,2,6,0.008333333,40.688305,46.47329556,14.72184,38.496,-74.925,19.42,32.22,6.94,19.39
NM20140901056,2014,FALL,3.758,5,6,28,0.134214286,37.96338149,18.02749523,17.25168,38.473,-74.962,19.7,32.03,7.26,19.66
NM20140901057,2014,FALL,6.694,6,7,29,0.230827586,27.5022475,17.42251545,16.764,38.718,-74.966,19.79,32.43,6.68,19.59
NM20140901058,2014,FALL,2.913,6,5,23,0.126652174,28.36760212,17.73436803,11.15568,38.553,-74.989,19.41,31.92,6.99,19.33
NM20140901059,2014,FALL,1.542,2,4,15,0.1028,32.74973478,37.21632914,23.89632,38.579,-74.768,19.63,33.06,6.67,20.16
NM20140901060,2014,FALL,11.418,9,6,16,0.713625,35.00484061,42.34232567,19.9644,38.521,-74.843,19.32,33.47,7.17,19.45
NM20140901061,2014,FALL,1.205,3,3,7,0.172142857,47.72560025,48.61573293,18.80616,38.607,-74.773,19.87,32.9,7.08,20.06
NM20140901062,2014,FALL,2.698,5,7,25,0.10792,29.66755695,27.99303487,22.15896,38.679,-74.906,19.71,32.86,6.46,20.15
NM20140901063,2014,FALL,3.118,4,6,18,0.173222222,35.36891758,43.66794252,29.19984,38.725,-74.913,19.82,32.79,7.07,19.84
NM20140901064,2014,FALL,0.578,4,5,24,0.024083333,25.37843625,17.61035516,10.30224,38.072,-75.128,,,,
NM20140901065,2014,FALL,0.581,1,3,18,0.032277778,26.21693722,20.23693683,11.15568,38.166,-75.128,19.74,31.84,6.99,19.79
NM20140901066,2014,FALL,1.459,5,5,15,0.097266667,44.53256656,39.46604018,19.9644,38.252,-74.899,19.47,32.45,7.07,19.23
NM20140901067,2014,FALL,1.642,7,6,18,0.091222222,37.38891855,43.25474285,19.812,38.261,-74.978,19.61,32.38,7.09,19.5
NM20140901068,2014,FALL,2.093,1,4,16,0.1308125,24.33169313,23.63056856,12.13104,38.089,-75.001,,,,
NM20140901069,2014,FALL,2.044,6,5,21,0.097333333,28.06367389,20.49481056,14.05128,38.227,-75.059,19.58,32.06,6.96,19.56
NM20140901070,2014,FALL,0.558,4,5,22,0.025363636,29.05685462,17.18873879,12.192,38.091,-75.08,,,,
NM20140901071,2014,FALL,1.554,5,5,19,0.081789474,23.5482433,19.44082766,16.24584,38.173,-75.08,,,,
NM20140901072,2014,FALL,2.905,4,3,17,0.170882353,23.21859882,19.20062474,13.4112,38.196,-75.106,,,,
NM20140901073,2014,FALL,3.954,5,4,19,0.208105263,30.96594318,20.11819112,12.58824,38.101,-75.136,,,,
NM20140901074,2014,FALL,1.904,1,4,12,0.158666667,29.04748227,24.37602843,8.29056,37.679,-75.554,18.19,34.2,7.18,18.11
NM20140901075,2014,FALL,0.528,1,3,17,0.031058824,20.80243118,18.79866383,5.15112,37.732,-75.527,17.92,34.11,6.8,17.89
NM20140901076,2014,FALL,0.767,2,3,27,0.028407407,19.90812815,18.08860961,7.68096,37.832,-75.43,,,,
NM20140901077,2014,FALL,0.728,3,3,20,0.0364,25.2556715,16.7430776,9.144,37.797,-75.458,17.85,33.96,7.02,17.83
NM20140901078,2014,FALL,0.756,3,5,21,0.036,23.45179762,16.04415823,8.96112,37.595,-75.554,17.39,34.23,7.51,17.59
NM20140901079,2014,FALL,2.161,3,3,8,0.270125,37.31096875,48.747375,14.05128,37.931,-75.127,,,,
NM20140901080,2014,FALL,0.523,4,6,23,0.02273913,32.66095154,19.26835226,14.87424,37.985,-75.177,,,,
NM20140901081,2014,FALL,0.032,1,3,17,0.001882353,25.21999176,18.99694328,12.86256,37.958,-75.209,,,,
NM20140901082,2014,FALL,7.758,1,2,5,1.5516,43.562942,54.62563143,14.87424,37.765,-75.327,,,,
NM20140901083,2014,FALL,2.26,2,4,25,0.0904,24.0697468,19.54365016,11.91768,37.777,-75.368,,,,
NM20140901084,2014,FALL,31.577,9,5,19,1.661947368,39.20113026,52.38485673,20.14728,37.582,-75.416,18.78,34.61,7.12,18.75
NM20140901085,2014,FALL,2.9,1,2,3,0.966666667,74.60979103,74.60979103,14.87424,37.669,-75.472,18.34,34.39,7.22,18.31
NM20140901086,2014,FALL,3.279,2,3,5,0.6558,43.02123,45.688031,9.05256,37.598,-75.476,18.36,34.3,7.5,18.35
NM20140901087,2014,FALL,1.187,2,3,5,0.2374,36.166916,36.166916,6.91896,37.53,-75.477,18.49,34.45,7.35,18.47
NM20140901088,2014,FALL,0,0,2,4,0,53.4910175,53.4910175,11.15568,37.38,-75.587,18.53,34.62,7.42,18.63
NM20140901089,2014,FALL,1.592,1,3,13,0.122461538,30.03660846,34.33436037,6.2484,37.518,-75.601,17.88,34.36,7.05,17.89
NM20140901090,2014,FALL,4.499,4,2,5,0.8998,42.802286,52.90405798,6.096,37.255,-75.721,17.26,34.19,8.2,17.26
NM20140901091,2014,FALL,1.235,1,2,4,0.30875,51.0549975,57.89664166,5.39496,37.192,-75.761,,,,
NM20140901092,2014,FALL,0.423,2,4,11,0.038454545,33.03816841,33.04820186,18.288,37.393,-75.5,18.51,34.71,7.16,18.69
NM20140901093,2014,FALL,4.569,2,2,4,1.14225,48.4684775,55.26889538,14.53896,37.482,-75.53,18.48,34.62,7.1,18.48
NM20140901094,2014,FALL,0.627,4,4,10,0.0627,27.981471,16.51366022,13.01496,37.243,-75.648,18.82,34.48,7.61,19.15
NM20140901095,2014,FALL,7.448,4,3,5,1.4896,58.56272112,58.72403915,9.81456,37.344,-75.643,18.83,34.65,7.66,18.98
NM20140901096,2014,FALL,0.684,2,2,4,0.171,49.6456175,49.6456175,4.7244,37.144,-75.801,18.14,34.39,7.51,18.13
NM20140901097,2014,FALL,2.493,2,3,5,0.4986,47.14163,47.14163,10.14984,37.174,-75.727,18.52,34.29,7.75,18.59
NM20140901098,2014,FALL,1.452,2,2,7,0.207428571,36.18443286,39.37904025,9.38784,37.15,-75.758,,,,
NM20140901099,2014,FALL,0.678,2,1,3,0.226,63.25183667,63.25183667,9.47928,36.847,-75.902,19.19,33.6,6.85,18.46
NM20140901100,2014,FALL,4.104,3,2,8,0.513,35.56688875,33.16347034,6.858,36.789,-75.944,19.02,32.96,6.88,19.06
NM20140901101,2014,FALL,10.915,2,1,3,3.638333333,58.29130333,58.29130333,9.2964,36.941,-75.878,19.1,34.28,7.26,18.38
NM20140901102,2014,FALL,17.507,3,2,4,4.37675,70.12857878,65.45065928,13.19784,37.136,-75.673,18.97,34.52,7.21,18.96
NM20140901103,2014,FALL,3.065,2,3,9,0.340555556,30.38621222,22.29487256,16.39824,36.96,-75.696,19.01,34.78,7.29,18.29
NM20140901104,2014,FALL,8.968,1,1,3,2.989333333,56.55511667,56.55511667,14.72184,36.995,-75.7,19.11,34.81,7.22,18.03
NM20140901105,2014,FALL,7.418,2,1,3,2.472666667,62.75578333,62.75578333,11.49096,37.067,-75.718,18.9,34.46,7.29,18.71
NM20140901106,2014,FALL,2.962,4,4,11,0.269272727,28.27269,12.88095176,18.10512,36.603,-75.78,19.58,34.66,7,19.75
NM20140901107,2014,FALL,0,0,1,3,0,68.21237,68.21237,11.00328,36.583,-75.824,19.62,34.38,7.06,19.74
NM20140901108,2014,FALL,0.015,1,2,8,0.001875,34.51269875,14.70931465,14.6304,36.644,-75.83,19.57,34.28,6.73,19.66
NM20140901109,2014,FALL,0.324,2,2,8,0.0405,33.14509875,15.92459243,14.72184,36.718,-75.826,19.58,34.49,6.92,19.17
NM20140901110,2014,FALL,3.066,2,2,7,0.438,26.33182,14.2122274,10.91184,36.729,-75.854,19.49,34.29,7.08,19.16
NM20140901111,2014,FALL,9.363,3,4,10,0.9363,39.48718651,15.7142655,12.86256,36.801,-75.86,19.3,34.01,7.28,18.45
NM20140901112,2014,FALL,0.176,1,4,19,0.009263158,25.92847165,17.88920131,6.67512,36.213,-75.752,16.93,33.44,7.2,17.02
NM20140901113,2014,FALL,2.361,2,4,23,0.102652174,22.95290043,19.99660826,9.20496,35.92,-75.591,17.3,33.76,7.22,17.13
NM20140901114,2014,FALL,1.798,4,7,30,0.059933333,21.48110367,20.67524991,15.72768,36.385,-75.722,16.9,34.31,7.19,15.97
NM20140901115,2014,FALL,0.5,5,5,20,0.025,25.2848155,20.54175696,15.57528,36.332,-75.72,16.97,34.3,7.22,15.93
NM20140901116,2014,FALL,0.734,1,3,16,0.045875,25.12695625,18.78134084,13.01496,36.294,-75.729,16.83,33.71,7.19,16.83
NM20140901117,2014,FALL,0.81,3,6,22,0.036818182,23.27270864,19.99974013,15.36192,36.409,-75.76,16.72,34.27,7.2,15.54
NM20140901118,2014,FALL,1.957,3,3,9,0.217444444,33.35072598,35.35583914,12.86256,36.432,-75.793,19.7,34.83,6.66,19.86
NM20140901119,2014,FALL,0.27,2,5,20,0.0135,23.3704715,20.62759883,11.24712,35.812,-75.531,17.09,34.02,6.63,16.86
NM20140901120,2014,FALL,0,0,3,17,0,26.19916176,19.52118841,12.83208,35.572,-75.438,17.45,34.49,7.35,17.19
NM20140901121,2014,FALL,0,0,3,9,0,28.95492333,38.36145282,15.72768,35.295,-75.422,19.12,36.66,6.96,18.96
NM20140901122,2014,FALL,0,0,3,8,0,34.69780875,47.36344088,15.3924,35.469,-75.417,17.88,35.74,7.24,17.67
NM20140901123,2014,FALL,0.086,2,4,14,0.006142857,35.97992554,21.83545126,18.5928,35.777,-75.476,16.99,34.09,7.17,15.47
NM20140901124,2014,FALL,2.198,1,4,15,0.146533333,34.58886383,20.99662663,12.67968,35.832,-75.523,16.99,34.09,7.22,16.25
NM20140901125,2014,FALL,2.85,6,4,21,0.135714286,20.1061481,10.77907854,20.29968,41.126,-72.038,19.42,31.21,7.14,19.42
NM20140901126,2014,FALL,6.003,5,5,22,0.272863636,35.84524227,8.723900142,23.86584,41.299,-71.619,18.4,32.56,7.32,18.35
NM20140901127,2014,FALL,1.175,2,5,17,0.069117647,25.93126176,11.48650912,19.75104,41.165,-71.972,19.46,31.18,7.08,19.45
NM20140901128,2014,FALL,3.066,7,8,31,0.098903226,26.07672009,15.72170416,40.5384,41.241,-71.925,18.98,32.29,6.87,19.33
NM20140901129,2014,FALL,2.797,6,6,32,0.08740625,26.61088688,9.600674286,44.5008,41.17,-71.694,18.42,32.53,7.3,18.68
NM20140901130,2014,FALL,8.5427,7,8,40,0.2135675,27.35217207,10.25229603,34.4424,41.275,-71.685,18.42,32.55,7.28,18.41
NM20140901131,2014,FALL,21.017,7,6,31,0.677967742,30.40224677,11.25529305,28.956,41.205,-71.778,18.53,32.3,7.11,18.7
NM20140901132,2014,FALL,1.421,5,8,30,0.047366667,29.41798667,9.267005602,32.3088,41.258,-71.816,18.42,32.47,7.34,18.44
NM20140901133,2014,FALL,4.041,5,7,26,0.155423077,36.40543262,8.975022283,30.1752,41.242,-71.825,18.57,32.31,7.08,18.69
NM20140901134,2014,FALL,0.735,5,5,12,0.06125,32.002665,18.27324911,30.7848,41.167,-71.903,19.36,31.38,7.25,19.38
NM20140901135,2014,FALL,6.252,7,5,26,0.240461538,28.38118692,8.562510928,28.956,41.177,-71.531,18.24,32.7,7.49,18.24
NM20140901136,2014,FALL,3.353,8,6,23,0.145782609,26.3261313,7.978350589,22.86,41.347,-71.451,17.81,32.74,7.78,18.12
NM20140901137,2014,FALL,0.49,1,5,18,0.027222222,22.65310476,7.762163777,24.62784,41.373,-71.121,18.01,32.41,7.34,18.16
NM20140901138,2014,FALL,2.602,6,4,25,0.10408,23.5329668,10.16553398,19.32432,41.428,-71.218,18.07,32.46,7.49,18.01
NM20140901139,2014,FALL,1.556,4,6,28,0.055571429,21.68886821,8.733975926,36.8808,41.285,-71.5,18.11,33.07,5.15,18.33
NM20140901140,2014,FALL,2.307,7,6,22,0.104863636,22.57036545,8.196373654,30.7848,41.302,-71.515,18.49,32.61,7.26,18.31
NM20140901141,2014,FALL,2.345,6,4,14,0.1675,22.30207929,8.433409146,27.432,41.367,-70.91,17.45,32.9,5.24,17.92
NM20140901142,2014,FALL,2.714,6,6,26,0.104384615,26.05888137,8.700000277,26.94432,41.333,-70.948,17.53,32.77,7.17,18
NM20140901143,2014,FALL,4.216,9,6,25,0.16864,28.4405144,7.651181981,28.68168,41.318,-71.217,17.7,32.69,6.82,18.16
NM20140901144,2014,FALL,10.798,10,8,41,0.263365854,29.9251679,10.29540045,35.3568,41.259,-71.324,18.11,33.11,7.08,17.57
NM20140901145,2014,FALL,11.154,11,6,20,0.5577,23.15039159,9.187336631,30.48,41.319,-71.023,17.68,32.68,7.25,17.87
NM20140901146,2014,FALL,6.73,12,9,43,0.156511628,27.00455046,10.61227578,39.624,41.202,-71.419,18.49,32.94,7.2,18.37
NM20140901147,2014,FALL,3.943,3,4,20,0.19715,21.4614725,9.279583447,22.43328,41.423,-71.419,17.57,32.69,6.26,18
NM20140901148,2014,FALL,3.459,6,6,32,0.10809375,26.56238938,28.97751416,35.9664,41.297,-71.042,17.05,32.96,4.43,17.92
NM20140901149,2014,FALL,14.783,15,7,43,0.343790698,26.08224512,13.06123795,36.576,41.149,-71.408,17.58,33.27,4.64,18.36
NM20140901150,2014,FALL,18.453,8,6,32,0.57665625,25.11925438,9.291209533,36.576,41.248,-71.461,18.59,32.94,7.28,18.32
NM20150401001,2015,SPRING,9.292,7,5,17,0.546588235,32.23207745,40.26245477,11.52144,41.015,-71.968,9.2,33.68,9.5,9.63
NM20150401002,2015,SPRING,6.995,7,5,23,0.304130435,35.47184183,36.30609793,14.478,41.021,-71.908,8.38,34,9.22,9.5
NM20150401003,2015,SPRING,40.718,8,6,32,1.2724375,29.70769185,41.17539001,11.61288,40.919,-72.233,10.1,33.65,9.22,10.42
NM20150401004,2015,SPRING,18.339,9,6,24,0.764125,30.8926125,42.63827258,10.08888,40.929,-72.21,10.05,33.51,9.04,10.66
NM20150401005,2015,SPRING,12.45,14,6,30,0.415,24.93786067,27.9090324,15.8496,40.863,-72.351,10.57,33.81,9.38,10.62
NM20150401006,2015,SPRING,31.196,10,7,33,0.945333333,31.9334202,34.46499142,12.00912,40.887,-72.308,10.3,33.77,9.35,10.28
NM20150401007,2015,SPRING,45.609,12,6,38,1.200236842,33.38277344,39.24765933,12.31392,40.94,-72.17,9.8,33.64,9.39,10.87
NM20150401008,2015,SPRING,14.362,8,6,26,0.552384615,25.82804846,20.42389223,7.62,40.823,-72.507,10.67,33.61,9.18,10.9
NM20150401009,2015,SPRING,7.75,10,6,18,0.430555556,32.37927715,39.85627715,7.0104,40.781,-72.658,11.61,33.73,9.22,11.65
NM20150401010,2015,SPRING,1.149,5,4,13,0.088384615,28.17305077,38.84182226,11.8872,40.771,-72.672,11.42,33.67,9.41,11.44
NM20150401011,2015,SPRING,0.535,7,6,26,0.020576923,29.87338277,21.38624452,11.5824,40.623,-73.197,10.1,34.01,8.71,13.04
NM20150401012,2015,SPRING,3.8158,7,7,35,0.109022857,31.7126545,16.3109672,13.4112,40.643,-73.085,10.01,34.1,9.33,12.17
NM20150401013,2015,SPRING,7.739,6,8,29,0.266862069,36.75268926,24.62359009,8.86968,40.615,-73.253,9.71,34.62,9.98,13.34
NM20150401014,2015,SPRING,0.531,4,6,24,0.022125,28.8167925,30.71921632,9.26592,40.554,-73.608,9.33,34.92,9.93,10.86
NM20150401015,2015,SPRING,7.605,9,6,20,0.38025,37.66682662,37.85965653,15.17904,40.569,-73.371,8.49,35.04,9.09,15.28
NM20150401016,2015,SPRING,1.549,3,6,28,0.055321429,27.44137513,34.0630648,10.72896,40.599,-73.385,9.61,34.82,9.79,13.71
NM20150401017,2015,SPRING,3.667,12,5,18,0.203722222,36.89010303,26.53680507,13.44168,40.545,-73.458,8.85,35.07,9.39,13.95
NM20150401018,2015,SPRING,8.105,12,6,31,0.261451613,24.70918129,17.33625643,10.33272,40.566,-73.771,8.83,34.92,10.09,12.95
NM20150401019,2015,SPRING,0.489,3,4,9,0.054333333,34.00758333,36.90868007,11.82624,40.534,-73.827,8.83,34.92,10.09,12.95
NM20150401020,2015,SPRING,9.571,6,6,24,0.398791667,26.00793583,17.33746465,13.59408,40.547,-73.707,8.48,35.07,10.01,12.84
NM20150401021,2015,SPRING,13.02,11,5,25,0.5208,29.353884,14.04982957,18.288,40.379,-73.904,6.78,35.26,9.28,13.18
NM20150401022,2015,SPRING,5.975,9,7,32,0.18671875,25.55712438,18.37587637,18.47088,40.283,-73.93,6.17,35.37,8.6,12.49
NM20150401023,2015,SPRING,29.131,8,7,23,1.266565217,40.87884298,18.07872682,7.58952,39.844,-74.077,7.35,35.08,9.82,13.28
NM20150401024,2015,SPRING,39.005,9,8,26,1.500192308,36.16482878,39.17931194,7.95528,39.732,-74.103,12.13,34.1,9.4,13.53
NM20150401025,2015,SPRING,3.554,11,6,15,0.236933333,46.16448406,41.88471104,16.03248,39.843,-74.005,6.61,35.59,8.84,14.13
NM20150401026,2015,SPRING,0.596,3,8,27,0.022074074,38.09830537,39.86600385,15.97152,40.123,-74.004,6.99,35.4,9.2,14.16
NM20150401027,2015,SPRING,4.907,8,7,27,0.181740741,30.99932363,15.4590178,14.9352,39.856,-74.059,7.32,35.11,9.37,13.76
NM20150401028,2015,SPRING,19.333,5,9,19,1.017526316,38.30227369,35.4570304,7.98576,39.246,-74.573,12.32,34.02,8.63,12.87
NM20150401029,2015,SPRING,7.524,9,9,25,0.30096,38.19187768,40.17957286,8.16864,39.435,-74.257,12.23,34.11,9.31,14.14
NM20150401030,2015,SPRING,18.669,9,11,30,0.6223,34.11252483,47.42818465,11.43,39.454,-74.257,13,34.04,9.65,14.54
NM20150401031,2015,SPRING,37.563,10,7,20,1.87815,46.08033732,43.05777529,5.91312,39.316,-74.421,11.06,34.53,9.16,12.64
NM20150401032,2015,SPRING,12.904,6,5,15,0.860266667,33.64645094,22.17026477,18.80616,39.557,-74.055,6.69,35.43,10.02,14.36
NM20150401033,2015,SPRING,2.555,6,4,9,0.283888889,37.56224667,40.69752103,17.19072,39.52,-74.105,6.58,35.39,9.46,14.4
NM20150401034,2015,SPRING,14.63,11,9,22,0.665,33.10818839,29.28836533,15.02664,39.333,-74.281,10.89,34.55,9.52,13.25
NM20150401035,2015,SPRING,2.009,9,8,19,0.105736842,39.79975811,43.09044948,11.76528,39.372,-74.305,11.66,34.47,9.65,13.24
NM20150401036,2015,SPRING,17.1159,6,5,15,1.14106,41.7586506,39.35140457,13.74648,39.254,-74.468,10.73,34.57,8.78,12.81
NM20150401037,2015,SPRING,13.453,9,10,22,0.6115,40.22784763,45.59464378,13.53312,39.243,-74.522,10.3,34.85,8.09,12.7
NM20150401038,2015,SPRING,10.6633,8,12,34,0.313626471,32.84118209,43.74242758,12.192,39.083,-74.692,11.68,34.3,8.26,16.92
NM20150401039,2015,SPRING,10.295,9,6,15,0.686333333,44.479369,50.47364333,10.668,38.971,-74.655,13.13,34.94,9.02,14.77
NM20150401040,2015,SPRING,16.708,11,8,13,1.285230769,35.26166286,43.04879852,19.812,38.953,-74.547,8.42,35.45,8.8,14.38
NM20150401041,2015,SPRING,9.926,4,5,9,1.102888889,42.07091641,40.59645187,17.3736,38.95,-74.55,11.41,34.67,9.44,14.88
NM20150401042,2015,SPRING,12.118,3,4,10,1.2118,56.64426659,57.05069102,12.40536,38.956,-74.599,11.67,34.73,9.38,14.23
NM20150401043,2015,SPRING,1.448,3,6,12,0.120666667,56.79630782,53.95299205,17.19072,39.068,-74.596,10.06,34.68,8.8,14.3
NM20150401044,2015,SPRING,1.43,2,6,19,0.075263158,33.48629285,31.61327347,16.67256,39.096,-74.6,10.51,34.41,9.46,15.5
NM20150401045,2015,SPRING,7.788,10,8,25,0.31152,37.34385421,33.1179717,11.97864,39.12,-74.664,13.29,33.93,8.42,14.32
NM20150401046,2015,SPRING,10.193,8,6,18,0.566277778,44.04908064,10.99907611,14.0208,39.062,-74.694,13.17,34.54,9.03,16.14
NM20150401047,2015,SPRING,11.3145,8,7,15,0.7543,44.02408918,41.67928484,10.0584,38.488,-75.031,12.36,33.52,9.67,15.14
NM20150401048,2015,SPRING,44.226,7,8,23,1.922869565,40.98275895,46.63434333,7.1628,38.854,-74.893,13.7,35.04,9.01,13.96
NM20150401049,2015,SPRING,4.009,4,7,20,0.20045,39.62037071,20.30778865,8.71728,38.908,-74.801,13.36,34.64,9.23,15.22
NM20150401050,2015,SPRING,34.2,11,9,33,1.036363636,28.73526697,26.65068531,11.8872,38.667,-75.031,12.67,33.39,7.65,13.56
NM20150401051,2015,SPRING,12.573,5,7,17,0.739588235,36.64906353,29.63615461,17.92224,38.833,-74.671,10.4,35.22,9.23,14.83
NM20150401052,2015,SPRING,8.148,4,4,12,0.679,51.10832641,55.4987282,10.3632,38.681,-74.772,11.47,35.27,8.88,12.31
NM20150401053,2015,SPRING,6.97,8,6,17,0.41,43.38243247,43.06617023,11.18616,38.708,-74.759,11.43,35.25,9.31,14.81
NM20150401054,2015,SPRING,10.335,5,8,19,0.543947368,40.97768808,29.30887033,9.66216,38.847,-74.815,11.81,35.23,8.9,14.04
NM20150401055,2015,SPRING,0.353,2,5,13,0.027153846,34.35072846,32.81071146,10.9728,38.479,-74.908,11.04,34.52,8.7,14.2
NM20150401056,2015,SPRING,10.747,7,7,21,0.511761905,31.98107667,29.63195329,13.1064,38.532,-74.969,12.05,33.82,8.8,15.21
NM20150401057,2015,SPRING,1.0794,5,9,22,0.049063636,28.30353955,9.888762246,14.23416,38.62,-74.971,12.19,34.12,8.62,14.89
NM20150401058,2015,SPRING,2.28,6,8,35,0.065142857,32.41061276,12.92427109,12.4968,38.646,-75.007,12.36,33.74,8.18,14.62
NM20150401059,2015,SPRING,14.8065,8,9,19,0.779289474,36.02870446,33.1975062,25.908,38.654,-74.84,,,,
NM20150401060,2015,SPRING,6.433,4,5,13,0.494846154,33.83104231,26.29755781,19.812,38.595,-74.88,9.68,35.5,8.62,14.5
NM20150401061,2015,SPRING,20.824,9,6,16,1.3015,46.00520606,34.24973874,19.5072,38.627,-74.877,9.99,35.36,8.79,13.86
NM20150401062,2015,SPRING,16.065,3,3,11,1.460454545,32.21122,23.58807672,17.6784,38.579,-74.906,9.78,35.43,8.34,14.01
NM20150401063,2015,SPRING,3.98,7,9,38,0.104736842,28.03446229,15.67600445,30.48,38.79,-74.976,12.56,34.69,8.97,14.02
NM20150401064,2015,SPRING,18.921,9,7,16,1.1825625,39.39436942,55.36763025,8.8392,38.433,-75.033,12.4,33.58,9.54,15.68
NM20150401065,2015,SPRING,10.549,7,4,13,0.811461538,47.32873445,53.12034201,12.4968,38.053,-75.131,10.57,34.92,8.98,14.35
NM20150401066,2015,SPRING,63.193,10,7,16,3.9495625,41.08822518,49.83513143,15.8496,38.343,-74.834,9.73,35.64,8.93,14.55
NM20150401067,2015,SPRING,52.009,7,4,12,4.334083333,32.55875167,33.85629548,19.812,38.351,-74.864,9.86,35.55,9.63,14.99
NM20150401068,2015,SPRING,4.104,4,5,15,0.2736,35.22230171,44.13508168,17.12976,38.393,-74.86,9.94,35.46,8.22,12.75
NM20150401069,2015,SPRING,22.2921,7,8,21,1.061528571,37.21005286,19.36424439,16.09344,38.403,-74.883,10.26,35.14,8.31,14.22
NM20150401070,2015,SPRING,10.401,8,7,17,0.611823529,37.00692625,11.16067649,18.288,38.372,-74.948,10.13,35.36,9.82,15.78
NM20150401071,2015,SPRING,16.096,9,5,18,0.894222222,27.49373222,10.94208587,18.288,38.37,-74.96,9.88,35.51,8.82,15.39
NM20150401072,2015,SPRING,30.835,8,8,30,1.027833333,29.69828967,34.66124116,12.8016,38.42,-75.017,11.35,34.06,8.93,15.5
NM20150401073,2015,SPRING,3.571,7,4,16,0.2231875,33.01178875,44.23124213,15.5448,38.324,-75.036,10.75,34.75,8.62,14.17
NM20150401074,2015,SPRING,0.184,3,3,14,0.013142857,28.95358786,34.1999597,6.03504,37.606,-75.577,13.88,34.71,8.47,14.28
NM20150401075,2015,SPRING,2.664,6,5,17,0.156705882,36.48518588,36.29594584,8.2296,37.945,-75.267,10.66,34.68,8.52,13.98
NM20150401076,2015,SPRING,8.061,5,5,15,0.5374,39.42548067,52.26112078,9.20496,37.823,-75.343,12.96,34.28,8.42,14.25
NM20150401077,2015,SPRING,5.616,6,9,27,0.208,27.51211963,26.67767871,5.57784,37.816,-75.42,13.01,34.05,8.25,14.46
NM20150401078,2015,SPRING,4.222,5,5,22,0.191909091,30.70094818,22.11424438,8.13816,37.627,-75.562,14.04,34.29,7.96,14.42
NM20150401079,2015,SPRING,23.98,9,7,17,1.410588235,49.64013618,55.58375614,20.1168,38.003,-75.057,9.55,35.67,8.69,14.38
NM20150401080,2015,SPRING,12.633,6,8,19,0.664894737,37.33836246,24.69011784,14.41704,37.897,-75.202,9.73,35.41,8.47,13.96
NM20150401081,2015,SPRING,45.629,9,9,25,1.82516,36.13472787,19.16161286,12.192,37.832,-75.242,9.61,35.53,8.61,14.02
NM20150401082,2015,SPRING,33.16,8,7,15,2.210666667,33.79074891,33.90570896,15.45336,37.705,-75.348,9.86,35.52,8.85,13.61
NM20150401083,2015,SPRING,22.732,5,7,17,1.337176471,46.53070518,34.1097261,14.26464,37.728,-75.369,9.91,35.44,8.8,13.97
NM20150401084,2015,SPRING,31.31,8,7,18,1.739444444,36.82566667,30.77118079,15.30096,37.633,-75.424,9.89,35.14,8.86,14
NM20150401085,2015,SPRING,5.147,7,6,16,0.3216875,39.95860229,24.27491053,16.6116,37.592,-75.454,10.68,34.87,8.9,14.01
NM20150401086,2015,SPRING,14.304,6,8,20,0.7152,31.9233437,31.95812107,14.50848,37.717,-75.472,10.33,34.59,8.53,14.37
NM20150401087,2015,SPRING,11.81,6,4,13,0.908461538,34.15986538,41.15372579,8.13816,37.529,-75.496,10.53,35.03,7.99,12.02
NM20150401088,2015,SPRING,16.565,4,6,11,1.505909091,46.53887842,51.45232,8.19912,37.534,-75.521,11.15,34.53,8.91,13.31
NM20150401089,2015,SPRING,3.735,6,6,24,0.155625,27.8166025,27.35853679,6.94944,37.53,-75.593,13.23,34.4,7.88,14.16
NM20150401090,2015,SPRING,35.463,5,4,12,2.95525,53.56302504,57.62068258,6.00456,37.219,-75.738,11.87,34.94,8.7,15
NM20150401091,2015,SPRING,14.106,4,3,7,2.015142857,55.07638571,57.05383921,7.52856,37.198,-75.753,12.26,34.95,8.48,12.82
NM20150401092,2015,SPRING,23.223,4,5,10,2.3223,34.90184177,34.90184177,13.95984,37.357,-75.544,10.25,35.05,8.64,14.14
NM20150401093,2015,SPRING,11.627,6,5,15,0.775133333,46.80844723,52.32883361,14.3256,37.205,-75.567,10.12,35.18,9.07,10.72
NM20150401094,2015,SPRING,39.567,6,6,12,3.29725,52.61226236,55.55075551,16.24584,37.279,-75.596,10.18,35.04,9.19,13.45
NM20150401095,2015,SPRING,26.975,6,4,9,2.997222222,51.15078889,59.21755003,12.8016,37.346,-75.594,10.13,35.06,8.74,13.91
NM20150401096,2015,SPRING,0.313,3,6,15,0.020866667,27.14036,33.08668262,6.30936,36.847,-75.96,10.8,34.25,9.42,14.51
NM20150401097,2015,SPRING,16.37,2,4,8,2.04625,57.4023949,59.32350598,6.76656,37.083,-75.819,11.9,35.05,8.47,11.95
NM20150401098,2015,SPRING,9.762,6,4,10,0.9762,52.48013148,49.84300391,5.4864,37.129,-75.816,12.63,34.81,8.31,12.97
NM20150401099,2015,SPRING,2.124,3,5,16,0.13275,30.0745525,30.05966836,11.00328,36.767,-75.892,10.07,34.84,9.12,11.53
NM20150401100,2015,SPRING,91.681,3,4,10,9.1681,46.501102,59.87628008,9.35736,36.947,-75.879,10.9,35.11,8.96,12.85
NM20150401101,2015,SPRING,1.365,1,3,9,0.151666667,36.58173778,44.45437926,7.13232,36.791,-75.931,10.27,34.69,8.96,11.96
NM20150401102,2015,SPRING,13.542,3,6,14,0.967285714,46.51476887,50.48306247,15.02664,36.657,-75.687,9.09,35.48,9.13,11.59
NM20150401103,2015,SPRING,68.739,4,4,14,4.909928571,56.74263868,65.6383133,14.23416,37.046,-75.721,11.09,35.14,8.97,12.35
NM20150401104,2015,SPRING,35.125,6,3,8,4.390625,68.9843921,63.70721784,12.25296,37.146,-75.709,11.55,34.98,8.85,13.05
NM20150401105,2015,SPRING,39.093,6,5,9,4.343666667,54.75836069,64.38960073,13.44168,37.003,-75.741,11.23,35.13,8.86,12.41
NM20150401106,2015,SPRING,20.436,5,6,19,1.075578947,33.87772526,46.01455089,15.60576,36.895,-75.904,10.15,35.09,8.92,13.76
NM20150401107,2015,SPRING,19.462,10,5,11,1.769272727,41.20726091,50.65510875,12.13104,37.032,-75.77,11.46,35.08,8.86,11.48
NM20150401108,2015,SPRING,5.365,8,7,22,0.243863636,35.11385573,27.04187029,14.1732,36.555,-75.79,11.08,35.19,9.57,16.11
NM20150401109,2015,SPRING,11.282,6,4,17,0.663647059,37.27189059,41.78862854,11.85672,36.754,-75.867,9.22,35,9.29,13.43
NM20150401110,2015,SPRING,68.892,4,4,12,5.741,41.55563833,59.77815422,9.50976,36.895,-75.852,10.59,35.23,8.95,14.14
NM20150401111,2015,SPRING,54.136,4,5,11,4.921454545,42.69143091,58.71420422,11.64336,36.932,-75.904,11.14,34.91,8.88,12.78
NM20150401112,2015,SPRING,0.389,2,4,16,0.0243125,26.7546525,15.9151384,8.2296,36.212,-75.751,10.7,34.91,9.11,13.64
NM20150401113,2015,SPRING,5.591,3,4,20,0.27955,28.2818725,16.26883041,11.76528,36.079,-75.679,10.81,34.87,8.76,12
NM20150401114,2015,SPRING,5.778,1,4,19,0.304105263,25.63567947,16.92631498,13.28928,35.854,-75.548,10.59,34.65,8.63,12.33
NM20150401115,2015,SPRING,2.127,2,5,19,0.111947368,24.66659737,31.6802711,16.09344,35.929,-75.561,10.32,35.14,8.72,12.12
NM20150401116,2015,SPRING,1.588,3,5,19,0.083578947,28.70594678,20.77870134,13.28928,36.329,-75.773,10.85,35.24,9.01,15.7
NM20150401117,2015,SPRING,0.158,2,4,13,0.012153846,33.38214462,47.04991688,16.55064,36.391,-75.756,10.78,35.28,9.19,14.09
NM20150401118,2015,SPRING,0.62,2,4,13,0.047692308,42.27141959,51.6663863,17.86128,36.445,-75.756,10.98,35.26,9.44,16.06
NM20150401119,2015,SPRING,0.451,2,4,16,0.0281875,27.91429085,26.10449503,9.6012,35.734,-75.486,10.95,34.09,8.84,13.15
NM20150401120,2015,SPRING,0.003,1,4,14,0.000214286,24.67121792,38.46681942,12.25296,35.471,-75.457,10.63,35.06,8.77,13.94
NM20150401121,2015,SPRING,0.196,1,4,14,0.014,25.68106317,30.59927324,15.33144,35.495,-75.421,10.35,35.67,8.84,13.57
NM20150401122,2015,SPRING,0.119,2,4,12,0.009916667,24.86350583,32.91321815,12.25296,35.496,-75.445,10.38,35.55,8.89,14.98
NM20150401123,2015,SPRING,0.934,4,3,14,0.066714286,28.785685,24.51585675,13.4112,35.756,-75.438,9.95,35.64,8.95,13.51
NM20150401124,2015,SPRING,0.875,1,4,17,0.051470588,30.76183998,22.53201363,15.11808,35.795,-75.472,9.88,35.46,8.84,12.39
NM20150401125,2015,SPRING,62.351,9,8,56,1.113410714,30.05181946,16.37372206,21.85416,41.306,-71.633,7.98,34.82,9.25,9.69
NM20150401126,2015,SPRING,5.886,9,6,29,0.202965517,29.28513034,38.94899332,23.53056,41.139,-71.728,8.16,33.93,9.73,8.95
NM20150401127,2015,SPRING,11.897,8,7,40,0.297425,25.58801375,29.44631553,23.4696,41.08,-71.973,9.56,32.81,9.75,9.63
NM20150401128,2015,SPRING,47.083,16,6,47,1.001765957,27.28948994,12.53973118,34.1376,41.238,-71.61,9.21,34.74,9.04,9.91
NM20150401129,2015,SPRING,31.241,10,7,50,0.62482,23.9236418,23.23473675,34.4424,41.25,-71.746,7.76,34.57,9.43,10
NM20150401130,2015,SPRING,22.117,13,8,43,0.514348837,28.15500209,19.54362021,27.7368,41.195,-71.763,8.21,34.11,9.69,9.03
NM20150401131,2015,SPRING,2.811,12,7,40,0.070275,23.6599755,21.19369473,31.3944,41.172,-71.814,8.4,33.5,9.72,8.7
NM20150401132,2015,SPRING,11.4148,10,6,37,0.308508108,29.13144595,28.37893895,24.384,41.299,-71.803,8.31,34.51,9.69,9.93
NM20150401133,2015,SPRING,1.847,10,7,32,0.05771875,25.13819875,31.34092635,29.2608,41.215,-71.929,8.68,33.25,9.77,9.11
NM20150401134,2015,SPRING,10.722,7,7,33,0.324909091,25.20130606,36.87508047,43.8912,41.193,-71.956,8.21,33.63,9.68,9.19
NM20150401135,2015,SPRING,25.655,17,8,61,0.42057377,30.34377666,25.59396972,31.3944,41.399,-71.002,10.35,35.53,8.21,11.64
NM20150401136,2015,SPRING,14.375,12,9,35,0.410714286,34.29348833,44.73709066,33.3756,41.087,-71.599,5.42,35.43,9.97,10.31
NM20150401137,2015,SPRING,6.723,15,6,26,0.258576923,28.417505,30.42325318,22.28088,41.427,-71.272,10.66,35.33,8.49,12.29
NM20150401138,2015,SPRING,13.803,18,8,57,0.242157895,30.74122838,29.53157247,22.79904,41.423,-71.152,11.14,35.39,8.56,12.75
NM20150401139,2015,SPRING,14.367,15,7,26,0.552576923,34.85239308,39.38763163,22.43328,41.417,-71.257,10.17,35.29,8.2,12.63
NM20150401140,2015,SPRING,38.16,9,5,17,2.244705882,37.36504529,42.29921474,29.35224,41.197,-71.473,7.19,35.13,9.62,12.49
NM20150401141,2015,SPRING,24.543,12,9,34,0.721852941,39.27099603,40.9431905,29.77896,41.321,-71.004,8.59,35.57,8.57,11.87
NM20150401142,2015,SPRING,57.9485,19,9,48,1.207260417,32.44557273,26.7898294,34.1376,41.293,-70.946,8.7,35.54,8.38,11.6
NM20150401143,2015,SPRING,15.902,10,5,23,0.691391304,21.76073348,25.87960363,41.4528,41.29,-71.542,6.02,35.27,8.58,10.08
NM20150401144,2015,SPRING,16.377,11,8,30,0.5459,29.94687667,33.39915459,25.908,41.385,-71.276,8.69,34.94,8.9,12.18
NM20150401145,2015,SPRING,55.213,10,6,29,1.903896552,31.79640483,37.09917309,36.576,41.209,-71.497,5.48,35.28,9.05,11.42
NM20150401146,2015,SPRING,13.592,15,6,26,0.522769231,24.50139231,32.36589852,41.4528,41.296,-71.556,6.75,35.22,9.03,10.07
NM20150401147,2015,SPRING,52.718,12,7,27,1.952518519,35.81641058,40.19964304,32.004,41.317,-71.402,6.26,35.15,8.72,11.89
NM20150401148,2015,SPRING,5.924,5,6,20,0.2962,38.03506261,41.38523431,25.69464,41.138,-71.466,6.62,35.08,9.52,12.64
NM20150401149,2015,SPRING,94.708,13,8,37,2.559675676,32.82424892,36.74190788,35.2044,41.217,-71.472,5.33,35.27,9.31,12.39
NM20150401150,2015,SPRING,43.888,15,7,44,0.997454545,33.72686342,15.83025021,29.2608,41.245,-71.561,6.02,35.17,9.13,9.66
NM20150901001,2015,FALL,2.717,6,5,15,0.181133333,30.609236,48.2576764,18.5928,41.049,-71.855,17.36,35.3,7.95,17.71
NM20150901002,2015,FALL,11.714,8,5,13,0.901076923,29.53945077,45.52740492,13.1064,40.997,-71.997,17.24,35.55,8.02,17.54
NM20150901003,2015,FALL,1.23,3,9,36,0.034166667,25.35008389,27.38574226,7.3152,40.874,-72.358,17.04,35.87,6.36,16.96
NM20150901004,2015,FALL,0.234,2,5,26,0.009,29.70912538,25.56480013,9.144,40.987,-72.047,17.47,35.36,8.51,17.47
NM20150901005,2015,FALL,0.293,2,6,27,0.010851852,26.22851259,43.99481492,11.5824,40.859,-72.382,17.03,35.93,6.41,17.06
NM20150901006,2015,FALL,0.201,2,5,18,0.011166667,26.91844333,13.06886737,12.192,40.852,-72.401,17.06,36.03,7.53,17.27
NM20150901007,2015,FALL,7.938,7,7,23,0.345130435,29.44097174,33.36996328,13.716,40.939,-72.154,17.16,35.54,7.97,17.18
NM20150901008,2015,FALL,5.823,7,7,25,0.23292,29.24708525,36.00323506,7.62,40.775,-72.679,17.38,36.12,6.55,17.45
NM20150901009,2015,FALL,3.436,6,7,25,0.13744,29.61623521,21.08565527,9.4488,40.722,-72.857,17.42,36.11,7.3,17.9
NM20150901010,2015,FALL,0.712,8,8,24,0.029666667,31.42421336,24.12595995,17.3736,40.619,-73.164,18.22,35.96,6.69,17.81
NM20150901011,2015,FALL,0.915,4,5,24,0.038125,21.5190925,33.86671323,11.8872,40.811,-72.531,17.16,36.05,6.64,17.57
NM20150901012,2015,FALL,24.38,8,10,46,0.53,30.19296014,22.86255835,12.8016,40.639,-73.062,18.04,35.93,7.14,18.02
NM20150901013,2015,FALL,1.543,6,8,29,0.053206897,28.89461439,21.68093066,9.4488,40.588,-73.441,18.15,35.17,7.72,18.35
NM20150901014,2015,FALL,0.12,3,8,33,0.003636364,26.70314136,20.39316609,9.7536,40.592,-73.403,18.15,35.26,7.47,18.29
NM20150901015,2015,FALL,0.524,4,8,37,0.014162162,28.93271534,26.19725988,14.3256,40.602,-73.28,18.16,35.83,6.5,17.72
NM20150901016,2015,FALL,3.536,6,9,22,0.160727273,33.87091244,38.0497173,12.8016,40.556,-73.469,18.24,35.51,7.52,18.32
NM20150901017,2015,FALL,0.639,3,7,35,0.018257143,26.41792869,20.30292681,11.5824,40.547,-73.604,18.65,36.83,6.8,18.59
NM20150901018,2015,FALL,4.875,7,5,16,0.3046875,35.75481783,21.66045839,8.8392,40.557,-73.801,17.56,37.1,6.64,17.56
NM20150901019,2015,FALL,5.274,9,7,24,0.21975,33.51291683,25.7896318,10.3632,40.396,-73.952,17.84,,7.09,16.48
NM20150901020,2015,FALL,16.835,9,7,23,0.731956522,32.75394823,39.7131011,14.9352,40.521,-73.792,17.78,37.5,6.76,17.36
NM20150901021,2015,FALL,7.142,6,7,26,0.274692308,36.78654133,13.40518758,16.764,40.281,-73.918,17.61,,7.2,17.38
NM20150901022,2015,FALL,12.039,6,7,38,0.316815789,22.64792684,14.00044324,10.9728,40.44,-73.942,17.64,,7,16.22
NM20150901023,2015,FALL,4.861,11,5,15,0.324066667,32.85435933,22.00561782,9.4488,39.721,-74.079,17.05,,7.61,16.98
NM20150901024,2015,FALL,2.974,3,8,21,0.141619048,23.64812004,27.48254195,12.192,39.657,-74.138,15.66,35.32,7.91,15.67
NM20150901025,2015,FALL,6.412,12,7,20,0.3206,29.454923,35.46006683,13.1064,40.088,-74.021,18.45,,6.85,17.57
NM20150901026,2015,FALL,2.416,5,4,14,0.172571429,40.08519786,24.01103269,16.1544,40.11,-74.006,18.35,,7.19,17.19
NM20150901027,2015,FALL,8.092,11,6,18,0.449555556,30.33546794,9.44634296,12.8016,39.67,-74.076,17.16,,7.57,17.08
NM20150901028,2015,FALL,18.389,10,6,25,0.73556,27.677964,21.7279578,9.7536,39.633,-74.169,16.24,35.6,8.05,16.26
NM20150901029,2015,FALL,18.728,5,5,20,0.9364,34.44144154,21.4962513,6.4008,39.31,-74.486,16.74,35.19,7.25,16.74
NM20150901030,2015,FALL,20.797,7,8,26,0.799884615,33.87806735,22.74139641,7.9248,39.429,-74.264,15.23,35.04,8.16,15.23
NM20150901031,2015,FALL,5.624,4,7,29,0.193931034,25.54382624,20.25942917,8.8392,39.407,-74.306,15.44,35.05,7.6,15.41
NM20150901032,2015,FALL,5.231,3,3,8,0.653875,21.35149875,36.39708738,16.1544,39.605,-74.092,16.8,35.78,7.49,16.8
NM20150901033,2015,FALL,7.552,7,4,15,0.503466667,21.54463055,9.331287941,14.6304,39.532,-74.118,16.93,35.87,7.51,17.01
NM20150901034,2015,FALL,0.675,4,2,8,0.084375,20.03455875,17.89583328,16.1544,39.557,-74.153,16.8,35.84,7.92,16.96
NM20150901035,2015,FALL,3.137,4,8,13,0.241307692,40.61344356,43.41341526,14.6304,39.485,-74.219,17.03,35.99,7.76,17.08
NM20150901036,2015,FALL,2.828,4,4,15,0.188533333,28.50621789,9.100163927,15.8496,39.445,-74.187,17.11,36.09,7.31,17.09
NM20150901037,2015,FALL,4.94,5,6,16,0.30875,38.96978039,40.94118851,11.2776,39.271,-74.349,16.78,35.65,7.3,16.78
NM20150901038,2015,FALL,48.752,10,6,32,1.5235,29.01040818,22.91512238,10.668,39.101,-74.685,16.54,35.11,7.45,16.55
NM20150901039,2015,FALL,1.657,5,5,11,0.150636364,49.44024462,49.93905234,9.7536,39.02,-74.666,16.88,35.29,8.23,16.93
NM20150901040,2015,FALL,11.651,3,4,12,0.970916667,32.526345,40.35512914,16.4592,38.962,-74.534,17.44,36.42,7.48,16.86
NM20150901041,2015,FALL,7.622,8,5,11,0.692909091,50.42543311,47.95427802,12.4968,39.003,-74.533,16.84,35.34,7.87,16.86
NM20150901042,2015,FALL,7.499,10,5,13,0.576846154,31.52121487,9.256199268,14.6304,39.068,-74.562,16.8,35.29,7.96,16.85
NM20150901043,2015,FALL,1.73,4,4,13,0.133076923,35.88997268,33.74192587,13.4112,39.081,-74.668,16.64,35.21,7.81,16.63
NM20150901044,2015,FALL,18.415,11,6,18,1.023055556,35.14690843,39.79287191,12.8016,38.93,-74.718,17.01,35.27,7.76,17.05
NM20150901045,2015,FALL,9.807,7,4,8,1.225875,49.03982416,46.83950952,10.9728,38.981,-74.708,16.9,35.26,8.1,16.8
NM20150901046,2015,FALL,10.523,4,5,10,1.0523,36.41726161,39.55488437,11.5824,38.939,-74.768,16.73,34.89,8.44,16.74
NM20150901047,2015,FALL,15.259,4,5,14,1.089928571,29.36000071,29.77325996,7.37616,38.856,-74.904,17.06,34.69,6.9,17.05
NM20150901048,2015,FALL,6.963,4,6,16,0.4351875,36.72578783,43.85882577,9.54024,38.844,-74.972,17.21,34.96,6.62,17.2
NM20150901049,2015,FALL,1.545,1,6,21,0.073571429,34.90336325,29.54772477,11.49096,38.483,-75.014,16.76,34.91,8.25,16.72
NM20150901050,2015,FALL,5.039,6,5,24,0.209958333,32.36245735,23.24525708,11.8872,38.62,-75.035,16.82,34.8,8.23,16.84
NM20150901051,2015,FALL,2.99,4,5,9,0.332222222,39.37352803,44.16497852,13.35024,38.744,-74.726,17.26,35.59,7.34,17.21
NM20150901052,2015,FALL,15.267,5,6,15,1.0178,41.75578287,55.27280182,16.55064,38.728,-74.848,17.49,35.87,7.07,17.09
NM20150901053,2015,FALL,6.943,5,5,15,0.462866667,29.38287132,21.50373368,14.99616,38.777,-74.843,17.42,35.52,6.86,17.36
NM20150901054,2015,FALL,12.404,6,5,20,0.6202,29.60387637,26.6530123,12.67968,38.834,-74.831,17.3,35.33,6.91,17.47
NM20150901055,2015,FALL,15.629,4,6,13,1.202230769,44.61554276,52.10311937,22.098,38.785,-74.899,17.48,35.52,6.82,17.13
NM20150901056,2015,FALL,1.274,5,2,6,0.212333333,63.37160361,63.82675583,13.1064,38.455,-74.902,17.03,35.24,8.2,17.08
NM20150901057,2015,FALL,2.096,4,4,11,0.190545455,38.51310123,40.30432336,15.8496,38.503,-74.934,16.84,35.01,8.25,16.89
NM20150901058,2015,FALL,5.702,3,5,15,0.380133333,41.80249478,57.95387306,17.9832,38.593,-74.927,17.04,35.21,7.75,17.17
NM20150901059,2015,FALL,9.331,8,7,28,0.33325,32.57273625,24.93705103,28.6512,38.603,-74.804,17.76,36.54,6.99,17.32
NM20150901060,2015,FALL,4.9,6,5,17,0.288235294,36.20207456,20.54848933,24.0792,38.515,-74.825,17.65,36.32,7.71,16.98
NM20150901061,2015,FALL,3.971,5,3,8,0.496375,37.06465315,49.61083397,16.4592,38.58,-74.912,17.11,35.37,7.31,17.11
NM20150901062,2015,FALL,7.059,7,7,36,0.196083333,28.43804989,25.13334133,25.99944,38.704,-74.902,17.66,36.28,7.09,16.74
NM20150901063,2015,FALL,15.803,6,5,15,1.053533333,39.96160809,27.26985114,18.288,38.644,-74.93,16.93,34.95,7.32,17
NM20150901064,2015,FALL,8.999,5,6,25,0.35996,28.27189201,18.14649347,7.83336,38.394,-75.05,16.87,34.98,7.87,16.87
NM20150901065,2015,FALL,4.347,7,7,25,0.17388,27.54659721,17.59072506,16.70304,38.276,-75.054,17.21,35.26,7.74,17.15
NM20150901066,2015,FALL,8.243,4,5,15,0.549533333,38.72707993,48.47862887,13.80744,38.255,-74.88,17.41,35.71,8,17.39
NM20150901067,2015,FALL,4.51,5,4,12,0.375833333,45.88627697,48.78620192,15.60576,38.375,-74.876,17.25,35.6,8.02,17.25
NM20150901068,2015,FALL,24.357,5,2,6,4.0595,58.4189422,59.64082889,20.17776,38.254,-74.902,17.37,35.6,7.98,17.32
NM20150901069,2015,FALL,0.181,2,4,11,0.016454545,25.34535189,42.43129427,15.14856,38.384,-74.915,17.18,35.45,8.15,17.17
NM20150901070,2015,FALL,0.33,2,2,4,0.0825,38.525585,38.525585,14.9352,38.255,-74.944,17.3,35.42,7.72,17.32
NM20150901071,2015,FALL,6.282,7,7,19,0.330631579,33.54179616,22.74314775,14.26464,38.357,-74.993,17.08,35.16,8.32,17
NM20150901072,2015,FALL,8.632,5,4,13,0.664,41.44920994,30.75826735,15.17904,38.397,-74.989,17.13,35.21,8.19,17
NM20150901073,2015,FALL,1.311,2,3,5,0.2622,44.46750945,44.46750945,14.3256,38.095,-75.034,17.4,35.44,7.61,17.31
NM20150901074,2015,FALL,2.8,3,7,19,0.147368421,39.19461912,19.59328211,11.8872,37.905,-75.281,16.97,35.31,6.65,16.94
NM20150901075,2015,FALL,9.43,7,6,22,0.428636364,33.71411865,20.26291442,11.18616,37.833,-75.305,17.01,35.3,7.31,17
NM20150901076,2015,FALL,1,1,4,18,0.055555556,27.94089833,16.11426848,8.5344,37.785,-75.491,17.05,35.26,6.86,17.04
NM20150901077,2015,FALL,5.335,2,4,13,0.410384615,39.93723538,17.37198375,7.0104,37.706,-75.527,17.11,35.29,7.13,17.09
NM20150901078,2015,FALL,3.008,3,2,8,0.376,35.46351875,17.90676851,8.5344,37.595,-75.563,17.7,35.63,7.16,17.73
NM20150901079,2015,FALL,9.146,7,6,22,0.415727273,30.21894708,21.10075104,14.9352,37.945,-75.177,17.37,35.27,7.71,17.3
NM20150901080,2015,FALL,0.095,1,4,12,0.007916667,29.00489917,19.45622436,12.192,37.816,-75.276,17.24,35.27,7.65,17.23
NM20150901081,2015,FALL,5.176,4,4,9,0.575111111,46.11365111,51.70642389,13.89888,37.766,-75.352,17.15,35.49,7.13,17.13
NM20150901082,2015,FALL,3.396,4,4,9,0.377333333,69.22963971,67.46560878,11.91768,37.705,-75.396,17.16,35.43,6.99,17.13
NM20150901083,2015,FALL,10.029,5,5,18,0.557166667,39.44389802,22.25566703,12.13104,37.743,-75.423,17.05,35.34,6.51,16.98
NM20150901084,2015,FALL,19.837,1,4,14,1.416928571,35.40680554,20.40809556,15.24,37.623,-75.428,17.75,35.6,7.5,17.75
NM20150901085,2015,FALL,0.576,2,4,16,0.036,24.65252438,20.06619912,13.716,37.67,-75.457,17.7,35.78,7.24,17.73
NM20150901086,2015,FALL,10.36,4,5,16,0.6475,38.30986093,20.61899065,15.24,37.679,-75.465,17.53,35.62,7.19,17.54
NM20150901087,2015,FALL,1.687,4,4,10,0.1687,34.79122688,17.16893032,7.0104,37.532,-75.593,17.65,35.55,7.13,17.73
NM20150901088,2015,FALL,3.311,1,3,9,0.367888889,43.28588445,17.13042886,9.144,37.442,-75.606,17.85,35.67,7.58,17.89
NM20150901089,2015,FALL,0,0,2,8,0,34.02601875,15.47648814,7.9248,37.279,-75.694,17.94,35.68,7.41,17.95
NM20150901090,2015,FALL,5.137,3,2,8,0.642125,33.80652875,15.13493267,8.8392,37.247,-75.7,18.09,35.75,7.33,18.1
NM20150901091,2015,FALL,0.733,2,2,13,0.056384615,25.80583923,14.91979459,8.59536,37.192,-75.727,18.25,35.71,7.36,18.26
NM20150901092,2015,FALL,6.682,8,5,17,0.393058824,30.55778855,20.5194209,16.4592,37.421,-75.512,18.39,36.14,7.11,18.4
NM20150901093,2015,FALL,0.461,3,4,18,0.025611111,25.54197278,19.85073422,15.78864,37.192,-75.576,18.66,36.18,7.15,18.61
NM20150901094,2015,FALL,0.869,3,6,16,0.0543125,26.84372438,18.70989596,13.4112,37.439,-75.574,17.81,35.56,7.56,17.77
NM20150901095,2015,FALL,0.022,2,3,10,0.0022,28.723986,20.14223239,13.04544,37.19,-75.652,18.45,35.93,7.19,18.45
NM20150901096,2015,FALL,3.251,2,3,16,0.2031875,26.02234438,15.44418414,7.3152,36.837,-75.954,17.93,33.99,6.95,17.33
NM20150901097,2015,FALL,0,0,4,10,0,22.895298,14.04220797,11.2776,36.918,-75.826,18.01,35.9,6.84,18.02
NM20150901098,2015,FALL,1.979,3,4,13,0.152230769,26.52147615,17.69331268,10.88136,37.019,-75.826,17.91,35.56,7.42,17.91
NM20150901099,2015,FALL,0,0,3,12,0,19.29198417,13.058235,7.83336,37.07,-75.834,17.71,35.67,7.33,17.7
NM20150901100,2015,FALL,1.279,2,4,14,0.091357143,29.38690786,19.57840944,9.7536,36.753,-75.904,18.37,34.8,6.93,17.23
NM20150901101,2015,FALL,2.518,2,4,19,0.132526316,22.65538053,17.61407929,7.7724,36.989,-75.976,18.18,35.1,7.41,18.02
NM20150901102,2015,FALL,18.702,4,4,11,1.700181818,38.66915019,23.51977053,15.27048,37.095,-75.672,18.58,36.29,7.17,18.43
NM20150901103,2015,FALL,5.803,5,4,13,0.446384615,28.33827615,18.87012071,12.28344,37.157,-75.656,18.4,35.86,7.17,18.39
NM20150901104,2015,FALL,0.065,2,3,5,0.013,54.12022765,58.28866103,13.62456,36.635,-75.694,18.88,36.4,7.05,19.01
NM20150901105,2015,FALL,0.019,1,3,11,0.001727273,28.36790455,17.1696709,18.56232,36.649,-75.703,18.91,36.39,6.87,19.1
NM20150901106,2015,FALL,1.759,5,5,24,0.073291667,30.50348968,19.8889615,16.24584,36.931,-75.703,18.75,36.08,7.41,18.71
NM20150901107,2015,FALL,0,0,4,11,0,27.91658818,16.13443629,16.764,36.944,-75.679,18.24,36.46,7.13,18.21
NM20150901108,2015,FALL,0.264,1,3,9,0.029333333,22.76899222,17.88449611,13.1064,36.718,-75.791,18.5,35.18,7.13,17.72
NM20150901109,2015,FALL,5.623,2,4,11,0.511181818,35.07823596,12.52276731,12.192,36.955,-75.795,18.05,36.23,7.05,18.05
NM20150901110,2015,FALL,1.477,2,5,21,0.070333333,26.98383175,20.83404294,13.716,36.757,-75.813,18.57,35.99,6.4,17.71
NM20150901111,2015,FALL,2.406,3,5,19,0.126631579,23.85267737,19.44244407,13.59408,36.699,-75.851,18.78,35.18,5.95,17.39
NM20150901112,2015,FALL,0.132,3,3,18,0.007333333,27.676915,20.11020388,9.23544,36.23,-75.754,18.94,35.23,6.96,18.59
NM20150901113,2015,FALL,2.319,3,3,15,0.1546,30.95239577,18.35291545,7.4676,36.51,-75.846,18.77,35.29,6.65,18.76
NM20150901114,2015,FALL,0.186,1,2,5,0.0372,15.3,15.3,14.87424,35.878,-75.547,19.51,34.26,7.34,18.99
NM20150901115,2015,FALL,0.145,2,3,18,0.008055556,24.63820833,18.93803805,14.6304,36.149,-75.708,18.87,34.71,7.17,19.2
NM20150901116,2015,FALL,0.363,4,4,19,0.019105263,26.61621842,20.32736506,18.53184,36.207,-75.692,19.35,36.21,6.48,18.42
NM20150901117,2015,FALL,0.313,2,3,12,0.026083333,25.14992167,17.72257054,13.92936,36.356,-75.772,18.92,35.62,6.85,18.47
NM20150901118,2015,FALL,0.14,5,5,20,0.007,25.1511635,21.75103303,12.31392,36.512,-75.782,19.02,36.14,5.6,18.6
NM20150901119,2015,FALL,0,0,4,18,0,22.46961,19.28154938,11.18616,35.257,-75.477,20.45,34.47,6.64,19.95
NM20150901120,2015,FALL,0,0,2,10,0,18.5,18.67740224,10.0584,35.281,-75.492,20.26,34.12,7.17,20.08
NM20150901121,2015,FALL,0,0,1,2,0,65.23605,65.23605,13.716,35.567,-75.378,,,,
NM20150901122,2015,FALL,0,0,3,13,0,19.77316692,18.63481104,18.8976,35.388,-75.403,19.95,34.22,7.07,20.15
NM20150901123,2015,FALL,0,0,3,13,0,26.80527923,18.50150207,14.3256,35.284,-75.463,20.24,34.21,7.14,20.62
NM20150901124,2015,FALL,0.533,2,4,15,0.035533333,32.38651844,21.70440571,16.4592,35.687,-75.459,19.95,34.64,6.84,19.74
NM20150901125,2015,FALL,2.519,6,5,22,0.1145,32.17927864,12.78130007,18.5928,41.167,-71.732,17.77,36.49,7.41,17.81
NM20150901126,2015,FALL,0.651,7,5,18,0.036166667,23.66190722,10.19286645,18.5928,41.105,-71.988,18.04,34.23,7.45,18.09
NM20150901127,2015,FALL,18.603,7,3,24,0.775125,26.56286292,10.1474455,22.5552,41.131,-71.975,18.1,34.39,7.24,18.1
NM20150901128,2015,FALL,10.299,11,6,34,0.302911765,26.22697853,11.74398487,31.3944,41.22,-71.652,17.36,35.68,7.23,18.09
NM20150901129,2015,FALL,2.073,4,5,28,0.074035714,30.7029875,22.86367718,32.3088,41.16,-71.803,18.06,34.74,7.15,18.26
NM20150901130,2015,FALL,2.292,4,9,39,0.058769231,31.11331736,10.51126509,30.48,41.203,-71.835,17.81,35.14,6.95,17.88
NM20150901131,2015,FALL,1.46,5,6,32,0.045625,25.03215156,10.27230912,31.6992,41.189,-71.866,18.02,34.78,7.06,18.3
NM20150901132,2015,FALL,2.148,5,9,33,0.065090909,30.63826645,9.730995135,39.0144,41.22,-71.855,17.77,35.2,7.09,18.49
NM20150901133,2015,FALL,1.269,7,6,25,0.05076,23.8712248,9.76244155,29.8704,41.293,-71.85,17.59,35.25,7.11,17.88
NM20150901134,2015,FALL,3.416,9,9,40,0.0854,28.42477056,14.26707554,29.5656,41.186,-71.95,18.06,34.64,7.07,18.13
NM20150901135,2015,FALL,24.658,12,7,32,0.7705625,30.10087905,8.096919717,36.2712,41.195,-71.522,17.18,36.42,7.2,17.54
NM20150901136,2015,FALL,5.3,8,8,40,0.1325,19.855049,10.95725848,19.87296,41.375,-71.048,17.27,35.31,7.4,17.5
NM20150901137,2015,FALL,2.538,5,6,30,0.0846,22.76431414,8.470023845,22.2504,41.375,-71.098,17.16,35.39,7.39,17.1
NM20150901138,2015,FALL,1.781,3,5,20,0.08905,23.5522285,8.954892608,23.7744,41.418,-71.276,17.18,35.48,7.41,17.24
NM20150901139,2015,FALL,4.265,7,6,24,0.177708333,21.68852917,8.067374777,18.8976,41.44,-71.41,17.24,35.47,7.08,17.11
NM20150901140,2015,FALL,12.116,14,8,56,0.216357143,28.27978673,11.82651725,20.7264,41.086,-71.57,17.3,36.31,7.2,17.52
NM20150901141,2015,FALL,11.199,12,5,36,0.311083333,22.43659083,8.581851991,28.0416,41.333,-70.947,16.86,35.73,7.39,17.32
NM20150901142,2015,FALL,6.411,10,9,51,0.125705882,28.25681222,8.9607957,38.7096,41.284,-71.035,17.01,36.13,7.05,17.61
NM20150901143,2015,FALL,6.216,9,5,38,0.163578947,28.27603105,9.249945158,29.8704,41.322,-71.237,16.99,35.74,7.35,17.45
NM20150901144,2015,FALL,3.238,13,7,48,0.067458333,27.25491251,11.48220617,34.4424,41.266,-71.319,16.97,36.07,7.05,17.14
NM20150901145,2015,FALL,10.22,5,8,48,0.212916667,26.4445494,12.59342475,30.1752,41.406,-71.316,17.13,35.59,7.33,17.26
NM20150901146,2015,FALL,6.431,9,7,42,0.153119048,29.80925643,13.97114785,29.5656,41.129,-71.53,17.04,35.63,7.26,17.34
NM20150901147,2015,FALL,7.437,12,8,48,0.1549375,27.36193862,8.30225508,35.052,41.228,-71.395,16.92,35.97,7.55,17.35
NM20150901148,2015,FALL,2.35,4,7,21,0.111904762,22.29343905,8.271264089,28.6512,41.381,-71.425,16.88,35.79,7.33,17.23
NM20150901149,2015,FALL,4.341,10,7,46,0.094369565,29.03333705,11.59666434,36.2712,41.276,-71.413,17.06,35.72,7.14,17.21
NM20150901150,2015,FALL,10.522,7,7,34,0.309470588,30.82885812,10.03832233,29.5656,41.296,-71.6,17.36,35.73,7.48,17.51
NM20160401001,2016,SPRING,6.459,5,7,39,0.165615385,30.65262174,9.681624644,16.06296,41.009,-71.92,9.74,34.58,9.24,12.39
NM20160401002,2016,SPRING,3.861,3,7,26,0.1485,27.35845962,13.87641708,14.478,41.02,-71.933,9.95,34.36,8.39,10.66
NM20160401003,2016,SPRING,6.575,8,7,36,0.182638889,32.4777618,38.65767493,8.62584,40.926,-72.221,10.37,35.24,8.02,10.62
NM20160401004,2016,SPRING,4.528,7,9,39,0.116102564,26.44824333,41.28986321,9.50976,40.903,-72.277,9.49,35.39,9.24,10.34
NM20160401005,2016,SPRING,5.114,7,6,28,0.182642857,26.57527071,27.33630907,12.22248,40.959,-72.12,9.8,34.71,8.84,10.72
NM20160401006,2016,SPRING,4.369,8,7,38,0.114973684,24.47495737,23.47505333,11.82624,40.873,-72.341,8.87,35.56,8.35,9.54
NM20160401007,2016,SPRING,8.319,15,7,42,0.198071429,23.9233481,23.58215151,10.14984,40.85,-72.403,8.52,35.66,8.7,10.36
NM20160401008,2016,SPRING,1.275,4,10,29,0.043965517,35.39888997,39.27531494,8.8392,40.729,-72.843,,,,
NM20160401009,2016,SPRING,1.409,5,11,36,0.039138889,33.2356842,38.92354979,6.64464,40.72,-72.881,8.87,35.1,8.57,11.59
NM20160401010,2016,SPRING,7.752,9,8,39,0.198769231,25.19362324,37.5847164,10.91184,40.781,-72.644,8.7,35.13,9.08,10.85
NM20160401011,2016,SPRING,26.844,12,9,53,0.506490566,29.72314977,20.92883012,14.08176,40.631,-73.122,9.1,34.87,8.33,9.9
NM20160401012,2016,SPRING,8.708,10,8,26,0.334923077,29.18909938,15.82152435,17.25168,40.661,-72.98,9.18,34.81,8.83,10.59
NM20160401013,2016,SPRING,9.858,8,9,36,0.273833333,26.45797059,24.46755702,9.7536,40.595,-73.406,9.82,34.65,8.67,10.47
NM20160401014,2016,SPRING,15.885,6,10,39,0.407307692,26.3211009,36.87405536,6.7056,40.587,-73.483,9.82,34.59,9.16,10.83
NM20160401015,2016,SPRING,25.492,14,8,37,0.688972973,26.60939041,11.72484884,16.4592,40.559,-73.419,9.61,34.62,9.13,10.69
NM20160401016,2016,SPRING,9.699,9,8,35,0.277114286,27.09196753,24.01217573,11.8872,40.597,-73.363,9.87,34.34,8.99,10.87
NM20160401017,2016,SPRING,8.552,11,6,33,0.259151515,23.63976182,10.54281909,10.9728,40.545,-73.596,9.85,34.71,8.84,11
NM20160401018,2016,SPRING,26.19,16,9,44,0.595227273,27.99074738,12.36392047,9.7536,40.567,-73.717,10.28,34.78,8.89,11.18
NM20160401019,2016,SPRING,4.674,5,8,29,0.161172414,26.61881483,25.20969754,8.5344,40.519,-73.891,10.46,34.76,8.58,10.85
NM20160401020,2016,SPRING,8.217,6,11,37,0.222081081,32.09466388,24.97672933,13.1064,40.221,-73.98,10.75,35.25,8.34,11.51
NM20160401021,2016,SPRING,2.87,4,9,28,0.1025,25.43812776,18.59163468,14.6304,40.542,-73.756,9.75,35.06,8.91,10.96
NM20160401022,2016,SPRING,12.338,7,10,39,0.316358974,33.2886351,17.78691865,13.1064,40.505,-73.859,10.44,34.77,8.8,10.97
NM20160401023,2016,SPRING,8.922,8,10,41,0.217609756,24.86064786,28.84311121,10.668,40.054,-74.035,10.62,35.38,8.53,11.39
NM20160401024,2016,SPRING,5.977,2,10,28,0.213464286,33.1049487,20.13158382,9.4488,39.773,-74.066,10.96,34.8,8.48,11.98
NM20160401025,2016,SPRING,13.986,4,8,33,0.423818182,27.94178576,20.78406925,15.5448,40.148,-74,10.73,35.32,8.5,11.48
NM20160401026,2016,SPRING,21.777,12,9,32,0.68053125,31.4901938,11.14056715,17.0688,39.893,-74.046,10.76,35.31,8.43,11.5
NM20160401027,2016,SPRING,9.729,15,9,45,0.2162,25.64751184,15.76446945,17.0688,40.021,-74.027,10.35,35.51,8.63,11.56
NM20160401028,2016,SPRING,8.155,6,9,28,0.29125,38.00234192,38.19382334,6.4008,39.608,-74.184,11.41,34.28,8.94,11.64
NM20160401029,2016,SPRING,33.01,6,9,30,1.100333333,33.63910077,44.23358868,11.5824,39.329,-74.399,11.56,33.61,8.62,11.82
NM20160401030,2016,SPRING,18.396,6,9,28,0.657,38.93612426,44.5587855,8.8392,39.306,-74.454,11.33,34.28,8.66,11.58
NM20160401031,2016,SPRING,35.31,5,8,15,2.354,51.10822174,53.09844036,7.9248,39.181,-74.645,10.7,33.96,8.62,11.62
NM20160401032,2016,SPRING,9.953,9,6,17,0.585470588,40.28032641,20.78157726,15.24,39.594,-74.096,10.46,35.14,9.43,11.82
NM20160401033,2016,SPRING,3.42,5,6,19,0.18,36.05584611,13.35786694,15.8496,39.63,-74.095,10.62,35.03,9.27,11.97
NM20160401034,2016,SPRING,7.709,6,10,25,0.30836,34.09737434,16.21211718,12.8016,39.646,-74.127,10.92,34.82,9.11,11.88
NM20160401035,2016,SPRING,3.262,4,7,21,0.155333333,35.00495138,11.3209547,17.0688,39.402,-74.206,10.59,35.23,8.57,11.73
NM20160401036,2016,SPRING,1.778,4,7,19,0.093578947,35.11764889,17.74031448,13.4112,39.43,-74.202,10.56,35.12,8.68,12.2
NM20160401037,2016,SPRING,3.745,9,9,22,0.170227273,27.13397877,11.09718399,17.0688,39.332,-74.295,10.53,35.1,8.83,11.86
NM20160401038,2016,SPRING,1.575,3,8,25,0.063,40.77182916,50.0812916,7.9248,39.144,-74.608,11.02,34.07,8.44,11.84
NM20160401039,2016,SPRING,17.875,6,6,17,1.051470588,42.97506647,51.26980094,9.7536,38.97,-74.648,11.04,35.37,8.39,11.04
NM20160401040,2016,SPRING,0.854,3,6,13,0.065692308,34.74459475,19.33078418,15.24,39.028,-74.497,10.69,35.46,8.54,11
NM20160401041,2016,SPRING,75.085,5,9,35,2.145285714,30.60497706,20.04479023,19.812,39.17,-74.524,10.61,35.06,8.42,11.19
NM20160401042,2016,SPRING,17.073,5,5,17,1.004294118,37.8197222,29.2746981,17.3736,38.955,-74.529,10.75,35.46,8.5,10.81
NM20160401043,2016,SPRING,3.409,3,4,14,0.2435,42.51670936,48.27198493,13.1064,38.996,-74.536,10.76,35.38,8.46,10.98
NM20160401044,2016,SPRING,3.851,7,7,21,0.183380952,36.11103138,51.95185391,16.764,39.029,-74.617,10.83,35.08,8.33,10.97
NM20160401045,2016,SPRING,18.667,5,5,14,1.333357143,36.64532401,37.68005086,11.5824,38.892,-74.656,11.27,35.48,8.47,11.27
NM20160401046,2016,SPRING,17.743,2,8,21,0.844904762,27.62582619,11.33622242,14.9352,38.877,-74.716,11.34,35.46,8.42,11.33
NM20160401047,2016,SPRING,20.536,6,8,27,0.760592593,31.9372319,21.68565987,7.9248,38.493,-75.041,12.22,34.21,8.2,12.87
NM20160401048,2016,SPRING,20.696,9,8,23,0.899826087,37.76021159,20.89496748,11.2776,38.517,-75.032,12.21,34.19,8.12,13.35
NM20160401049,2016,SPRING,12.399,12,9,29,0.427551724,38.94347083,27.10589376,9.4488,38.604,-75.03,12.41,34.01,8.25,13.03
NM20160401050,2016,SPRING,55.712,7,9,26,2.142769231,42.12712968,48.75195423,12.4968,38.706,-75.029,12.23,34.8,8.29,12.69
NM20160401051,2016,SPRING,2.281,3,6,14,0.162928571,37.81114661,11.51801773,18.5928,38.795,-74.755,11.31,35.72,8.55,11.3
NM20160401052,2016,SPRING,11.614,6,5,14,0.829571429,43.32518632,43.32518632,15.8496,38.695,-74.822,11.38,36,8.71,11.4
NM20160401053,2016,SPRING,19.586,6,8,21,0.932666667,35.39546674,18.50360028,14.9352,38.778,-74.807,11.6,35.71,8.52,11.59
NM20160401054,2016,SPRING,3.22,4,8,20,0.161,40.72073082,47.37684597,13.1064,38.466,-74.915,11.59,35.18,8.13,11.6
NM20160401055,2016,SPRING,1.793,1,5,13,0.137923077,44.88066846,47.71861517,11.8872,38.481,-74.932,11.53,35.37,8.3,12.47
NM20160401056,2016,SPRING,1.344,2,7,19,0.070736842,44.3359657,43.8635217,14.3256,38.469,-74.956,11.76,34.95,8.33,12.22
NM20160401057,2016,SPRING,21.823,7,8,22,0.991954545,37.03834656,22.59938219,10.3632,38.58,-75.022,12.29,34.2,8.37,13.24
NM20160401058,2016,SPRING,23.102,13,10,29,0.79662069,35.3532719,35.45086011,14.0208,38.655,-75.006,12.23,34.48,8.13,12.89
NM20160401059,2016,SPRING,10.939,3,8,22,0.497227273,34.09811109,30.62608367,28.0416,38.599,-74.787,10.77,36.12,8.6,11.24
NM20160401060,2016,SPRING,4.741,2,6,22,0.2155,34.75273157,33.95869429,27.1272,38.53,-74.803,10.8,36.18,8.63,12.03
NM20160401061,2016,SPRING,3.114,3,5,16,0.194625,40.14897175,13.91705026,24.9936,38.523,-74.827,10.93,36.09,8.54,11.64
NM20160401062,2016,SPRING,12.71,4,6,18,0.706111111,39.52806339,11.82543612,22.86,38.532,-74.838,10.88,36.14,8.64,11.48
NM20160401063,2016,SPRING,6.91,4,8,30,0.230333333,28.31764746,17.82053502,17.9832,38.733,-74.97,11.85,35.42,8.36,12.03
NM20160401064,2016,SPRING,6.475,8,6,22,0.294318182,41.4357833,30.46921367,9.4488,38.083,-75.188,12.29,34.35,8.12,12.29
NM20160401065,2016,SPRING,23.33,8,8,28,0.833214286,38.60906927,25.46521417,12.192,38.222,-75.106,11.94,34.6,8.27,12.09
NM20160401066,2016,SPRING,7.605,5,6,13,0.585,42.86662295,47.37384745,17.0688,38.355,-74.835,11.05,35.71,8.43,11.13
NM20160401067,2016,SPRING,8.351,4,8,22,0.379590909,34.48907833,40.43946709,14.6304,38.434,-74.954,11.61,35.12,8.36,11.9
NM20160401068,2016,SPRING,16.661,3,6,17,0.980058824,40.90694926,56.59501305,12.192,38.085,-75.032,11.49,35.31,8.11,11.54
NM20160401069,2016,SPRING,11.837,10,10,30,0.394566667,34.23611187,26.44580716,13.716,38.267,-75.063,11.74,34.72,8.26,12.05
NM20160401070,2016,SPRING,10.868,9,7,20,0.5434,34.16470594,36.25117396,14.0208,38.231,-75.098,12.02,34.5,8.1,12.15
NM20160401071,2016,SPRING,5.31,6,7,16,0.331875,34.67756273,38.78726651,15.5448,38.042,-75.117,11.74,35.33,8.09,11.74
NM20160401072,2016,SPRING,5.435,7,6,21,0.258809524,35.18104522,27.07633024,12.8016,38.195,-75.121,11.88,34.61,8.18,12.01
NM20160401073,2016,SPRING,7.351,6,7,17,0.432411765,39.1556142,31.09259815,10.9728,38.098,-75.127,11.76,34.97,8.19,11.81
NM20160401074,2016,SPRING,2.779,4,8,25,0.11116,30.54720786,41.86324927,7.9248,37.93,-75.291,13.32,35.45,8.37,14.34
NM20160401075,2016,SPRING,26.488,7,8,32,0.82775,36.35674352,27.59942155,10.0584,38.015,-75.218,12.04,34.61,7.6,12.03
NM20160401076,2016,SPRING,59.682,6,7,32,1.8650625,27.1289018,27.73323167,7.0104,37.811,-75.354,13.3,35.63,8.32,13.56
NM20160401077,2016,SPRING,0.996,5,8,32,0.031125,24.92923708,25.38972813,7.3152,37.794,-75.484,12.6,35.72,8.36,14.86
NM20160401078,2016,SPRING,3.659,2,5,22,0.166318182,29.94818048,29.2364149,11.8872,37.583,-75.555,14,35.94,8.17,14.03
NM20160401079,2016,SPRING,3.736,6,7,21,0.177904762,44.61197471,53.75352644,14.0208,37.976,-75.092,11.81,35.65,8.36,11.81
NM20160401080,2016,SPRING,9.256,11,9,30,0.308533333,28.83106871,23.42705987,12.8016,38.016,-75.172,11.7,35.22,7.92,11.85
NM20160401081,2016,SPRING,26.163,7,7,19,1.377,34.3093698,41.91189777,14.0208,37.903,-75.243,11.9,34.96,8.58,11.97
NM20160401082,2016,SPRING,24.256,9,7,25,0.97024,40.22894407,39.89464632,12.192,37.877,-75.272,11.77,35.11,8.37,12.04
NM20160401083,2016,SPRING,22.7,9,7,21,1.080952381,35.50313336,31.53769169,12.8016,37.62,-75.44,11.58,36.25,8.61,13.16
NM20160401084,2016,SPRING,18.567,8,9,23,0.80726087,35.6715734,31.06468639,13.1064,37.719,-75.428,12.41,35.8,8.4,12.42
NM20160401085,2016,SPRING,36.589,5,7,16,2.2868125,38.20166532,30.72745067,14.6304,37.578,-75.48,12.9,35.91,8.51,13.01
NM20160401086,2016,SPRING,3.12,2,8,22,0.141818182,27.20900976,25.61019468,10.668,37.607,-75.545,13.75,35.85,8.14,14.26
NM20160401087,2016,SPRING,10.979,5,7,21,0.522809524,33.27702013,28.89435362,7.9248,37.438,-75.626,14.03,35.85,8.13,14.07
NM20160401088,2016,SPRING,15.656,3,6,15,1.043733333,39.94528051,42.96344839,5.4864,37.274,-75.731,13.83,35.89,8.41,13.93
NM20160401089,2016,SPRING,5.813,4,8,22,0.264227273,32.92370055,29.13439587,8.8392,37.532,-75.522,12.8,35.77,8.31,12.8
NM20160401090,2016,SPRING,18.454,6,7,24,0.768916667,37.66588787,25.29899607,9.144,37.473,-75.587,12.41,35.85,8.48,13.56
NM20160401091,2016,SPRING,14.322,6,5,18,0.795666667,41.84556177,48.18975877,7.62,37.272,-75.706,13.44,35.89,8.42,13.55
NM20160401092,2016,SPRING,22.36,4,6,20,1.118,32.6340465,24.50635924,16.06296,37.456,-75.503,11.95,36.02,8.72,12.97
NM20160401093,2016,SPRING,7.315,3,8,20,0.36575,32.43518653,18.4237441,17.3736,37.206,-75.56,11.94,36.22,8.51,12.02
NM20160401094,2016,SPRING,31.243,7,6,14,2.231642857,45.76728291,59.5471749,11.5824,37.246,-75.659,12.63,35.94,8.07,12.72
NM20160401095,2016,SPRING,40.099,4,6,19,2.110473684,30.12180526,39.19556963,11.5824,37.208,-75.69,12.55,35.96,8.29,12.79
NM20160401096,2016,SPRING,0.238,2,4,10,0.0238,39.214929,25.28656934,6.4008,36.847,-75.95,12.39,35.71,8.68,15.74
NM20160401097,2016,SPRING,30.553,3,3,11,2.777545455,37.94304545,45.1496776,9.4488,37.071,-75.777,13.11,35.46,8.3,13.34
NM20160401098,2016,SPRING,9.686,6,5,18,0.538111111,35.10218944,26.82089936,10.0584,36.731,-75.897,11.7,35.02,8.73,13.02
NM20160401099,2016,SPRING,18.642,8,5,14,1.331571429,35.18503071,58.68314887,8.5344,36.952,-75.912,12.7,35.19,8.54,15.28
NM20160401100,2016,SPRING,13.449,7,5,22,0.611318182,29.66120636,20.98792731,10.85088,36.871,-75.925,12.39,33.94,8.45,14.08
NM20160401101,2016,SPRING,3.789,3,4,14,0.270642857,35.26653,44.43800776,4.2672,37.006,-75.981,12.72,34.81,8.32,15.37
NM20160401102,2016,SPRING,5.055,8,6,15,0.337,37.63202667,50.74095066,12.192,37.152,-75.643,12.07,36.16,8.46,12.06
NM20160401103,2016,SPRING,78.336,7,5,15,5.2224,44.68078619,63.55567153,11.5824,37.144,-75.67,12.51,36.06,8.57,12.54
NM20160401104,2016,SPRING,73.364,4,4,12,6.113666667,46.5203,60.13143707,14.9352,36.935,-75.721,11.63,36.07,8.52,12.96
NM20160401105,2016,SPRING,12.933,3,6,16,0.8083125,43.24049337,52.13424066,13.1064,36.695,-75.738,11.48,36.61,8.58,13.28
NM20160401106,2016,SPRING,27.586,7,5,16,1.724125,34.61339375,55.52818521,15.5448,36.845,-75.783,11.75,36.39,8.46,13.3
NM20160401107,2016,SPRING,2.182,5,5,15,0.145466667,31.18815533,50.31956597,14.0208,36.646,-75.818,11.51,35.79,8.78,14.5
NM20160401108,2016,SPRING,31.046,6,6,18,1.724777778,35.29540916,20.56089283,14.0208,36.67,-75.845,11.26,35.72,8.71,13.85
NM20160401109,2016,SPRING,2.386,7,5,14,0.170428571,49.94269038,43.4497616,11.5824,36.773,-75.845,11.68,36.01,8.64,12.36
NM20160401110,2016,SPRING,16.824,4,6,21,0.801142857,31.92665247,36.04952614,14.23416,36.846,-75.872,11.81,35.98,8.27,13.54
NM20160401111,2016,SPRING,16.692,2,4,12,1.391,41.79713833,23.96752188,10.668,36.721,-75.895,12.06,35,8.68,12.98
NM20160401112,2016,SPRING,0,0,4,14,0,32.42891643,22.9907256,11.2776,35.998,-75.627,11.51,35.68,8.5,12.52
NM20160401113,2016,SPRING,0.913,1,2,8,0.114125,35.83851875,26.90966988,7.62,36.356,-75.803,11.8,36.57,8.69,12.55
NM20160401114,2016,SPRING,0.431,1,3,9,0.047888889,35.45967889,24.82508729,19.2024,36.472,-75.705,11.32,36.57,8.67,13.24
NM20160401115,2016,SPRING,22.521,6,4,16,1.4075625,37.65175875,30.89962727,16.1544,35.872,-75.546,11.99,35.64,8.28,12.33
NM20160401116,2016,SPRING,2.61,3,3,9,0.29,42.19185785,49.70160811,14.0208,35.907,-75.534,11.71,36.15,8.38,12.27
NM20160401117,2016,SPRING,0,0,3,6,0,52.09695333,63.03074195,14.6304,36.169,-75.709,11.59,36.12,8.41,14.2
NM20160401118,2016,SPRING,1.811,4,4,12,0.150916667,40.52619167,23.99382936,10.3632,36.546,-75.806,11.44,35.34,8.88,13.96
NM20160401119,2016,SPRING,29.252,5,5,21,1.392952381,35.76238844,19.35988702,9.7536,35.814,-75.53,11.98,35.43,8.5,15.31
NM20160401120,2016,SPRING,0.025,1,3,9,0.002777778,39.73562252,17.09708312,10.668,35.271,-75.491,12.73,35.04,8.36,13.58
NM20160401121,2016,SPRING,0,0,4,11,0,45.2796648,23.3346632,14.9352,35.623,-75.397,12.09,35.23,8.71,14.02
NM20160401122,2016,SPRING,0.007,2,4,10,0.0007,39.37824507,22.87800208,9.4488,35.525,-75.443,11.77,35.62,8.73,13.5
NM20160401123,2016,SPRING,0.475,1,3,14,0.033928571,29.16702786,21.00971191,16.4592,35.709,-75.464,11.76,35.96,8.34,12.99
NM20160401124,2016,SPRING,34.791,7,5,24,1.449625,38.45935192,19.80135797,17.3736,35.823,-75.502,11.87,35.24,8.58,17.53
NM20160401125,2016,SPRING,2.066,7,7,19,0.108736842,26.21307263,37.49517269,22.86,41.141,-71.73,9.39,35.05,8.95,10.54
NM20160401126,2016,SPRING,16.923,9,6,49,0.345367347,28.02347714,23.65659188,21.9456,41.163,-71.642,9.66,35.17,9,11.58
NM20160401127,2016,SPRING,16.402,12,8,45,0.364488889,26.78305447,18.46222694,18.5928,41.106,-71.977,10.3,33.05,9.09,10.62
NM20160401128,2016,SPRING,13.896,13,7,49,0.283591837,29.32226427,11.22049423,33.2232,41.198,-71.648,8.55,35.5,8.83,9.61
NM20160401129,2016,SPRING,19.606,7,9,43,0.455953488,27.93515532,15.95560646,31.6992,41.234,-71.685,8.33,35.64,8.81,10
NM20160401130,2016,SPRING,61.851,11,8,59,1.048322034,25.25624351,15.93056886,24.6888,41.179,-71.709,8.82,35.04,8.78,9.98
NM20160401131,2016,SPRING,7.99,8,8,60,0.133166667,26.21234233,12.40488555,33.2232,41.284,-71.702,9.08,35.25,8.94,10.96
NM20160401132,2016,SPRING,14.348,8,7,51,0.281333333,24.60492784,13.83866554,36.576,41.277,-71.797,9.18,35.15,8.72,11.17
NM20160401133,2016,SPRING,3.543,10,7,52,0.068134615,25.0521088,14.59155891,47.244,41.254,-71.91,9.17,34.99,8.68,11.68
NM20160401134,2016,SPRING,0,0,5,25,0,18.218876,13.2150049,41.7576,41.198,-71.971,9.2,34.31,8.63,10.3
NM20160401135,2016,SPRING,20.27,14,8,58,0.349482759,28.17502032,14.75692972,30.1752,41.404,-71.001,9.8,35.38,8.43,10.69
NM20160401136,2016,SPRING,5.663,7,6,41,0.138121951,24.5720322,12.1216167,23.7744,41.436,-71.4,8.48,35.77,8.33,11.16
NM20160401137,2016,SPRING,25.047,11,8,44,0.56925,30.88773363,19.35024166,20.1168,41.394,-71.143,8.69,35.61,8.81,10.69
NM20160401138,2016,SPRING,17.488,13,8,44,0.397454545,27.40694724,17.44600764,22.2504,41.342,-71.453,8.51,35.75,8.49,10.83
NM20160401139,2016,SPRING,9.668,8,9,47,0.205702128,27.95206565,11.69925405,20.7264,41.422,-71.148,10.29,34.71,8.7,11.64
NM20160401140,2016,SPRING,6.804,6,7,38,0.179052632,23.15138921,14.2712864,28.956,41.382,-71.428,8.46,35.78,8.14,10.92
NM20160401141,2016,SPRING,32.56,11,8,45,0.723555556,29.22238875,13.17424709,33.528,41.297,-70.945,8.59,35.74,8.32,10.14
NM20160401142,2016,SPRING,8.708,10,8,47,0.185276596,29.74152715,17.77335265,36.8808,41.294,-71.046,8.54,35.76,8.57,10.27
NM20160401143,2016,SPRING,43.236,12,9,49,0.882367347,28.07377265,11.15164161,43.5864,41.275,-71.554,8.76,35.63,8.46,10.16
NM20160401144,2016,SPRING,8.066,15,8,34,0.237235294,28.38559768,19.50803441,27.432,41.129,-71.53,8.27,35.83,8.82,10.35
NM20160401145,2016,SPRING,4.896,8,9,47,0.104170213,27.94158195,12.00329067,31.3944,41.317,-70.895,8.86,35.69,8.36,10.47
NM20160401146,2016,SPRING,14.897,14,8,30,0.496566667,32.83276573,11.09278993,25.908,41.136,-71.476,8.25,35.84,8.94,10.32
NM20160401147,2016,SPRING,5.435,8,7,30,0.181166667,29.73674474,23.5685025,28.956,41.17,-71.52,8.37,35.75,8.76,10.52
NM20160401148,2016,SPRING,19.085,6,8,48,0.397604167,29.62620331,11.950485,31.0896,41.347,-71.414,8.42,35.77,8.47,10.9
NM20160401149,2016,SPRING,7.23,7,8,52,0.139038462,25.2739296,15.94112646,22.86,41.322,-71.528,8.79,35.48,8.39,11.08
NM20160401150,2016,SPRING,18.062,12,6,52,0.347346154,25.07686288,14.39628108,32.9184,41.266,-71.568,8.86,35.44,8.61,9.84
NM20160901001,2016,FALL,0.385,3,4,14,0.0275,32.72412786,27.49555269,15.8496,40.995,-71.948,17.53,35.47,8.15,17.53
NM20160901002,2016,FALL,2.107,7,3,16,0.1316875,26.82457375,16.56389463,17.6784,41.045,-71.867,17.39,35.17,7.81,17.48
NM20160901003,2016,FALL,16.692,15,9,28,0.596142857,33.79429036,34.79097441,10.0584,40.97,-72.098,17.56,35.58,7.68,17.51
NM20160901004,2016,FALL,0.437,5,8,23,0.019,37.27162652,30.83339614,9.4488,40.935,-72.197,17.85,36.26,6.05,17.37
NM20160901005,2016,FALL,8.297,5,8,25,0.33188,26.7666712,33.79981975,12.4968,40.909,-72.254,17.62,36.17,7.06,17.48
NM20160901006,2016,FALL,0.068,1,4,13,0.005230769,34.19294615,41.13410285,16.4592,40.923,-72.18,17.99,36.7,6.21,17.34
NM20160901007,2016,FALL,3.995,5,8,26,0.153653846,30.58644278,40.49286962,12.4968,40.946,-72.156,17.93,36.46,6.21,17.49
NM20160901008,2016,FALL,2.028,8,6,16,0.12675,39.33564813,24.41115821,10.3632,40.638,-73.132,17.94,35.3,6.96,18.02
NM20160901009,2016,FALL,3.491,5,9,32,0.10909375,32.26143156,31.35943537,7.9248,40.784,-72.644,17.22,35.32,7.51,17.45
NM20160901010,2016,FALL,5.731,5,8,24,0.238791667,28.6596125,27.66407636,14.6304,40.729,-72.815,17.78,35.4,7.66,17.88
NM20160901011,2016,FALL,4.976,6,8,27,0.184296296,25.23858593,23.79492035,14.0208,40.808,-72.531,17.37,35.5,7.52,17.56
NM20160901012,2016,FALL,3.098,8,8,29,0.106827586,28.63655245,29.24467025,12.4968,40.639,-73.071,17.65,35.42,7.02,17.87
NM20160901013,2016,FALL,14.255,5,7,24,0.593958333,33.02211024,25.8191637,8.5344,40.577,-73.495,18.17,34.93,7.69,18.32
NM20160901014,2016,FALL,2.736,7,5,19,0.144,32.88795368,23.04339328,7.3152,40.587,-73.466,18.31,34.92,7.41,18.45
NM20160901015,2016,FALL,38.714,8,6,16,2.419625,37.71721374,23.82802716,14.0208,40.578,-73.405,18.06,34.88,7.7,18.3
NM20160901016,2016,FALL,3.594,4,7,18,0.199666667,32.00415476,32.24306572,16.764,40.596,-73.281,18.11,35.12,7.45,18.19
NM20160901017,2016,FALL,18.732,10,9,26,0.720461538,30.80465862,22.82276878,11.5824,40.545,-73.601,18.42,35.1,8.02,18.89
NM20160901018,2016,FALL,8.979,8,7,26,0.345346154,34.31097078,28.76160078,10.668,40.386,-73.957,18.49,35.45,6.29,18.52
NM20160901019,2016,FALL,5.788,11,8,24,0.241166667,27.13654792,23.72260419,7.62,40.563,-73.681,18.47,35.27,7.89,18.71
NM20160901020,2016,FALL,4.61,3,9,28,0.164642857,28.47243763,30.764186,17.3736,40.524,-73.779,18.02,36.52,5.9,18.32
NM20160901021,2016,FALL,2.9,6,6,28,0.103571429,29.37446286,26.03592219,19.2024,40.307,-73.921,17.98,36.39,6.71,18.89
NM20160901022,2016,FALL,5.567,3,6,20,0.27835,33.884812,35.84106459,13.716,40.253,-73.94,17.81,35.86,7.02,18.96
NM20160901023,2016,FALL,2.697,3,7,26,0.103730769,29.00366654,15.62075593,9.144,39.783,-74.069,18.84,34.88,6.84,18.86
NM20160901024,2016,FALL,0.523,3,5,17,0.030764706,39.22418647,21.53991175,8.5344,39.741,-74.086,18.92,34.79,6.88,19.12
NM20160901025,2016,FALL,3.316,4,5,13,0.255076923,37.14693154,42.9536013,11.8872,39.769,-74.047,18.76,35.14,6.97,18.89
NM20160901026,2016,FALL,1.102,4,8,24,0.045916667,34.17211875,34.21904456,13.716,39.981,-74.047,18.51,35.06,6.75,19.23
NM20160901027,2016,FALL,0.848,3,6,24,0.035333333,33.46097,42.39125425,17.0688,40.021,-74.028,18.52,35.18,6.8,18.94
NM20160901028,2016,FALL,0.095,2,5,18,0.005277778,34.89437778,20.72250687,8.8392,39.422,-74.288,19.07,34.75,7.49,19.26
NM20160901029,2016,FALL,10.139,6,7,24,0.422458333,33.82151875,20.63841873,10.0584,39.369,-74.33,19.12,34.81,7.3,19.17
NM20160901030,2016,FALL,15.356,5,7,18,0.853111111,40.00347389,40.78261016,7.3152,39.308,-74.465,15.46,34.67,7.46,16.04
NM20160901031,2016,FALL,15.062,6,5,14,1.075857143,38.71007643,40.82371851,9.7536,39.209,-74.613,16.86,34.86,7.74,16.86
NM20160901032,2016,FALL,0,0,4,10,0,35.617406,41.30715388,14.6304,39.581,-74.136,18.73,35.13,7.17,18.96
NM20160901033,2016,FALL,0,0,5,12,0,44.10796,27.82582151,12.8016,39.429,-74.245,18.77,35.09,7.67,19.19
NM20160901034,2016,FALL,2.398,4,8,25,0.09592,34.31651613,26.73549751,11.8872,39.494,-74.244,18.83,35.05,7.61,19.09
NM20160901035,2016,FALL,1.491,4,7,24,0.062125,34.38026208,29.76186377,12.4968,39.418,-74.253,18.78,35.1,7.68,19.25
NM20160901036,2016,FALL,12.589,5,5,12,1.049083333,47.89205083,47.6973888,14.0208,39.257,-74.496,16.93,34.94,7.63,16.91
NM20160901037,2016,FALL,10.754,10,5,13,0.827230769,56.17244601,47.41530247,17.6784,39.178,-74.53,17.24,35.11,7.59,17.11
NM20160901038,2016,FALL,23.433,5,4,14,1.673785714,44.404935,21.32880749,7.9248,39.029,-74.755,19.42,34.73,7.36,19.77
NM20160901039,2016,FALL,1.207,5,6,18,0.067055556,39.65590082,18.05474459,9.4488,38.968,-74.793,16.19,33.84,7.5,16.19
NM20160901040,2016,FALL,5.445,9,7,32,0.17015625,30.81651635,28.3218348,12.4968,39.126,-74.516,17.25,35.32,7.41,17.1
NM20160901041,2016,FALL,6.4,6,5,17,0.376470588,45.61684719,47.60420159,13.716,39.156,-74.594,17.21,35.08,7.66,17.18
NM20160901042,2016,FALL,7.219,9,4,16,0.4511875,34.25772313,39.20983761,16.1544,39.033,-74.605,19.15,35.09,7.15,19.46
NM20160901043,2016,FALL,7.021,7,5,15,0.468066667,47.19701677,50.89020039,14.6304,39.07,-74.619,19.16,35.12,7.11,19.5
NM20160901044,2016,FALL,6.379,5,6,15,0.425266667,42.89420212,42.89420212,12.4968,39.032,-74.647,19.17,35,7.4,19.39
NM20160901045,2016,FALL,8.583,5,7,19,0.451736842,40.73156894,45.17817249,11.2776,39.044,-74.72,19.26,34.83,7.24,19.28
NM20160901046,2016,FALL,0.847,3,6,18,0.047055556,33.86526556,32.30752291,11.8872,38.988,-74.746,19.3,34.8,7.43,19.81
NM20160901047,2016,FALL,40.68,5,6,18,2.26,45.22384371,47.77903702,11.2776,38.704,-75.056,16.46,34.17,7.62,16.45
NM20160901048,2016,FALL,14.281,8,8,24,0.595041667,38.31093841,26.0449315,10.0584,38.606,-75.03,16.59,34.23,7.85,16.25
NM20160901049,2016,FALL,15.951,6,6,17,0.938294118,42.73153715,44.44854337,6.4008,38.659,-75.053,16.36,34.14,7.53,16.35
NM20160901050,2016,FALL,11.933,5,5,13,0.917923077,53.07616303,53.53291605,10.3632,38.745,-75.063,16.52,34.24,7.68,16.54
NM20160901051,2016,FALL,5.975,6,5,10,0.5975,52.89398119,52.21809971,16.1544,38.81,-74.608,17.23,35.53,7.5,17.18
NM20160901052,2016,FALL,6.408,6,4,10,0.6408,51.54332928,49.92057153,14.0208,38.871,-74.734,16.95,34.51,7.65,16.52
NM20160901053,2016,FALL,21.288,5,5,12,1.774,46.9396375,55.6081246,15.5448,38.666,-74.808,17.12,35.42,7.57,16.99
NM20160901054,2016,FALL,15.088,6,5,18,0.838222222,43.6389906,39.84258585,16.1544,38.727,-74.807,16.93,34.83,7.56,16.66
NM20160901055,2016,FALL,10.842,4,4,8,1.35525,57.21396566,64.80970281,6.4008,38.851,-74.853,16.28,34.68,7.69,16.26
NM20160901056,2016,FALL,20.704,7,4,10,2.0704,52.849605,59.44246548,12.4968,38.794,-74.881,16.77,34.59,7.48,16.56
NM20160901057,2016,FALL,4.732,3,3,9,0.525777778,53.82682333,57.62244666,9.7536,38.479,-74.901,17.19,34.98,7.91,17.44
NM20160901058,2016,FALL,9.515,4,4,7,1.359285714,63.33332231,59.8955821,17.0688,38.553,-74.931,17.15,34.94,7.7,17.16
NM20160901059,2016,FALL,8.097,8,5,13,0.622846154,51.40629791,52.08840885,17.9832,38.642,-74.915,17.38,35.55,7.65,17.5
NM20160901060,2016,FALL,18.886,4,4,14,1.349,41.33176474,45.67780546,25.908,38.601,-74.784,17.4,35.56,7.33,17.29
NM20160901061,2016,FALL,18.58,5,7,21,0.884761905,38.74795447,40.9391071,24.6888,38.729,-74.905,17.07,34.93,7.46,16.69
NM20160901062,2016,FALL,16.41,4,6,20,0.8205,34.5197025,16.48392293,18.8976,38.779,-74.994,17.17,35.27,7.19,16.85
NM20160901063,2016,FALL,11.731,7,6,17,0.690058824,48.28189755,20.76245327,19.2024,38.756,-75.032,16.6,34.04,7.48,16.61
NM20160901064,2016,FALL,2.648,3,6,20,0.1324,37.57291887,17.01592838,10.3632,38.279,-75.091,16.91,34.65,7.54,16.84
NM20160901065,2016,FALL,2.123,2,5,13,0.163307692,38.42173964,22.14051805,9.144,38.062,-75.168,16.94,34.62,7.41,17.01
NM20160901066,2016,FALL,11.351,3,4,10,1.1351,50.15969763,55.20550973,20.1168,38.304,-74.846,17.36,35.71,7.52,17.21
NM20160901067,2016,FALL,1.701,3,4,11,0.154636364,41.18742696,53.08588425,18.5928,38.271,-74.899,17.43,35,7.7,17.41
NM20160901068,2016,FALL,0.277,2,3,10,0.0277,38.818937,47.70224438,17.0688,38.305,-74.95,17.27,34.93,7.56,17.28
NM20160901069,2016,FALL,4.8,6,6,8,0.6,49.65245266,54.95671567,18.8976,38.422,-74.954,17.45,34.83,7.95,17.62
NM20160901070,2016,FALL,8.927,5,5,9,0.991888889,49.06955,54.80789816,17.9832,38.382,-74.986,17.49,34.81,7.56,17.59
NM20160901071,2016,FALL,0.615,1,6,12,0.05125,43.49569583,43.77868426,14.0208,38.319,-75.039,17.02,34.69,7.54,17
NM20160901072,2016,FALL,53.601,4,4,12,4.46675,50.1480759,36.02355968,16.764,38.184,-75.057,17.26,35.01,7.38,17.24
NM20160901073,2016,FALL,9.62,2,4,12,0.801666667,45.63116917,22.53658265,16.1544,38.158,-75.118,17.24,34.97,7.41,17.23
NM20160901074,2016,FALL,4.913,4,3,5,0.9826,52.66844,52.66844,9.7536,37.999,-75.104,17.28,34.76,7.35,17.51
NM20160901075,2016,FALL,6.795,6,7,18,0.3775,37.01323343,22.34264834,11.8872,37.992,-75.201,17.16,34.5,7.41,17.16
NM20160901076,2016,FALL,6.147,3,4,10,0.6147,35.166079,23.34672182,7.0104,37.865,-75.288,17.52,34.89,7.2,17.52
NM20160901077,2016,FALL,0.15,1,3,9,0.016666667,33.74140333,17.32112773,10.9728,37.858,-75.315,17.33,34.73,7.11,17.32
NM20160901078,2016,FALL,0,0,2,4,0,57.4003975,59.85845559,10.9728,37.6,-75.51,17.65,35.12,7.66,17.88
NM20160901079,2016,FALL,0.117,2,2,5,0.0234,41.31267,47.34032239,18.288,37.954,-75.09,17.49,35.09,7.45,17.56
NM20160901080,2016,FALL,0.125,1,3,7,0.017857143,40.11300429,42.81696999,14.3256,37.952,-75.122,17.31,34.83,7.56,17.31
NM20160901081,2016,FALL,1.994,2,4,10,0.1994,42.998353,41.19797258,14.0208,37.971,-75.2,17.56,34.73,7.34,17.46
NM20160901082,2016,FALL,1.004,2,4,9,0.111555556,36.58394556,33.48776561,14.0208,37.969,-75.209,17.32,34.61,7.4,17.38
NM20160901083,2016,FALL,8.672,3,2,4,2.168,70.4888109,65.08986392,14.9352,37.6,-75.448,17.96,35.32,7.33,18.18
NM20160901084,2016,FALL,8.798,3,2,4,2.1995,50.5816375,58.33664389,12.4968,37.597,-75.473,17.87,35.24,7.45,18.04
NM20160901085,2016,FALL,4.975,1,2,6,0.829166667,42.815505,49.10507199,14.3256,37.673,-75.458,17.78,35.24,7.31,17.95
NM20160901086,2016,FALL,3.065,4,3,9,0.340555556,34.46625667,19.93518534,12.4968,37.706,-75.518,17.51,35.08,7.23,17.65
NM20160901087,2016,FALL,2.188,1,1,3,0.729333333,63.74789,63.74789,8.5344,37.37,-75.63,17.96,34.71,6.99,18.02
NM20160901088,2016,FALL,0,0,3,12,0,32.18499917,36.83770612,7.3152,37.322,-75.672,18.25,34.52,7.04,18.17
NM20160901089,2016,FALL,0.46,1,3,13,0.035384615,29.44455308,18.92605416,6.4008,37.331,-75.673,17.96,34.78,7.05,17.82
NM20160901090,2016,FALL,1.515,2,3,7,0.216428571,23.82451,16.95318246,6.4008,37.393,-75.659,17.52,34.63,7.14,17.47
NM20160901091,2016,FALL,6.459,2,6,23,0.280826087,23.32861043,15.48188849,5.4864,37.194,-75.764,15.98,35.09,7.54,15.94
NM20160901092,2016,FALL,0.224,2,2,5,0.0448,48.696856,54.50352517,14.6304,37.33,-75.521,18.22,35.46,7.44,18.28
NM20160901093,2016,FALL,10.403,3,2,4,2.60075,55.2872375,62.19289519,12.8016,37.497,-75.57,17.79,35.19,7.71,17.77
NM20160901094,2016,FALL,0,0,3,10,0,32.951143,20.12623116,10.668,37.519,-75.569,17.25,35.04,7.69,17.52
NM20160901095,2016,FALL,0.326,1,3,8,0.04075,31.08908875,44.13396147,14.6304,37.243,-75.63,18.43,34.27,7.37,18.96
NM20160901096,2016,FALL,4.115,2,3,9,0.457222222,34.07392778,38.342407,10.3632,37.153,-75.727,18.63,34.22,7.67,18.83
NM20160901097,2016,FALL,0,0,4,11,0,30.51677,16.92057329,7.3152,37.092,-75.815,16.29,34.67,7.6,16.32
NM20160901098,2016,FALL,3.016,2,3,10,0.3016,41.806641,26.49431412,10.668,36.979,-75.829,15.41,35.33,7.69,15.38
NM20160901099,2016,FALL,0,0,4,11,0,29.20612273,15.60644534,10.0584,36.949,-75.854,15.29,33.45,7.68,14.82
NM20160901100,2016,FALL,0.42,1,4,13,0.032307692,29.03387615,15.94167509,7.62,36.982,-75.932,16.86,34.31,7.51,16.84
NM20160901101,2016,FALL,13.548,2,3,10,1.3548,29.684676,15.3884676,7.62,36.992,-75.98,16.9,34.17,7.72,16.92
NM20160901102,2016,FALL,6.229,1,2,4,1.55725,50.2676575,57.10519958,11.5824,37.141,-75.656,18.81,34.65,7.26,19.37
NM20160901103,2016,FALL,1.107,2,6,13,0.085153846,31.65529452,27.40473041,17.6784,36.902,-75.694,17.23,35.51,7.19,17.07
NM20160901104,2016,FALL,0,0,4,11,0,31.58805727,24.98068767,15.5448,36.933,-75.687,17.3,35.62,7.19,17.02
NM20160901105,2016,FALL,46.798,7,5,14,3.342714286,33.72007114,19.82651,14.3256,37.107,-75.697,16.69,35.39,7.34,16.68
NM20160901106,2016,FALL,6.626,2,1,3,2.208666667,58.53933,58.53933,13.4112,37.168,-75.693,18.82,34.67,7.48,19.1
NM20160901107,2016,FALL,1.713,2,4,11,0.155727273,33.27591909,23.66068206,14.6304,36.945,-75.744,17.33,35.19,7.25,17.21
NM20160901108,2016,FALL,5.869,2,5,14,0.419214286,28.39621071,26.03592677,11.5824,37.047,-75.751,16.79,34.99,7.39,16.79
NM20160901109,2016,FALL,7.363,3,5,12,0.613583333,40.28751465,21.72482188,11.2776,36.667,-75.87,15.22,32.19,8.24,15.2
NM20160901110,2016,FALL,0.274,1,3,9,0.030444444,34.35777667,18.58760949,10.668,36.705,-75.872,15.94,34.24,7.81,14.86
NM20160901111,2016,FALL,0.993,1,3,12,0.08275,30.49404583,18.35680904,10.9728,36.765,-75.892,15.97,34.28,7.62,14.86
NM20160901112,2016,FALL,0,0,3,13,0,20.40041769,16.30290878,12.192,35.916,-75.586,16.27,33.49,7.55,15.95
NM20160901113,2016,FALL,0.023,1,3,11,0.002090909,29.38686455,18.75317226,10.668,36.231,-75.753,15.72,32.96,7.62,15.37
NM20160901114,2016,FALL,0,0,2,4,0,51.3837775,58.14665166,19.2024,36.467,-75.707,16.19,34.93,7.49,15.56
NM20160901115,2016,FALL,0,0,3,13,0,30.71287308,21.46291492,13.1064,35.928,-75.547,16.65,34.63,7.36,16.43
NM20160901116,2016,FALL,0.1,1,4,9,0.011111111,42.10481634,51.56220651,17.9832,36.357,-75.718,16.27,35.06,7.38,15.49
NM20160901117,2016,FALL,1.002,5,4,10,0.1002,34.53414083,24.60344898,17.6784,36.434,-75.735,16.07,34.47,7.41,15.17
NM20160901118,2016,FALL,0.607,3,3,10,0.0607,32.682655,41.74759821,17.6784,36.461,-75.769,15.92,33.89,7.54,15.21
NM20160901119,2016,FALL,0.777,1,3,13,0.059769231,28.24075615,20.91095003,9.7536,35.813,-75.526,16.14,32.45,7.55,16.2
NM20160901120,2016,FALL,0.205,2,3,18,0.011388889,22.06539944,17.67285159,10.0584,35.323,-75.482,18.7,36.36,6.82,16.21
NM20160901121,2016,FALL,0.017,1,3,18,0.000944444,16.22222222,20.57809471,15.8496,35.601,-75.393,17.07,34.05,7.18,16.54
NM20160901122,2016,FALL,0.44,1,6,22,0.02,27.13593773,19.9801873,20.1168,35.668,-75.419,18.25,36.06,6.92,16.78
NM20160901123,2016,FALL,0.166,1,4,19,0.008736842,21.99461,19.73957376,10.9728,35.619,-75.445,16.65,33.53,7.35,16.39
NM20160901124,2016,FALL,0.142,1,3,13,0.010923077,29.72982692,18.42228176,18.5928,35.801,-75.481,16.89,34.06,7.27,16.34
NM20160901125,2016,FALL,1.478,4,5,24,0.061583333,18.33566958,8.183830978,21.6408,41.137,-72.04,18.21,34.4,7.27,18.31
NM20160901126,2016,FALL,22.887,13,7,28,0.817392857,35.1252121,8.337422878,37.4904,41.144,-71.7,17.28,36.04,7.63,17.41
NM20160901127,2016,FALL,45.928,12,7,28,1.640285714,39.28448027,9.943428829,31.3944,41.158,-71.701,17.22,35.78,7.63,17.38
NM20160901128,2016,FALL,24.8654,6,5,33,0.75349697,23.05239727,9.649572174,35.052,41.27,-71.697,17.38,35.55,7.49,17.43
NM20160901129,2016,FALL,11.068,7,8,28,0.395285714,28.08041279,10.03873383,32.3088,41.23,-71.7,17.42,35.71,7.63,17.65
NM20160901130,2016,FALL,2.264,4,5,17,0.133176471,24.50972713,14.38371593,31.0896,41.168,-71.799,18,35.41,7.63,17.9
NM20160901131,2016,FALL,9.428,8,5,37,0.254810811,27.13887946,12.96710367,36.2712,41.273,-71.821,17.52,35.36,7.03,18.06
NM20160901132,2016,FALL,18.908,9,8,40,0.4727,28.64207302,18.66482591,36.8808,41.221,-71.849,17.98,35.08,7.26,18.03
NM20160901133,2016,FALL,0.441,6,8,33,0.013363636,27.09208419,11.22753892,32.6136,41.195,-71.899,18.06,34.84,7.45,18.07
NM20160901134,2016,FALL,0.369,1,6,28,0.013178571,26.65070132,12.99825012,35.6616,41.218,-71.951,18.04,34.89,7.02,18.04
NM20160901135,2016,FALL,6.303,9,7,34,0.185382353,31.61653384,16.35961994,26.5176,41.226,-71.598,17.17,35.63,7.87,17.35
NM20160901136,2016,FALL,5.044,6,6,29,0.173931034,20.59329069,10.66494839,21.6408,41.381,-71.072,17.29,35.28,7.26,17.35
NM20160901137,2016,FALL,6.856,9,8,40,0.1714,24.2737275,14.29132297,24.0792,41.396,-71.241,17.42,35.61,7.1,17.38
NM20160901138,2016,FALL,5.932,6,5,20,0.2966,20.8754355,8.493475809,26.5176,41.397,-71.432,17.13,35.7,7.82,17.29
NM20160901139,2016,FALL,14.305,11,5,31,0.461451613,26.78668323,9.834603731,21.6408,41.31,-71.506,17.23,35.66,7.84,17.34
NM20160901140,2016,FALL,11.856,6,6,33,0.359272727,27.07184182,9.440400647,19.812,41.089,-71.57,18.16,37.03,7.18,17.63
NM20160901141,2016,FALL,0.905,3,10,55,0.016454545,30.63327557,14.76294469,30.7848,41.265,-71.288,17.28,36,7.22,17.25
NM20160901142,2016,FALL,1.982,6,3,23,0.086173913,19.95638565,14.71747114,30.7848,41.285,-70.897,17.16,35.58,6.97,17.5
NM20160901143,2016,FALL,3.509,8,6,40,0.087725,22.39322775,14.66281384,32.004,41.309,-70.903,17.33,35.77,6.64,17.58
NM20160901144,2016,FALL,2.382,5,7,44,0.054136364,21.6582125,11.74802943,28.956,41.325,-70.954,17.41,35.95,7.32,17.55
NM20160901145,2016,FALL,44.967,9,7,33,1.362636364,28.85791469,8.877782564,37.1856,41.204,-71.52,17.26,35.79,7.32,17.22
NM20160901146,2016,FALL,10.61,6,6,45,0.235777778,30.20813822,17.30882401,37.7952,41.145,-71.411,17.43,36.38,6.87,17.26
NM20160901147,2016,FALL,42.41,8,7,38,1.116052632,28.0672476,14.60827229,35.6616,41.217,-71.417,17.36,36.39,7.29,17.42
NM20160901148,2016,FALL,17.729,6,6,43,0.412302326,27.89802,16.44747841,35.052,41.243,-71.465,17.29,36.12,7.38,17.62
NM20160901149,2016,FALL,9.495,6,6,37,0.256621622,29.58886216,17.00021288,31.0896,41.174,-71.521,17.34,36.14,7.02,17.6
NM20160901150,2016,FALL,31.453,8,6,31,1.014612903,25.86274516,11.8103623,30.48,41.27,-71.571,17.31,35.67,7.59,17.29
NM20170401001,2017,SPRING,1.182,6,7,32,0.0369375,34.3914166,37.10907366,19.2024,41.048,-71.862,14.52,29.94,6.83,15.56
NM20170401002,2017,SPRING,10.032,12,7,36,0.278666667,32.08676961,13.1261274,13.4112,41.021,-71.932,15.23,29.96,7.11,17.13
NM20170401003,2017,SPRING,13.641,10,7,38,0.358973684,31.59195483,48.97072031,9.4488,40.94,-72.182,15.84,29.86,7.15,17.57
NM20170401004,2017,SPRING,4.293,3,7,35,0.122657143,33.77956596,23.60261461,11.5824,40.955,-72.128,15.24,29.88,7.14,17.17
NM20170401005,2017,SPRING,3.497,2,6,36,0.097138889,35.21196885,23.44554118,11.2776,40.904,-72.268,15.49,29.92,7.05,17.39
NM20170401006,2017,SPRING,32.878,11,7,45,0.730622222,34.32041999,26.90120565,17.0688,40.906,-72.229,16.02,29.89,7.1,17.56
NM20170401007,2017,SPRING,10.231,11,7,43,0.237930233,33.5235631,14.27158394,12.4968,40.924,-72.209,15.77,29.9,7.16,17.54
NM20170401008,2017,SPRING,3.452,6,7,27,0.127851852,37.03926547,16.44441932,8.2296,40.823,-72.507,15.36,30.16,7.3,18.23
NM20170401009,2017,SPRING,2.951,4,7,29,0.101758621,34.19366013,42.99666963,9.4488,40.775,-72.676,15.66,30.26,7.48,17.83
NM20170401010,2017,SPRING,18.067,12,7,37,0.488297297,30.85692266,24.46282802,14.3256,40.622,-73.15,15.07,30.75,6.95,17.94
NM20170401011,2017,SPRING,6.761,9,8,29,0.233137931,35.15548286,39.55508618,11.2776,40.645,-73.082,15.72,30.66,7.12,17.66
NM20170401012,2017,SPRING,5.955,7,6,30,0.1985,31.78788067,17.59780546,13.716,40.663,-73.003,16.97,30.43,6.93,17.66
NM20170401013,2017,SPRING,6.803,10,7,33,0.206151515,35.46625512,37.66285576,13.4112,40.559,-73.5,14.39,30.77,6.12,18.57
NM20170401014,2017,SPRING,39.852,9,6,36,1.107,36.30750713,35.6545859,9.4488,40.558,-73.566,13.66,30.91,6.45,17.93
NM20170401015,2017,SPRING,4.347,8,7,32,0.13584375,33.36198783,33.31925591,10.9728,40.575,-73.468,13.55,30.94,5.98,19.19
NM20170401016,2017,SPRING,8.072,11,6,28,0.288285714,29.92809952,24.08380104,13.716,40.554,-73.493,14.03,30.86,6.19,18.47
NM20170401017,2017,SPRING,10.436,9,8,36,0.289888889,31.57335859,19.64145639,17.6784,40.501,-73.532,13.44,31.21,6.42,19.91
NM20170401018,2017,SPRING,12.554,8,7,36,0.348722222,36.69299031,21.5533875,8.2296,40.553,-73.844,13.22,31.13,6.08,18.9
NM20170401019,2017,SPRING,28.616,13,6,36,0.794888889,34.00215248,31.59399946,9.7536,40.56,-73.801,13.28,31.11,5.91,18.6
NM20170401020,2017,SPRING,12.714,11,6,27,0.470888889,30.28684575,22.71333907,16.764,40.503,-73.681,11.88,31.53,6.36,20.88
NM20170401021,2017,SPRING,4.97,12,6,38,0.130789474,23.50323395,21.92503574,21.0312,40.42,-73.905,12.15,31.44,6.33,20.21
NM20170401022,2017,SPRING,5.058,12,8,36,0.1405,33.79572664,25.45832349,17.6784,40.246,-73.959,12,31.44,6.29,14.86
NM20170401023,2017,SPRING,8.377,5,7,23,0.364217391,41.54332055,38.94245951,4.8768,39.808,-74.079,11.49,31.2,5.63,15.44
NM20170401024,2017,SPRING,4.418,5,6,19,0.232526316,32.64228218,36.73228229,10.3632,39.755,-74.057,11.43,31.05,6.17,16.18
NM20170401025,2017,SPRING,23.877,5,6,17,1.404529412,38.1137042,38.62982316,18.288,39.897,-74.018,10.44,31.55,6.08,15.8
NM20170401026,2017,SPRING,19.21,6,9,28,0.686071429,34.14724316,39.38665665,16.4592,40.111,-74.004,11.75,31.55,6.65,14.68
NM20170401027,2017,SPRING,10.974,4,7,20,0.5487,30.92369772,37.35280731,16.764,39.903,-74.047,11.08,31.49,5.94,13.65
NM20170401028,2017,SPRING,9.528,8,8,30,0.3176,29.95516769,35.68435996,11.2776,39.588,-74.191,12.38,31.16,6.15,17.91
NM20170401029,2017,SPRING,3.696,5,6,30,0.1232,28.39349904,26.66738614,9.4488,39.373,-74.329,13.29,30.99,6.51,18.55
NM20170401030,2017,SPRING,16.138,6,7,24,0.672416667,36.2486527,40.0293122,8.2296,39.344,-74.385,13.14,31.1,6.47,17.91
NM20170401031,2017,SPRING,13.22,6,6,16,0.82625,39.01086711,53.04570449,10.3632,39.305,-74.445,14.23,30.47,6.38,18.11
NM20170401032,2017,SPRING,2.406,8,6,16,0.150375,42.48455449,14.09055904,12.4968,39.433,-74.233,12.58,31.22,6.43,19.74
NM20170401033,2017,SPRING,2.814,3,6,15,0.1876,37.84058019,30.61606776,12.192,39.481,-74.234,13.11,31.2,6.33,19.13
NM20170401034,2017,SPRING,7.268,9,7,25,0.29072,30.2745498,29.31012846,14.9352,39.381,-74.294,12.27,31.12,6.4,20.16
NM20170401035,2017,SPRING,2.371,4,5,11,0.215545455,37.2691302,36.67440377,15.24,39.229,-74.332,11.75,31.39,6.25,19.5
NM20170401036,2017,SPRING,6.576,4,6,18,0.365333333,37.71367005,39.6079479,14.0208,39.247,-74.456,11.82,31.4,6.46,18.33
NM20170401037,2017,SPRING,7.354,9,6,15,0.490266667,39.6867071,38.76889651,13.1064,39.246,-74.516,11.8,31.38,6.29,18.05
NM20170401125,2017,SPRING,0.874,7,6,38,0.023,32.64141624,37.03464041,27.432,41.147,-71.745,12.85,30.63,6.87,15.89
NM20170401126,2017,SPRING,11.824,15,10,52,0.227384615,24.7226466,11.25173665,24.0792,41.083,-71.972,14.69,29.12,6.78,15.85
NM20170401127,2017,SPRING,15.692,11,8,52,0.301769231,28.12984827,18.58869472,29.2608,41.156,-71.92,14.33,29.26,6.72,14.92
NM20170401128,2017,SPRING,7.967,11,8,53,0.150320755,27.89991036,17.78866397,23.4696,41.168,-71.635,12.97,30.7,7.16,15.73
NM20170401129,2017,SPRING,11.241,11,8,51,0.220411765,25.97227186,17.7666795,31.3944,41.226,-71.648,10.63,31.45,7.03,16.33
NM20170401130,2017,SPRING,5.928,6,6,37,0.160216216,26.93238598,18.79104314,28.6512,41.218,-71.605,13.76,30.56,6.92,14.83
NM20170401131,2017,SPRING,21.967,7,9,52,0.422442308,25.53476671,17.63268981,33.2232,41.159,-71.698,11.59,31.17,6.53,15.4
NM20170401132,2017,SPRING,17.994,7,7,54,0.333222222,27.94681086,17.17084777,33.8328,41.206,-71.699,11.07,31.34,6.96,16.19
NM20170401133,2017,SPRING,17.294,4,8,40,0.43235,25.01454791,16.44900167,37.1856,41.206,-71.796,11.62,31.17,6.69,16.11
NM20170401134,2017,SPRING,18.867,8,8,49,0.385040816,29.36360577,18.91866641,32.9184,41.21,-71.829,11.95,30.76,6.47,14.87
NM20170401135,2017,SPRING,6.731,5,6,48,0.140229167,26.39338792,16.58035868,23.1648,41.355,-71.449,12.21,31.09,6.55,17.42
NM20170401136,2017,SPRING,3.954,11,8,61,0.064819672,25.31444711,17.3495359,27.1272,41.442,-71.388,12.77,31,6.87,17.1
NM20170401137,2017,SPRING,11.479,10,8,56,0.204982143,28.33623123,17.23212093,20.4216,41.405,-71.01,12.85,30.94,7.04,15.17
NM20170401138,2017,SPRING,9.389,9,8,38,0.247078947,26.81091806,29.02579647,22.86,41.376,-71.175,11.02,31.22,6.74,16.25
NM20170401139,2017,SPRING,7.064,7,6,33,0.214060606,25.43511939,15.78946184,23.7744,41.428,-71.279,12.96,30.81,6.56,17.05
NM20170401140,2017,SPRING,31.737,13,8,39,0.813769231,28.27382928,19.07975831,30.7848,41.29,-71.5,10.64,31.31,7.32,15.21
NM20170401141,2017,SPRING,50.812,12,9,49,1.036979592,24.27843999,13.94662526,31.3944,41.301,-70.893,11.53,31.04,7.41,14.9
NM20170401142,2017,SPRING,9.507,6,7,27,0.352111111,35.91579959,29.11039887,33.2232,41.308,-71.055,10.22,31.5,7.99,15.91
NM20170401143,2017,SPRING,10.514,8,7,32,0.3285625,29.53366964,26.00806462,34.4424,41.31,-71.281,10.51,31.34,7.45,18.01
NM20170401144,2017,SPRING,7.481,14,7,34,0.220029412,34.29577295,41.71695021,28.6512,41.335,-71.293,10.57,31.24,7.54,18.03
NM20170401145,2017,SPRING,16.759,13,6,48,0.349145833,28.93837129,24.7619746,42.0624,41.277,-71.577,10.63,31.15,6.91,16.01
NM20170401146,2017,SPRING,28.116,10,7,48,0.58575,27.60937214,18.17529647,34.1376,41.299,-71.526,10.38,31.46,7.67,15.56
NM20170401147,2017,SPRING,10.62,6,6,31,0.342580645,27.64688054,22.94455249,31.6992,41.322,-71.403,10.43,31.37,7.09,17.47
NM20170401148,2017,SPRING,22.683,10,8,35,0.648085714,29.11592644,29.53267156,33.8328,41.223,-71.45,9.65,31.78,6.79,15.34
NM20170401149,2017,SPRING,11.916,10,7,36,0.331,24.98960727,15.82875033,29.2608,41.315,-71.544,10.3,31.5,6.95,15.15
NM20170401150,2017,SPRING,5.275,10,9,37,0.142567568,31.4490755,25.11586897,31.3944,41.255,-71.576,14.43,30.48,7,14.85
NM20170901001,2017,FALL,0,0,6,24,0,32.52491875,51.03036253,12.4968,41.012,-71.965,18.38,31.17,6.39,19.05
NM20170901002,2017,FALL,7.461,4,4,12,0.62175,37.02027472,14.30020077,13.4112,41.017,-71.937,17.66,31.48,6.05,19.03
NM20170901003,2017,FALL,0,0,9,29,0,34.93640325,37.18434035,11.06424,40.976,-72.07,18.92,30.96,6.62,19
NM20170901004,2017,FALL,1.419,5,5,17,0.083470588,39.14943949,34.94607386,10.24128,40.99,-72.033,19.03,30.91,6.73,19.06
NM20170901005,2017,FALL,1.577,1,5,14,0.112642857,33.27159662,8.72951788,11.5824,40.973,-72.047,18.22,31.25,6.64,18.95
NM20170901006,2017,FALL,2.024,10,10,34,0.059529412,28.11217142,45.85600564,10.9728,40.972,-72.057,18.79,31.03,6.63,18.98
NM20170901007,2017,FALL,1.044,1,8,24,0.0435,31.29411333,53.42128123,11.8872,40.913,-72.244,18.22,31.52,6.29,18.54
NM20170901008,2017,FALL,11.725,4,6,18,0.651388889,38.73305513,49.29047436,10.0584,40.766,-72.707,18.16,31.2,6.58,18.29
NM20170901009,2017,FALL,2.455,3,6,22,0.111590909,41.17912806,56.90255359,9.7536,40.666,-73.027,18.74,30.98,6.35,19.2
NM20170901010,2017,FALL,19.185,3,10,28,0.685178571,27.41141986,27.3993435,17.0688,40.619,-73.117,19.07,30.81,5.99,19.46
NM20170901011,2017,FALL,3.943,6,9,31,0.127193548,33.53572984,33.50564596,9.4488,40.809,-72.549,17.59,31.96,4.91,18.86
NM20170901012,2017,FALL,7.435,8,9,26,0.285961538,26.84039555,24.45907099,17.3736,40.611,-73.194,19.02,30.8,5.97,19.52
NM20170901013,2017,FALL,0.438,4,6,26,0.016846154,24.46009115,21.9891935,9.144,40.561,-73.561,19.08,30.51,5.17,19.16
NM20170901014,2017,FALL,0.694,4,6,23,0.030173913,23.84154217,21.72836829,7.9248,40.561,-73.626,18.92,30.48,5.85,18.99
NM20170901015,2017,FALL,1.889,8,7,25,0.07556,21.536908,25.9798581,16.1544,40.601,-73.254,18.94,30.84,6.16,19.37
NM20170901016,2017,FALL,1.623,3,7,36,0.045083333,20.34823722,20.57319487,14.3256,40.558,-73.443,19.09,30.71,5.89,19.4
NM20170901017,2017,FALL,2.304,8,8,27,0.085333333,30.98447152,16.33214643,11.8872,40.542,-73.544,19.29,30.57,5.85,19.29
NM20170901018,2017,FALL,1.179,4,8,31,0.038032258,30.7686647,19.8534961,10.3632,40.561,-73.779,18.93,30.56,5.62,19.35
NM20170901019,2017,FALL,3.164,7,5,20,0.1582,21.20947904,15.41951054,12.192,40.506,-73.884,19.11,30.58,5.86,19.35
NM20170901020,2017,FALL,1.393,6,5,21,0.066333333,21.88493143,15.81492813,13.4112,40.499,-73.856,18.87,31.13,5.85,19.49
NM20170901021,2017,FALL,2.663,5,7,32,0.08321875,25.54730408,22.82477883,15.8496,40.252,-73.935,18.88,31.12,5.92,18.9
NM20170901022,2017,FALL,2.708,7,6,28,0.096714286,33.32034839,20.21946855,14.6304,40.247,-73.959,18.82,31.19,5.82,18.97
NM20170901023,2017,FALL,0,0,5,9,0,31.72229778,40.69874004,8.5344,39.805,-74.055,18.13,31.07,5.84,18.2
NM20170901024,2017,FALL,0.011,2,8,21,0.00052381,31.88807762,31.17417742,5.7912,39.81,-74.079,17.42,31.08,5.7,18.04
NM20170901025,2017,FALL,9.756,6,6,27,0.361333333,28.9590983,18.71469496,16.1544,40.145,-73.953,18.79,31.27,5.71,18.93
NM20170901026,2017,FALL,2.993,3,6,15,0.199533333,34.66800933,36.95731064,12.8016,40.13,-73.995,18.63,31.14,5.81,18.72
NM20170901027,2017,FALL,1.843,3,4,8,0.230375,28.61171491,41.61635456,12.192,39.76,-74.049,18.23,31.13,5.87,18.38
NM20170901028,2017,FALL,7.763,4,4,14,0.5545,38.46363343,17.88629134,7.0104,39.259,-74.553,18.74,30.88,6,18.84
NM20170901029,2017,FALL,3.738,1,7,26,0.143769231,32.14804316,18.42280529,10.3632,39.573,-74.201,18.72,30.97,5.96,18.77
NM20170901030,2017,FALL,6.09,4,7,22,0.276818182,31.77034921,15.19474654,9.4488,39.339,-74.36,18.71,30.92,6.09,18.75
NM20170901031,2017,FALL,4.734,5,8,24,0.19725,29.62639943,16.3551427,6.4008,39.343,-74.382,18.57,30.88,6.12,18.35
NM20170901032,2017,FALL,1.422,3,6,22,0.064636364,30.44963355,14.27617378,17.6784,39.407,-74.207,19.02,31,5.96,18.98
NM20170901033,2017,FALL,13.293,6,6,24,0.553875,31.86061404,9.200382243,15.5448,39.298,-74.311,19.26,31.05,6.05,19.26
NM20170901034,2017,FALL,2.896,6,5,18,0.160888889,39.44606531,29.31350711,12.8016,39.347,-74.318,19.22,30.98,6.02,19.16
NM20170901035,2017,FALL,1.176,3,7,12,0.098,30.37593673,35.50039804,15.8496,39.225,-74.418,19.26,31.1,6.16,19.3
NM20170901036,2017,FALL,4.036,6,7,18,0.224222222,36.23088298,20.32621923,13.1064,39.257,-74.492,18.76,30.95,5.98,18.05
NM20170901037,2017,FALL,3.797,7,6,17,0.223352941,27.03407882,14.81474291,11.2776,39.184,-74.595,18.99,30.94,6.02,18.98
NM20170901038,2017,FALL,18.372,6,7,23,0.798782609,37.76911662,23.96198535,8.01624,38.925,-74.879,19.22,30.72,6.14,19.23
NM20170901039,2017,FALL,7.939,6,3,9,0.882111111,30.36184444,16.92830945,8.2296,39.151,-74.663,18.83,30.84,5.91,18.86
NM20170901040,2017,FALL,0.56,2,4,10,0.056,37.578062,39.35682845,17.6784,39.147,-74.53,19.18,31.11,6.16,19.27
NM20170901041,2017,FALL,1.349,5,2,4,0.33725,56.12107,57.00086013,10.9728,39.098,-74.554,19.27,31.03,6.09,19.37
NM20170901042,2017,FALL,5.215,6,4,9,0.579444444,31.60193953,33.74968386,15.24,39.117,-74.568,19.19,31.05,6.24,19.3
NM20170901043,2017,FALL,5.066,8,4,9,0.562888889,50.08519455,54.34984427,11.8872,39.031,-74.591,19.11,31.21,6.32,19.33
NM20170901044,2017,FALL,0,0,3,6,0,25.83931,25.83931,10.668,39.156,-74.597,19.04,30.98,6.13,19.03
NM20170901045,2017,FALL,1.402,6,6,14,0.100142857,43.00661072,45.29000293,15.24,39.04,-74.62,19.19,31.07,6.33,19.39
NM20170901046,2017,FALL,9.792,8,6,29,0.337655172,29.80958465,34.6799166,12.4968,38.893,-74.704,19.33,31.06,6.19,19.73
NM20170901047,2017,FALL,8.335,8,6,21,0.396904762,45.30476691,26.2952178,9.144,38.858,-74.871,19.32,30.43,5.98,19.49
NM20170901048,2017,FALL,4.484,4,2,7,0.640571429,63.50511385,59.48210887,8.5344,38.855,-74.948,19.49,30.35,5.92,19.54
NM20170901049,2017,FALL,1.038,1,2,9,0.115333333,72.16294407,79.14040336,10.18032,38.605,-75.029,19.5,30.14,5.92,19.57
NM20170901050,2017,FALL,0.435,1,4,10,0.0435,23.575973,19.21533893,10.0584,38.635,-75.042,19.14,30.02,5.75,19.06
NM20170901051,2017,FALL,8.098,8,6,16,0.506125,41.31234225,43.85250181,14.81328,38.818,-74.778,19.47,30.93,5.94,19.89
NM20170901052,2017,FALL,6.124,4,4,6,1.020666667,46.66457628,46.66457628,14.50848,38.782,-74.811,19.53,30.68,5.96,19.78
NM20170901053,2017,FALL,5.363,3,3,7,0.766142857,60.5485886,60.10191307,17.3736,38.525,-74.923,19.57,30.7,6.15,19.68
NM20170901054,2017,FALL,1.543,3,1,3,0.514333333,58.688146,58.688146,12.67968,38.484,-74.939,19.66,30.69,6.1,19.69
NM20170901055,2017,FALL,1.403,2,2,3,0.467666667,57.65459925,57.65459925,15.8496,38.508,-74.929,19.6,30.62,6.11,19.6
NM20170901056,2017,FALL,0,0,1,3,0,55.81103667,55.81103667,12.192,38.685,-74.98,19.6,30.52,5.51,19.6
NM20170901057,2017,FALL,0,0,1,5,0,15.5,15.5,13.716,38.654,-75.015,19.35,30.16,5.71,19.36
NM20170901058,2017,FALL,5.05,3,6,18,0.280555556,24.75367285,17.28354474,10.3632,38.698,-75.044,18.89,29.86,5.78,18.87
NM20170901059,2017,FALL,14.616,11,9,29,0.504,34.35866733,33.53692214,28.0416,38.604,-74.801,19.68,31.38,6.08,19.74
NM20170901060,2017,FALL,9.99,5,7,21,0.475714286,33.38250176,58.15566453,26.2128,38.645,-74.837,19.68,31.39,5.97,19.65
NM20170901061,2017,FALL,9.746,9,5,19,0.512947368,33.89337687,20.30232083,23.1648,38.623,-74.872,19.75,31.18,5.86,19.66
NM20170901062,2017,FALL,2.595,3,3,12,0.21625,57.0612009,56.85835192,17.6784,38.552,-74.909,19.68,30.64,5.98,19.69
NM20170901063,2017,FALL,6.935,3,6,19,0.365,28.31571604,18.03094247,18.5928,38.75,-75.022,19.26,29.79,5.73,19.32
NM20170901064,2017,FALL,0,0,2,6,0,17.16666667,17.99675131,14.6304,38.03,-75.153,19.3,30.85,5.71,19.23
NM20170901065,2017,FALL,0,0,1,5,0,18.9,18.9,11.15568,38.029,-75.191,19.63,30.82,5.85,19.61
NM20170901066,2017,FALL,0,0,2,4,0,44.3908375,49.09895263,18.8976,38.323,-74.867,19.82,31.01,6.2,19.83
NM20170901067,2017,FALL,0,0,3,11,0,35.30094521,39.48337052,16.48968,38.267,-74.905,19.67,31.05,5.96,19.65
NM20170901068,2017,FALL,0.952,2,4,6,0.158666667,46.8141547,53.40281188,18.19656,38.329,-74.929,19.8,30.92,6.17,19.95
NM20170901069,2017,FALL,0.252,4,7,18,0.014,34.40120237,22.57353551,18.5928,38.27,-74.979,19.74,30.98,5.93,19.74
NM20170901070,2017,FALL,2.517,5,4,10,0.2517,32.36789648,26.73394824,17.46504,38.055,-75.004,19.7,31.09,5.94,19.69
NM20170901071,2017,FALL,1.103,4,2,9,0.122555556,20.33333333,20.10128441,19.6596,38.197,-75.045,19.51,30.79,5.91,19.5
NM20170901072,2017,FALL,0.186,3,7,15,0.0124,29.06923462,17.66129063,11.15568,38.095,-75.081,19.67,30.94,5.94,19.68
NM20170901073,2017,FALL,0,0,3,7,0,15.71428571,16.79146063,15.02664,38.147,-75.129,19.64,30.8,5.86,19.65
NM20170901074,2017,FALL,1.964,1,5,15,0.130933333,20.01654867,16.69743757,7.19328,37.882,-75.331,19.12,30.64,5.68,19.2
NM20170901075,2017,FALL,0,0,3,7,0,14.07142857,15.686477,10.18032,38.013,-75.223,19.49,30.72,5.81,19.48
NM20170901076,2017,FALL,0.095,1,2,7,0.013571429,38.21084429,35.74698875,10.78992,37.958,-75.13,19.19,30.95,5.7,19.27
NM20170901077,2017,FALL,0,0,4,18,0,17.80011944,14.26016874,9.54024,37.804,-75.413,19.35,30.49,5.65,19.34
NM20170901078,2017,FALL,0.557,2,4,13,0.042846154,21.81886606,18.2066049,9.32688,37.781,-75.494,17.8,30.19,6.34,18.64
NM20170901079,2017,FALL,2.104,5,5,12,0.175333333,30.79117841,22.69802399,19.6596,37.996,-75.057,19.47,31.1,5.82,19.3
NM20170901080,2017,FALL,1.991,2,4,9,0.221222222,33.36172333,19.04279012,7.62,37.971,-75.112,19.51,31.09,5.79,19.37
NM20170901081,2017,FALL,0.085,1,2,7,0.012142857,32.05118,25.19818522,19.6596,37.847,-75.233,19.65,30.87,5.72,19.65
NM20170901082,2017,FALL,3.783,1,5,15,0.2522,24.54173467,18.91717445,17.55648,37.807,-75.269,19.58,30.74,5.76,19.66
NM20170901083,2017,FALL,2.893,2,2,7,0.413285714,40.71422714,53.5311475,13.50264,37.698,-75.351,19,31.07,6.22,19.3
NM20170901084,2017,FALL,7.706,2,3,6,1.284333333,41.99203833,47.86725002,10.85088,37.772,-75.397,18.62,30.7,6.05,18.88
NM20170901085,2017,FALL,0.561,2,3,10,0.0561,32.198775,19.9932418,11.46048,37.772,-75.425,18.47,30.55,6.14,19.03
NM20170901086,2017,FALL,0,0,3,6,0,24.79328833,24.79328833,12.89304,37.62,-75.517,18.65,30.77,6.06,18.9
NM20170901087,2017,FALL,0,0,4,9,0,27.97504222,19.5495076,10.14984,37.543,-75.566,18.7,30.68,5.98,18.79
NM20170901088,2017,FALL,0,0,3,9,0,31.23270111,20.91981033,10.9728,37.23,-75.695,19.15,30.14,6.37,18.93
NM20170901089,2017,FALL,1.417,3,2,6,0.236166667,24.581995,18.09662406,8.65632,37.269,-75.683,19.06,30.1,6.01,18.97
NM20170901090,2017,FALL,0.079,2,2,10,0.0079,18.7,18.60098179,6.7056,37.205,-75.745,19.11,29.87,6.06,19.09
NM20170901091,2017,FALL,0.081,1,4,9,0.009,22.94486778,17.826505,6.49224,37.225,-75.742,18.79,30.11,6.15,18.84
NM20170901092,2017,FALL,0.035,1,1,3,0.011666667,63.74789,63.74789,9.93648,37.541,-75.466,19.06,31.16,6.03,18.96
NM20170901093,2017,FALL,0,0,2,4,0,51.2617375,56.3880528,14.81328,37.358,-75.52,19.17,31.24,6.22,19.36
NM20170901094,2017,FALL,0.336,1,3,5,0.0672,46.58967185,48.2328274,13.95984,37.379,-75.547,19.09,31.13,6.08,19.05
NM20170901095,2017,FALL,0,0,3,7,0,24.70025857,23.18136313,10.54608,37.231,-75.67,19.71,30.47,6.14,19.8
NM20170901096,2017,FALL,0,0,3,6,0,19.41666667,19.72619048,5.4864,37.119,-75.822,19.55,29.85,6.74,19.66
NM20170901097,2017,FALL,0.038,3,2,10,0.0038,18.7,20.0829242,8.8392,36.627,-75.864,19.41,28.5,6.02,19.4
NM20170901098,2017,FALL,0.782,1,4,6,0.130333333,40.76177167,41.87868393,6.27888,37.047,-75.853,19.61,29.49,6.45,19.64
NM20170901099,2017,FALL,1.785,2,3,9,0.198333333,25.44266,13.97917952,9.23544,36.791,-75.904,15.86,29.5,8.8,14.82
NM20170901100,2017,FALL,1.126,1,3,11,0.102363636,31.21754818,16.9704671,7.68096,36.786,-75.938,15.4,28.12,9.34,14.68
NM20170901101,2017,FALL,1.61,2,5,19,0.084736842,26.20925842,20.11311825,10.18032,37.048,-75.964,19.55,28.54,6.63,19.54
NM20170901102,2017,FALL,0.997,4,2,6,0.166166667,26.79526167,25.09644625,11.76528,37.148,-75.647,20.25,31.24,5.78,20.04
NM20170901103,2017,FALL,0.552,1,7,23,0.024,34.76787934,31.68042382,16.67256,36.673,-75.678,17.42,30.47,8.74,16.72
NM20170901104,2017,FALL,0.283,2,6,14,0.020214286,28.79414214,24.15665007,13.28928,36.677,-75.729,17.11,30.14,8.42,16.93
NM20170901105,2017,FALL,0.024,1,2,10,0.0024,19.55,22.5959596,10.75944,37.095,-75.733,20.26,30.87,6.25,19.62
NM20170901106,2017,FALL,0,0,3,8,0,25.71552625,25.43145357,11.15568,36.946,-75.781,20.27,31.25,6.67,19.92
NM20170901107,2017,FALL,1.82,5,4,16,0.11375,27.92739938,32.50741966,12.89304,36.973,-75.798,19.76,30.29,6.26,19.91
NM20170901108,2017,FALL,0,0,2,7,0,19.71428571,19.46666667,12.98448,36.997,-75.778,20.65,31.08,5.7,19.98
NM20170901109,2017,FALL,0,0,4,14,0,18.78571429,19.24712644,11.67384,36.85,-75.897,19.53,30.36,5.91,19.15
NM20170901110,2017,FALL,0,0,3,8,0,17.1875,17.1875,8.86968,36.943,-75.905,19.4,30.04,5.96,19.13
NM20170901111,2017,FALL,0,0,4,15,0,18.2,17.40298507,11.61288,36.94,-75.932,19.33,29.78,5.77,19.03
NM20170901112,2017,FALL,0.145,2,3,12,0.012083333,24.68862833,17.47065965,12.46632,36.091,-75.688,19.74,29.96,6.11,19.31
NM20170901113,2017,FALL,0,0,3,11,0,22.53719,18.82159091,7.71144,36.427,-75.819,19.52,29.6,6.25,19.86
NM20170901114,2017,FALL,0.069,2,2,11,0.006272727,19.31818182,18.90888638,16.48968,36.195,-75.666,20.3,30.92,5.97,20.16
NM20170901115,2017,FALL,0.117,1,3,13,0.009,24.94490385,17.34525206,10.54608,36.217,-75.746,19.78,30.29,6.05,19.67
NM20170901116,2017,FALL,1.325,3,4,19,0.069736842,28.24821004,19.43225542,17.34312,36.306,-75.743,20.14,30.75,5.95,20.04
NM20170901117,2017,FALL,0.069,1,3,13,0.005307692,28.34885462,17.86466134,17.34312,36.469,-75.746,20.1,30.78,6.05,20.12
NM20170901118,2017,FALL,2.122,1,4,13,0.163230769,25.00058615,17.30537846,14.3256,36.444,-75.795,19.84,30.37,5.88,19.87
NM20170901119,2017,FALL,0.075,2,3,14,0.005357143,16.78571429,16.52980277,9.23544,35.362,-75.476,21.6,31.63,6.14,21.59
NM20170901120,2017,FALL,0.008,2,3,11,0.000727273,16.31818182,17.66398347,8.5344,35.497,-75.461,21.11,31.26,6,21.15
NM20170901121,2017,FALL,0.053,3,3,11,0.004818182,21.62851364,18.86614832,15.24,35.579,-75.407,21.32,31.67,6.01,21.38
NM20170901122,2017,FALL,0,0,3,11,0,19.22727273,17.43565589,13.1064,35.453,-75.445,21.09,31.28,5.99,21.1
NM20170901123,2017,FALL,0,0,3,11,0,21.36721182,16.33553873,11.2776,35.208,-75.469,22.01,33.04,6.08,21.97
NM20170901124,2017,FALL,0.041,1,5,20,0.00205,20.1921475,16.97618615,16.4592,35.794,-75.495,20.76,31.15,6.04,20.75
NM20170901125,2017,FALL,2.073,10,5,22,0.094227273,33.22570455,38.7222994,21.9456,41.306,-71.624,18.09,31.05,6.4,18.3
NM20170901126,2017,FALL,30.519,8,7,26,1.173807692,34.07614038,18.5988201,19.2024,41.136,-71.725,17.84,31.1,6.17,19.02
NM20170901127,2017,FALL,3.338,7,4,30,0.111266667,22.32588233,7.94060951,16.4592,41.083,-71.987,19.17,30.04,6.17,19.16
NM20170901128,2017,FALL,1.769,3,7,22,0.080409091,29.42868439,11.8054815,30.7848,41.218,-71.652,17.74,31.12,6.06,18.76
NM20170901129,2017,FALL,4.998,7,6,48,0.104125,26.09236354,17.2118628,35.052,41.269,-71.649,17.94,31.03,6.34,18.84
NM20170901130,2017,FALL,24.421,9,7,37,0.660027027,30.06778081,33.04469384,39.3192,41.173,-71.701,17.6,31.36,6.12,19.19
NM20170901131,2017,FALL,3.629,5,6,28,0.129607143,28.33255643,10.5542756,35.052,41.247,-71.864,17.97,30.94,6,19.44
NM20170901132,2017,FALL,3.457,6,9,39,0.088641026,24.14396012,10.69885449,32.004,41.189,-71.873,18.77,30.39,6.07,19.1
NM20170901133,2017,FALL,4.928,5,9,38,0.129684211,21.25135801,15.64273354,43.8912,41.243,-71.924,18.13,30.84,6.01,18.86
NM20170901134,2017,FALL,0.104,1,7,28,0.003714286,22.10924804,25.6694218,38.1,41.208,-71.984,18.88,30.31,6.07,19.07
NM20170901135,2017,FALL,0.432,4,7,24,0.018,23.63239708,9.754798779,20.4216,41.379,-71.453,18.39,30.9,5.8,18.52
NM20170901136,2017,FALL,1.404,7,3,20,0.0702,19.9260275,7.969243431,15.8496,41.417,-71.038,17.94,30.98,6.31,18.69
NM20170901137,2017,FALL,1.669,3,4,24,0.069541667,20.72854292,14.04203364,28.6512,41.384,-71.001,17.77,31.02,6.13,18.2
NM20170901138,2017,FALL,5.108,5,5,31,0.164774194,28.09986258,16.2363534,28.956,41.277,-71.44,16.95,31.84,6.4,18.72
NM20170901139,2017,FALL,1.972,6,6,31,0.063612903,22.93095774,13.73865194,22.2504,41.379,-71.118,17.81,30.96,6.16,19.07
NM20170901140,2017,FALL,2.235,5,8,34,0.065735294,20.08142471,13.07125583,20.7264,41.428,-71.254,17.65,30.99,5.88,19.1
NM20170901141,2017,FALL,0.76,8,6,35,0.021714286,22.93545571,21.48377608,28.956,41.325,-70.977,16.57,31.59,4.54,18.46
NM20170901142,2017,FALL,0.324,3,9,43,0.007534884,28.08383018,19.87868697,32.3088,41.31,-71.06,16.43,31.65,4.38,18.49
NM20170901143,2017,FALL,3.505,7,7,33,0.106212121,30.22987016,22.42049583,34.7472,41.292,-70.951,16.54,31.61,4.5,18.32
NM20170901144,2017,FALL,0.436,7,8,52,0.008384615,25.622375,20.32629819,35.3568,41.281,-71.239,16.67,31.41,4.49,18.81
NM20170901145,2017,FALL,18.065,11,7,45,0.401444444,25.14980644,15.27697315,35.052,41.181,-71.521,17.43,31.11,6.3,19.23
NM20170901146,2017,FALL,13.514,11,7,54,0.250259259,26.53639815,17.83124246,35.052,41.178,-71.426,16.74,32.1,5.47,18.6
NM20170901147,2017,FALL,9.935,9,6,45,0.220777778,27.59486178,9.625353871,32.9184,41.244,-71.448,17.06,31.45,6.17,18.67
NM20170901148,2017,FALL,3.622,7,6,35,0.103485714,23.26301229,18.29944865,39.0144,41.272,-71.443,16.94,31.86,6.21,18.46
NM20170901149,2017,FALL,101.454,7,6,27,3.757555556,26.44755185,10.01044449,35.3568,41.249,-71.462,17.01,31.95,6.07,18.69
NM20170901150,2017,FALL,1.992,6,5,29,0.068689655,22.35231966,10.47778066,30.1752,41.18,-71.488,17.68,31.08,6.22,19.04
NM20180401001,2018,SPRING,10.095,14,6,33,0.305909091,34.48350134,20.6993031,20.93976,40.998,-71.942,9.98,32.3,9.36,13.58
NM20180401002,2018,SPRING,3.043,3,5,8,0.380375,49.06469951,56.30843384,20.51304,41.02,-71.935,10.07,32.14,9.28,12.7
NM20180401003,2018,SPRING,4.199,8,8,15,0.279933333,37.72497031,40.47504493,15.02664,40.915,-72.247,10.65,32.03,9.52,11.91
NM20180401004,2018,SPRING,2.665,5,5,14,0.190357143,31.30862143,36.94962642,13.50264,40.987,-72.049,10.45,31.99,8.97,12.53
NM20180401005,2018,SPRING,1.465,2,5,9,0.162777778,28.18273625,18.56024349,22.18944,40.959,-72.073,10.04,32.28,9.49,12.36
NM20180401006,2018,SPRING,0.169,2,5,14,0.012071429,28.90840071,27.55295126,19.23288,40.942,-72.143,10.1,32.38,9.58,12.35
NM20180401007,2018,SPRING,15.855,3,5,10,1.5855,54.88320646,61.61986331,17.34312,40.991,-72.013,10.14,32.22,9.6,12.43
NM20180401008,2018,SPRING,1.84,3,7,20,0.092,44.3807252,54.69678445,15.11808,40.756,-72.743,10.84,32.33,9.53,12.67
NM20180401009,2018,SPRING,3.247,5,8,21,0.154619048,41.26552293,47.9644486,12.28344,40.643,-73.134,11.79,31.77,9.06,12.32
NM20180401010,2018,SPRING,19.382,11,7,28,0.692214286,36.45435786,21.88232927,19.38528,40.794,-72.582,10.36,32.6,9.42,12.88
NM20180401011,2018,SPRING,26.197,11,8,32,0.81865625,34.55551194,16.86724709,19.38528,40.699,-72.918,10.01,32.27,9.53,12.68
NM20180401012,2018,SPRING,17.53,12,7,28,0.626071429,33.36846268,22.8173789,21.7932,40.679,-72.957,11.45,30.81,9.76,13.97
NM20180401013,2018,SPRING,23.065,13,7,24,0.961041667,37.85536523,42.11342214,14.20368,40.57,-73.796,12.36,31.83,8.12,15.18
NM20180401014,2018,SPRING,9.197,9,6,20,0.45985,41.65043626,27.19065573,15.02664,40.613,-73.266,10.92,31.48,9.49,12.73
NM20180401015,2018,SPRING,12.632,12,5,17,0.743058824,43.17050085,41.50486976,17.16024,40.585,-73.405,11.33,31.93,9.2,14.68
NM20180401016,2018,SPRING,10.722,8,6,11,0.974727273,47.72169264,51.85773406,23.25624,40.54,-73.443,11.51,32.13,9.27,14.93
NM20180401017,2018,SPRING,13.543,12,6,31,0.436870968,35.65853484,29.61020149,20.51304,40.547,-73.507,11.33,32.23,9.23,14.49
NM20180401018,2018,SPRING,9.339,10,8,26,0.359192308,37.98036371,27.00677182,15.11808,40.552,-73.817,12.85,31.54,8.29,15.9
NM20180401019,2018,SPRING,13.441,7,7,21,0.640047619,44.80955031,22.91499665,15.11808,40.52,-73.882,12.17,31.94,9.06,16.5
NM20180401020,2018,SPRING,5.658,10,8,24,0.23575,35.31728037,43.98686263,24.32304,40.501,-73.682,10.99,32.01,9.14,15.37
NM20180401021,2018,SPRING,28.86,10,8,30,0.962,31.33149394,35.90617903,26.85288,40.424,-73.905,9.71,32.64,9.15,16.06
NM20180401022,2018,SPRING,20.685,14,7,21,0.985,44.56899688,48.73815583,20.93976,40.243,-73.955,10.36,32.38,8,16.89
NM20180401023,2018,SPRING,8.224,5,6,19,0.432842105,39.18720593,45.44378643,19.69008,39.926,-74.057,10.34,32.07,7.54,15.34
NM20180401024,2018,SPRING,45.469,9,5,15,3.031266667,42.41594635,27.82413413,15.8496,39.754,-74.066,12.01,31.28,8.92,14.44
NM20180401025,2018,SPRING,6.328,9,4,12,0.527333333,62.41444022,58.50568983,21.57984,39.869,-74.042,11.87,32.3,8.26,15.03
NM20180401026,2018,SPRING,60.842,6,8,23,2.645304348,39.73661602,36.57247934,23.4696,40.004,-74.029,9.28,32.29,7.82,16.07
NM20180401027,2018,SPRING,13.144,12,5,13,1.011076923,61.25382331,65.27670793,19.5072,39.78,-74.044,11.89,32.3,9,14.94
NM20180401028,2018,SPRING,13.967,3,7,18,0.775944444,42.35657757,59.64799272,11.76528,39.26,-74.557,15.31,30.54,8.32,16.09
NM20180401029,2018,SPRING,48.482,5,7,24,2.020083333,38.71804415,55.30606871,15.5448,39.428,-74.279,15.1,29.88,9.46,15.66
NM20180401030,2018,SPRING,38.423,4,7,21,1.829666667,45.48951095,47.40777986,16.03248,39.357,-74.351,14.21,30.54,9.51,15.54
NM20180401031,2018,SPRING,25.34,4,6,16,1.58375,48.47247544,52.05603318,14.0208,39.229,-74.59,15.15,30.57,7.73,15.91
NM20180401032,2018,SPRING,3.131,3,6,16,0.1956875,36.08780804,37.52647537,19.01952,39.404,-74.22,12.18,31.82,8.86,15.63
NM20180401033,2018,SPRING,4.625,4,5,16,0.2890625,44.41221019,50.0367334,21.15312,39.335,-74.297,12.77,31.4,9.26,15.49
NM20180401034,2018,SPRING,17.342,3,6,19,0.912736842,43.0630324,34.4281684,16.85544,39.348,-74.325,12.66,31.52,8.74,15.64
NM20180401035,2018,SPRING,5.031,3,3,9,0.559,63.85139123,53.43398309,24.96312,39.244,-74.338,11.97,32.32,9,14.7
NM20180401036,2018,SPRING,18.061,8,5,13,1.389307692,47.64424608,47.78879235,20.93976,39.219,-74.474,12.88,32.14,8.78,14.61
NM20180401037,2018,SPRING,28.362,6,5,13,2.181692308,58.72450584,47.68191676,18.37944,39.284,-74.461,14.68,30.7,9.1,15.52
NM20180401038,2018,SPRING,37.083,3,5,17,2.181352941,51.62994712,62.20690512,12.28344,39.072,-74.716,14.4,31.37,8.85,16.53
NM20180401039,2018,SPRING,31.844,6,7,28,1.137285714,33.66958568,51.35817443,16.55064,38.926,-74.844,15.41,31.52,7.94,15.71
NM20180401040,2018,SPRING,2.007,4,5,12,0.16725,53.68523422,49.39937493,22.61616,39.028,-74.549,12.51,32.42,8.72,16.36
NM20180401041,2018,SPRING,3.611,7,6,18,0.200611111,47.60851405,45.73041892,14.7828,39.119,-74.535,12.49,32.44,8.79,15.95
NM20180401042,2018,SPRING,190.927,7,6,19,10.04878947,48.81723366,50.41966076,22.4028,39.022,-74.566,12.63,32.5,8.87,15.91
NM20180401043,2018,SPRING,4.821,5,7,23,0.209608696,43.69324239,41.56811709,23.04288,38.993,-74.58,13.68,32.38,8.77,15.61
NM20180401044,2018,SPRING,4.945,4,9,23,0.215,35.37494281,11.70919964,19.23288,39.056,-74.596,12.8,32.34,8.53,16.53
NM20180401045,2018,SPRING,3.875,7,7,18,0.215277778,44.28022586,15.66594416,17.34312,38.922,-74.723,13.83,32.65,8.45,15.28
NM20180401046,2018,SPRING,12.142,8,6,11,1.103818182,59.58943826,67.50102221,14.72184,38.956,-74.725,14.33,32.23,8.57,15.97
NM20180401047,2018,SPRING,10.06,6,5,18,0.558888889,24.72491,19.3671936,7.9248,38.659,-75.053,14.62,31.07,7.65,16
NM20180401048,2018,SPRING,17.023,10,7,29,0.587,38.03706915,41.55694353,14.50848,38.893,-74.871,15.14,31.98,8.53,15.82
NM20180401049,2018,SPRING,22.081,5,6,16,1.3800625,47.07921799,9.526936299,13.716,38.844,-74.908,14.08,32.69,8.29,14.09
NM20180401050,2018,SPRING,42.291,6,8,24,1.762125,39.69128221,51.78330963,14.20368,38.914,-74.915,16.1,30.98,7.46,16.48
NM20180401051,2018,SPRING,8.56,4,4,14,0.611428571,41.19244104,51.57315524,21.57984,38.822,-74.62,12.36,32.85,8.7,14.89
NM20180401052,2018,SPRING,4.41,4,7,15,0.294,53.6018776,56.67377258,19.05,38.727,-74.729,,,,
NM20180401053,2018,SPRING,6.052,5,6,17,0.356,31.29134765,44.59266082,20.51304,38.76,-74.732,12.46,32.97,8.66,13.3
NM20180401054,2018,SPRING,31.674,11,7,17,1.863176471,40.65487269,38.8649816,19.93392,38.806,-74.806,13.76,32.83,8.53,13.87
NM20180401055,2018,SPRING,12.099,6,5,13,0.930692308,45.64486613,26.49089872,19.5072,38.468,-74.882,10.35,33.18,8.77,15.16
NM20180401056,2018,SPRING,22.545,4,6,16,1.4090625,30.72490375,43.78446103,17.86128,38.795,-74.928,14.21,32.65,8.26,16.91
NM20180401057,2018,SPRING,13.343,6,6,20,0.66715,25.03587309,23.43708917,17.0688,38.682,-74.955,14.1,31.74,8.24,15
NM20180401058,2018,SPRING,13.031,6,7,27,0.48262963,24.81525116,32.6302839,16.85544,38.803,-74.978,15.73,31.44,8.1,16.41
NM20180401059,2018,SPRING,7.212,4,3,8,0.9015,53.65175681,57.33697824,27.432,38.599,-74.766,,,,
NM20180401060,2018,SPRING,12.987,7,5,16,0.8116875,46.94271824,50.27449478,23.95728,38.556,-74.857,11.64,32.75,8.56,14.65
NM20180401061,2018,SPRING,9.027,5,4,11,0.820636364,51.86628355,50.01892718,24.35352,38.578,-74.845,11.04,33.23,8.81,14.7
NM20180401062,2018,SPRING,13.977,5,5,14,0.998357143,37.36829717,41.1054515,23.04288,38.618,-74.873,11.38,33.02,8.19,15.68
NM20180401063,2018,SPRING,1.144,2,4,11,0.104,40.05937273,19.25525805,32.004,38.724,-74.901,13.4,32.93,8.46,15.89
NM20180401064,2018,SPRING,1.773,3,3,11,0.161181818,33.89536574,17.63424243,11.1252,38.095,-75.184,14.16,31.5,8.31,14.69
NM20180401065,2018,SPRING,2.581,5,4,11,0.234636364,29.55079909,21.67234452,11.00328,38.432,-75.041,13.83,31.5,8.2,16.74
NM20180401066,2018,SPRING,3.271,3,4,10,0.3271,38.214582,54.32583169,20.33016,38.394,-74.826,9.37,33.56,9.14,14.9
NM20180401067,2018,SPRING,15.216,5,5,14,1.086857143,38.87643999,33.56883293,19.2024,38.285,-74.875,10.05,33.48,9.31,15.83
NM20180401068,2018,SPRING,19.337,9,5,16,1.2085625,44.64749984,21.29025406,17.70888,38.418,-74.969,11.44,32.4,8.44,16.39
NM20180401069,2018,SPRING,8.768,6,7,25,0.35072,27.16000176,34.6093124,18.77568,38.407,-75.02,13.66,31.42,9.4,15.34
NM20180401070,2018,SPRING,4.37,5,5,19,0.23,39.8131326,25.25337987,16.82496,38.293,-75.04,11.26,32.45,8.42,15.29
NM20180401071,2018,SPRING,3.447,5,6,17,0.202764706,37.9244611,51.95395653,17.86128,38.217,-75.087,11.06,32.48,8.7,15.35
NM20180401072,2018,SPRING,0.568,2,5,14,0.040571429,29.17128071,44.38562793,13.4112,38.229,-75.077,11.9,32.08,9.15,15.25
NM20180401073,2018,SPRING,10.708,5,7,19,0.563578947,42.76336276,31.25954105,13.8684,38.031,-75.11,12.64,31.97,9.01,15.25
NM20180401074,2018,SPRING,1.061,4,6,16,0.0663125,22.41439077,17.96995709,9.54024,37.696,-75.554,14.72,32.61,8.93,17.4
NM20180401075,2018,SPRING,5.899,4,4,11,0.536272727,31.62874565,21.62674812,11.43,37.932,-75.284,14.18,31.55,9.28,15.47
NM20180401076,2018,SPRING,14.355,7,4,15,0.957,47.69632998,44.375938,9.05256,38.018,-75.135,13.54,31.88,9,15.19
NM20180401077,2018,SPRING,2.113,6,4,19,0.111210526,23.6870748,18.83228106,9.63168,37.794,-75.489,15.09,32.48,8.98,15.57
NM20180401078,2018,SPRING,2.74,4,3,14,0.195714286,24.15382214,21.89163872,7.86384,37.731,-75.522,15.1,32.69,8.8,17.63
NM20180401079,2018,SPRING,1.714,6,7,16,0.107125,35.79326663,43.46460265,18.16608,38.006,-75.109,13.3,31.75,9.26,15.22
NM20180401080,2018,SPRING,5.646,5,5,18,0.313666667,39.73095329,43.74182911,17.64792,37.972,-75.201,12.97,32.23,8.83,15.58
NM20180401081,2018,SPRING,4.502,6,5,13,0.346307692,32.69156561,18.95395096,13.4112,37.973,-75.238,13.47,31.79,9.25,15.17
NM20180401082,2018,SPRING,113.055,6,5,17,6.650294118,35.50330206,27.69672225,16.33728,37.794,-75.299,13.16,32.49,8.8,15.24
NM20180401083,2018,SPRING,6.283,4,6,15,0.418866667,36.55946216,48.85303375,23.43912,37.596,-75.406,13.5,32.85,8.54,16.58
NM20180401084,2018,SPRING,19.531,12,5,12,1.627583333,27.93442083,44.66156296,16.9164,37.68,-75.407,14.06,32.64,8.45,14.92
NM20180401085,2018,SPRING,3.74,7,3,13,0.287692308,23.53240538,35.48385938,15.91056,37.669,-75.444,13.46,32.73,8.86,15.02
NM20180401086,2018,SPRING,2.158,7,6,16,0.134875,28.56167338,27.09383775,15.5448,37.655,-75.473,13.76,32.74,8.03,14.94
NM20180401087,2018,SPRING,0.33,2,5,16,0.020625,25.08581354,21.36612583,11.2776,37.491,-75.595,15.1,33.04,8.55,15.7
NM20180401088,2018,SPRING,17.16,4,5,20,0.858,33.87858099,22.02810512,14.84376,37.395,-75.62,14.96,33.02,8.37,15.45
NM20180401089,2018,SPRING,1.245,6,4,10,0.1245,36.38058836,49.34992799,14.84376,37.406,-75.603,14.82,33.02,8.27,16.26
NM20180401090,2018,SPRING,1.616,3,4,15,0.107733333,35.21425655,31.79792924,11.18616,37.453,-75.603,15.18,32.96,8.21,16.36
NM20180401091,2018,SPRING,1.737,3,4,10,0.1737,31.29284528,40.29740621,9.57072,37.179,-75.763,16.01,32.65,8.16,16.21
NM20180401092,2018,SPRING,5.296,11,4,8,0.662,54.75982833,55.41055728,21.30552,37.482,-75.456,13.66,33.05,8.9,15.35
NM20180401093,2018,SPRING,16.706,7,4,11,1.518727273,37.08498072,47.89843954,12.31392,37.516,-75.505,14.48,33.04,8.42,15.82
NM20180401094,2018,SPRING,0.543,2,4,11,0.049363636,38.98297288,47.09284867,15.30096,37.481,-75.555,15.2,33.02,8.51,15.94
NM20180401095,2018,SPRING,0.231,3,4,15,0.0154,23.380058,21.1430247,17.6784,37.268,-75.652,14.79,32.88,8.44,15.49
NM20180401096,2018,SPRING,0,0,3,9,0,30.82590111,36.07985873,11.52144,37.169,-75.749,14.54,32.65,8.52,17
NM20180401097,2018,SPRING,3.998,3,2,8,0.49975,33.36515875,23.89043909,11.76528,37.057,-75.784,13.59,32.66,8.59,16.53
NM20180401098,2018,SPRING,2.016,1,4,18,0.112,24.43612389,21.23368303,7.9248,37.128,-75.825,16.4,32.08,8.41,16.4
NM20180401099,2018,SPRING,0.352,1,3,13,0.027076923,26.74860231,24.02226108,11.15568,36.614,-75.861,14.07,31.02,9.01,16.89
NM20180401100,2018,SPRING,4.651,7,4,13,0.357769231,29.46297769,52.27004201,12.4968,36.949,-75.872,13.65,31.82,9.03,17.43
NM20180401101,2018,SPRING,1.576,3,4,10,0.1576,39.41401391,31.79667492,10.75944,37.033,-75.949,16.44,29.77,8.39,18.26
NM20180401102,2018,SPRING,8.955,4,3,6,1.4925,42.955305,53.59962417,17.28216,36.917,-75.694,10.42,33.5,8.65,17.2
NM20180401103,2018,SPRING,3.928,1,2,4,0.982,49.3985775,57.14709425,17.526,36.609,-75.704,11.16,33.56,8.83,17.82
NM20180401104,2018,SPRING,0.375,2,1,3,0.125,52.58669,52.58669,17.9832,36.981,-75.708,11.59,33.3,8.83,16.48
NM20180401105,2018,SPRING,1.67,3,4,9,0.185555556,31.94269778,48.57995758,14.56944,37.057,-75.723,13.1,33.13,8.61,16.14
NM20180401106,2018,SPRING,2.303,2,4,14,0.1645,24.31242214,17.69768597,15.60576,37.098,-75.72,13.13,33.1,8.57,16.71
NM20180401107,2018,SPRING,0,0,3,8,0,32.00882875,54.00589429,16.24584,36.557,-75.793,11.99,32.51,8.7,18.01
NM20180401108,2018,SPRING,0.712,2,3,10,0.0712,31.481471,44.9237331,18.65376,36.83,-75.793,10.53,33.29,8.54,19.1
NM20180401109,2018,SPRING,9.164,6,5,26,0.352461538,21.19229192,37.84620746,18.34896,36.872,-75.781,11.33,33.05,8.83,16.1
NM20180401110,2018,SPRING,2.745,4,3,10,0.2745,28.023183,60.71160246,16.82496,36.904,-75.783,11.29,33.16,8.72,17.87
NM20180401111,2018,SPRING,0.651,5,3,9,0.072333333,27.09315444,52.93798376,14.50848,36.894,-75.82,12.5,32.81,8.76,15.97
NM20180401112,2018,SPRING,1.391,4,4,18,0.077277778,22.30224389,16.48553863,11.24712,36.396,-75.81,13.77,32.24,8.85,15.21
NM20180401113,2018,SPRING,0.036,1,3,14,0.002571429,25.37962214,16.97065514,11.46048,36.432,-75.817,13.61,32.42,9.02,16.73
NM20180401114,2018,SPRING,0.227,1,3,9,0.025222222,28.25769667,26.73980568,21.39696,36.42,-75.707,11.25,33.1,9.27,17.11
NM20180401115,2018,SPRING,0.233,1,4,15,0.015533333,24.019402,29.67514619,22.86,36.022,-75.619,13.2,32.49,8.54,16.34
NM20180401116,2018,SPRING,1.115,1,2,7,0.159285714,33.28292429,41.84288222,18.8976,36.085,-75.656,13.16,32.52,8.63,16.43
NM20180401117,2018,SPRING,6.853,2,3,10,0.6853,27.568903,48.4124205,19.9644,36.323,-75.727,13.02,32.34,8.77,16.83
NM20180401118,2018,SPRING,0.063,1,3,14,0.0045,30.346965,43.38541304,19.75104,36.435,-75.782,11.35,33.25,8.97,17.58
NM20180401119,2018,SPRING,0,0,2,6,0,22.96982167,18.61152263,15.5448,35.457,-75.464,14.99,32.78,8.52,17.74
NM20180401120,2018,SPRING,1.179,2,2,5,0.2358,42.56531,57.22203276,17.55648,35.83,-75.53,13.99,32.37,8.51,18.75
NM20180401121,2018,SPRING,0,0,3,12,0,18,20.69161677,20.63496,35.156,-75.38,19.02,35.52,7.51,19.01
NM20180401122,2018,SPRING,6.29,2,3,8,0.78625,33.04812947,23.95925179,18.8976,35.521,-75.406,14.51,32.72,8.55,15.92
NM20180401123,2018,SPRING,0,0,1,5,0,16.9,16.9,18.80616,35.529,-75.403,14.49,32.66,8.69,15.64
NM20180401124,2018,SPRING,0,0,3,15,0,23.801066,17.15585408,21.12264,35.605,-75.432,14.21,32.14,8.44,15.46
NM20180401125,2018,SPRING,11.07,10,4,30,0.369,27.83243967,28.19857891,27.91968,41.173,-71.629,10.94,33.2,8.35,11.94
NM20180401126,2018,SPRING,2.749,5,7,32,0.08590625,24.39530313,18.92579628,25.78608,41.144,-71.981,11.19,30.85,8.75,11.21
NM20180401127,2018,SPRING,11.421,7,7,25,0.45684,33.03299032,38.03784428,23.04288,41.159,-71.651,10.16,33.1,8.16,11.24
NM20180401128,2018,SPRING,22.787,12,6,39,0.584282051,27.1987368,14.55395938,29.01696,41.301,-71.6,10.61,33.4,8,13.06
NM20180401129,2018,SPRING,10.375,8,7,36,0.288194444,23.93262319,20.26774417,34.1376,41.291,-71.647,11.17,33.29,8.24,13.54
NM20180401130,2018,SPRING,2.361,4,5,19,0.124263158,21.84251448,20.70232003,33.8328,41.203,-71.718,10.04,33.26,7.53,11.51
NM20180401131,2018,SPRING,2.929,3,5,25,0.11716,21.4882172,18.69455707,43.2816,41.153,-71.806,10.13,32.15,8.04,11.86
NM20180401132,2018,SPRING,39.207,13,7,41,0.956268293,22.96296488,18.69962724,33.2232,41.223,-71.795,10.26,32.87,8.31,11.32
NM20180401133,2018,SPRING,27.351,10,5,51,0.536294118,23.76626961,16.53791868,29.32176,41.298,-71.681,10.59,33.32,7.8,12.99
NM20180401134,2018,SPRING,2.51,4,5,24,0.104583333,25.77455626,21.75465719,38.1,41.193,-71.898,10.49,32.2,8.39,11.35
NM20180401135,2018,SPRING,9.868,14,8,51,0.193490196,24.07976294,17.62280986,26.63952,41.441,-71.391,10.65,33.46,7.76,14.29
NM20180401136,2018,SPRING,11.288,8,8,63,0.179174603,28.43215795,18.07084525,34.7472,41.383,-71.002,11.53,33.47,8.46,13.03
NM20180401137,2018,SPRING,13.207,7,8,46,0.287108696,31.09521282,16.58633098,26.85288,41.357,-71.029,12.48,33.38,8.31,13.87
NM20180401138,2018,SPRING,27.6195,13,7,31,0.890951613,26.65098676,15.90224566,25.99944,41.356,-71.455,11.87,33.57,8.5,15.01
NM20180401139,2018,SPRING,28.753,12,8,55,0.522781818,30.41548243,17.13143672,31.0896,41.317,-71.525,8.47,33.75,7.21,12.35
NM20180401140,2018,SPRING,3.477,9,8,57,0.061,30.68480689,20.65137896,26.8224,41.374,-71.06,11.35,33.32,8.85,13.9
NM20180401141,2018,SPRING,42.783,10,8,57,0.750578947,31.28169875,16.06245874,39.9288,41.298,-70.946,10.06,33.64,8.08,12.5
NM20180401142,2018,SPRING,40.71,11,8,59,0.69,32.33426636,16.23971554,37.7952,41.314,-71.03,9.78,33.69,8.23,13.21
NM20180401143,2018,SPRING,16.373,13,8,54,0.303203704,28.50668,16.1609229,33.8328,41.349,-70.943,10.11,33.63,8.04,12.68
NM20180401144,2018,SPRING,28.514,10,7,44,0.648045455,32.2514804,27.68497429,29.19984,41.409,-71.294,11.9,33.49,8.76,14.28
NM20180401145,2018,SPRING,80.091,15,7,39,2.053615385,32.42635021,25.647219,42.9768,41.199,-71.521,8.97,33.66,7.57,11.38
NM20180401146,2018,SPRING,17.509,5,9,42,0.416880952,31.62893558,20.94349836,39.9288,41.248,-71.285,8.36,33.78,6.65,14.1
NM20180401147,2018,SPRING,21.388,10,5,32,0.668375,25.24387375,20.0819682,42.672,41.243,-71.493,7.75,33.72,7,12.54
NM20180401148,2018,SPRING,7.352,9,9,44,0.167090909,28.46943377,16.98182874,34.1376,41.326,-70.978,10.14,33.62,8.99,12.66
NM20180401149,2018,SPRING,42.072,11,6,39,1.078769231,28.23602615,23.54889422,41.7576,41.211,-71.493,7.78,33.69,6.97,12.12
NM20180401150,2018,SPRING,79.952,12,6,44,1.817090909,28.62915084,23.56141288,45.4152,41.276,-71.56,10.02,33.61,7.3,12.61
NM20180901001,2018,FALL,0.302,1,4,15,0.020133333,35.096094,50.37170024,15.02664,41.02,-71.956,19.09,31.61,6.92,19.45
NM20180901002,2018,FALL,0.356,3,4,14,0.025428571,28.89091286,58.21707246,22.82952,41.046,-71.865,19.13,31.56,7.15,19.58
NM20180901003,2018,FALL,0.275,1,7,22,0.0125,35.46180566,16.59325869,12.37488,40.899,-72.288,18.88,32.33,4.73,18.79
NM20180901004,2018,FALL,0.61,3,5,18,0.033888889,33.87839833,55.90496098,12.37488,40.992,-72.028,19.06,31.69,6.88,19.24
NM20180901005,2018,FALL,5.042,5,8,29,0.173862069,34.01215913,17.92214806,15.42288,40.886,-72.305,19.04,32.16,6.94,18.96
NM20180901006,2018,FALL,2.09,3,9,31,0.067419355,32.56303701,13.36820259,18.16608,40.885,-72.292,18.94,31.83,4.87,18.84
NM20180901007,2018,FALL,1.869,5,8,24,0.077875,33.12217558,26.13016591,13.50264,40.847,-72.418,18.75,32.24,6.63,18.79
NM20180901008,2018,FALL,0.723,3,5,20,0.03615,30.4628265,13.1706945,10.668,40.818,-72.525,18.96,32.32,6.11,18.92
NM20180901009,2018,FALL,0.2,2,8,19,0.010526316,39.54733595,19.28893406,9.63168,40.646,-73.114,19.25,31.52,6.13,19.96
NM20180901010,2018,FALL,21.917,7,11,34,0.644617647,31.21670187,17.43680709,15.75816,40.764,-72.709,19.43,32.12,5.36,18.9
NM20180901011,2018,FALL,13.31,4,6,21,0.633809524,39.44532272,7.941043975,17.76984,40.616,-73.142,20.15,31.67,5.64,20.12
NM20180901012,2018,FALL,1.049,3,5,17,0.061705882,39.65622395,9.775094565,19.5072,40.692,-72.916,19.54,32.01,5.65,18.95
NM20180901013,2018,FALL,3.287,3,7,25,0.13148,25.12371943,20.09317442,13.50264,40.604,-73.36,18.81,30.88,6.81,18.77
NM20180901014,2018,FALL,3.2,9,6,18,0.177777778,31.26700507,8.307337448,12.37488,40.566,-73.545,19.43,31.67,6.07,19.1
NM20180901015,2018,FALL,17.061,3,8,25,0.68244,28.23331073,19.33778904,13.80744,40.604,-73.337,20.55,31.59,4.78,19.46
NM20180901016,2018,FALL,1.932,4,5,18,0.107333333,27.6103587,12.00491884,15.02664,40.598,-73.363,19.51,31.15,6.26,19.51
NM20180901017,2018,FALL,10.821,10,4,23,0.470478261,29.33286606,7.981830543,17.16024,40.53,-73.664,17.91,32.39,4.5,19.36
NM20180901018,2018,FALL,0.902,6,4,11,0.082,35.46271542,7.530985835,14.0208,40.535,-73.826,16.16,32.48,3.63,18.73
NM20180901019,2018,FALL,9.301,3,4,13,0.715461538,20.78348367,7.983937259,12.07008,40.539,-73.88,17.32,32.24,3.9,18.7
NM20180901020,2018,FALL,1.299,4,6,15,0.0866,23.97929133,7.466181329,18.37944,40.518,-73.802,14.26,32.5,3.45,19.35
NM20180901021,2018,FALL,10.785,5,3,10,1.0785,21.078831,11.54175799,18.5928,40.382,-73.907,16.41,32.34,3.76,19.19
NM20180901022,2018,FALL,3.622,6,7,30,0.120733333,31.69636248,8.923817317,21.21408,40.288,-73.928,16.2,32.39,4.34,18.71
NM20180901023,2018,FALL,6.278,4,8,32,0.1961875,28.67256614,21.30058811,18.37944,39.946,-74.049,19.92,31.13,6.8,19.91
NM20180901024,2018,FALL,0.928,3,2,6,0.154666667,49.98241,54.18592461,11.76528,39.691,-74.112,20.21,31.19,6.9,20.17
NM20180901025,2018,FALL,3.767,3,5,15,0.251133333,40.4848837,8.571048685,19.5072,40.156,-73.958,20.03,31.66,5.7,19.86
NM20180901026,2018,FALL,7.157,4,7,16,0.4473125,36.65792016,30.91844011,21.7932,40.047,-74.008,20.32,31.68,5.76,20.2
NM20180901027,2018,FALL,9.578,8,5,25,0.38312,30.11978035,39.36899402,16.03248,39.681,-74.092,20.2,31.31,6.87,20.13
NM20180901028,2018,FALL,0.45,1,3,5,0.09,46.80939,56.26341429,15.11808,39.314,-74.382,19.93,31.55,7.09,19.92
NM20180901029,2018,FALL,3.239,3,7,10,0.3239,40.62547405,48.6410395,12.07008,39.332,-74.396,19.43,31.29,6.77,19.41
NM20180901030,2018,FALL,2.857,2,4,6,0.476166667,38.54079333,46.25121333,11.36904,39.308,-74.442,18.92,31.25,6.73,18.89
NM20180901031,2018,FALL,1.518,3,3,6,0.253,55.47419292,57.50926788,9.26592,39.234,-74.595,18.74,31.13,6.9,18.78
NM20180901032,2018,FALL,8.941,8,4,10,0.8941,44.46440625,46.28343855,21.15312,39.582,-74.079,19.89,31.44,6.93,19.88
NM20180901033,2018,FALL,7.413,6,5,8,0.926625,47.64255218,50.28226473,18.07464,39.487,-74.169,19.93,31.48,6.86,19.91
NM20180901034,2018,FALL,7.123,6,6,22,0.323772727,28.54839848,37.43472154,17.3736,39.43,-74.21,19.8,31.36,6.8,19.52
NM20180901035,2018,FALL,1.64,5,4,10,0.164,46.21210828,48.77298471,19.69008,39.332,-74.281,19.88,31.75,6.97,19.87
NM20180901036,2018,FALL,7.978,5,5,9,0.886444444,40.82931101,46.88687324,18.5928,39.265,-74.305,20.03,31.86,6.98,19.93
NM20180901037,2018,FALL,1.568,6,4,8,0.196,41.80106457,48.2305269,18.16608,39.319,-74.312,20.01,31.79,6.97,19.94
NM20180901038,2018,FALL,0.465,2,2,6,0.0775,73.31507616,61.66758359,11.97864,38.984,-74.631,19.49,31.03,7.43,19.48
NM20180901039,2018,FALL,2.646,3,5,12,0.2205,41.17664419,49.53392633,14.6304,38.965,-74.794,18.12,30.9,7.08,17.87
NM20180901040,2018,FALL,4.682,7,4,8,0.58525,49.61541548,56.3672878,17.55648,39.111,-74.526,19.45,32.03,4.88,19.73
NM20180901041,2018,FALL,8.47,5,5,9,0.941111111,43.20239159,47.72151009,18.68424,39.024,-74.554,19.81,31.55,6.9,19.64
NM20180901042,2018,FALL,9.002,3,3,7,1.286,51.30733026,53.57570021,16.64208,39.095,-74.595,19.75,31.68,6.97,19.64
NM20180901043,2018,FALL,2.952,9,7,23,0.128347826,30.1305114,24.52885685,20.60448,39.119,-74.581,19.71,31.43,6.81,19.78
NM20180901044,2018,FALL,6.389,7,3,7,0.912714286,64.76341636,55.4018717,19.01952,38.864,-74.601,17.92,31.84,6.89,17.98
NM20180901045,2018,FALL,3.08,7,5,9,0.342222222,34.87535025,39.47961948,15.72768,39,-74.656,19.7,31.14,7.23,19.7
NM20180901046,2018,FALL,5.08,1,2,6,0.846666667,54.81068639,54.92849486,12.89304,38.982,-74.722,18.2,31.19,7.22,18.19
NM20180901047,2018,FALL,4.3,3,4,11,0.390909091,32.83350021,20.15325719,11.8872,38.661,-75.039,17.37,29.61,7.12,17.27
NM20180901048,2018,FALL,2.44,2,5,16,0.1525,36.43979927,47.32382072,14.81328,38.544,-75.027,18.18,30.23,6.98,18.19
NM20180901049,2018,FALL,1.46,2,4,10,0.146,31.059431,36.29025857,13.4112,38.567,-75.026,18.51,30.09,6.95,18.63
NM20180901050,2018,FALL,0,0,4,11,0,33.22938818,22.3126016,15.24,38.706,-75.033,18.36,29.26,6.71,18.36
NM20180901051,2018,FALL,1.11,3,4,8,0.13875,48.33395116,50.12489235,24.32304,38.661,-74.775,18,31.77,6.81,18.11
NM20180901052,2018,FALL,1.775,7,7,24,0.073958333,32.00415784,21.67518716,19.44624,38.734,-74.782,18.08,30.7,7.07,17.83
NM20180901053,2018,FALL,3.585,5,4,8,0.448125,49.94266923,55.37785448,19.44624,38.681,-74.801,18.04,31.31,7.01,17.87
NM20180901054,2018,FALL,4.114,10,5,13,0.316461538,34.70638791,39.6583361,15.8496,38.817,-74.815,17.99,30.87,6.94,17.96
NM20180901055,2018,FALL,1.492,2,3,9,0.165777778,45.29678775,54.80419493,20.90928,38.457,-74.878,17.39,31.06,7.46,17.36
NM20180901056,2018,FALL,1.637,9,5,11,0.148818182,38.20238953,49.38758525,15.02664,38.777,-74.927,18.84,30.62,6.65,17.57
NM20180901057,2018,FALL,0.385,1,2,6,0.064166667,56.55474497,58.3734279,16.85544,38.555,-74.952,18.46,30.35,7.05,18.86
NM20180901058,2018,FALL,7.568,3,3,13,0.582153846,30.96059615,21.18062448,20.51304,38.722,-74.973,18.48,30.23,6.8,17.7
NM20180901059,2018,FALL,6.541,7,4,10,0.6541,48.19555388,52.79541427,21.36648,38.527,-74.863,17.29,30.8,5.79,17.27
NM20180901060,2018,FALL,6.585,5,3,8,0.823125,47.91849691,54.37439966,23.4696,38.628,-74.889,18.47,30.84,6.76,18.22
NM20180901061,2018,FALL,9.237,5,6,20,0.46185,31.12154919,26.5453444,35.3568,38.73,-74.915,18.28,32.04,5.96,17.77
NM20180901062,2018,FALL,2.487,4,6,20,0.12435,29.26643351,31.75219458,33.2232,38.787,-74.968,18.49,31.97,5.94,18.17
NM20180901063,2018,FALL,5.4,7,4,12,0.45,34.56518932,30.68492513,26.2128,38.543,-74.832,16.95,32.38,5.99,17.86
NM20180901064,2018,FALL,0,0,2,7,0,21.19180143,17.93190339,11.46048,38.276,-75.102,17.34,30.6,7.43,17.31
NM20180901065,2018,FALL,0.41,1,2,5,0.082,39.707934,46.4967264,12.8016,38.375,-75.037,18.18,30.66,7.11,18.19
NM20180901066,2018,FALL,1.421,2,3,7,0.203,54.6897469,61.14583155,18.37944,38.381,-74.858,17.46,31.25,7.31,17.51
NM20180901067,2018,FALL,0.246,2,3,7,0.035142857,51.24208133,57.92765763,22.61616,38.447,-74.887,17.44,30.99,7.34,17.43
NM20180901068,2018,FALL,1.415,2,1,3,0.471666667,60.27551667,60.27551667,19.01952,38.318,-74.93,17.5,31.17,7.28,17.56
NM20180901069,2018,FALL,4.529,4,5,11,0.411727273,40.91604389,49.5601007,21.7932,38.166,-75.037,18.46,31.38,7.23,18.52
NM20180901070,2018,FALL,5.068,4,4,11,0.460727273,38.35168209,47.37662584,20.36064,38.194,-75.047,18.42,31.31,7.26,18.47
NM20180901071,2018,FALL,1.905,2,3,9,0.211666667,61.72703137,66.42424987,19.6596,38.099,-75.068,18.72,31.69,7.06,18.67
NM20180901072,2018,FALL,2.265,2,5,19,0.119210526,27.65204749,21.08213548,18.5928,38.194,-75.054,19.1,31.51,7.14,19.07
NM20180901073,2018,FALL,0.145,1,4,12,0.012083333,30.70928583,38.78140297,17.3736,38.22,-75.055,18.99,31.34,7.15,18.98
NM20180901074,2018,FALL,2.068,3,4,18,0.114888889,21.589635,16.30507029,9.17448,37.926,-75.301,15.87,30.99,7.24,15.87
NM20180901075,2018,FALL,2.709,3,5,17,0.159352941,17.52846706,15.88094987,11.2776,37.981,-75.252,16.14,31.06,7.08,16.14
NM20180901076,2018,FALL,0.224,1,4,17,0.013176471,23.67644647,18.1975549,11.5824,37.819,-75.341,17.13,31.47,7.05,16.99
NM20180901077,2018,FALL,0,0,4,10,0,30.967263,18.7849905,11.5824,37.813,-75.416,17.28,31.58,7.3,17.27
NM20180901078,2018,FALL,0.701,3,5,19,0.036894737,18.76892737,17.2823262,10.668,37.778,-75.497,16.6,31.4,7.14,16.59
NM20180901079,2018,FALL,3.657,4,5,17,0.215117647,32.66337844,51.06439687,16.03248,37.985,-75.018,18.4,31.97,6.7,18.39
NM20180901080,2018,FALL,0,0,3,10,0,32.543311,27.53100865,21.97608,37.874,-75.194,17.36,31.65,7.09,17.35
NM20180901081,2018,FALL,3.12,2,5,16,0.195,28.61045938,23.36512108,19.99488,37.87,-75.204,17.33,31.52,7.21,17.3
NM20180901082,2018,FALL,2.051,1,4,24,0.085458333,18.62350292,19.22258209,15.94104,37.906,-75.273,16.26,31.09,7.17,16.28
NM20180901083,2018,FALL,0.541,3,3,12,0.045083333,29.17452583,43.86105063,16.764,37.741,-75.343,17.49,31.66,7.47,17.49
NM20180901084,2018,FALL,0.31,3,3,8,0.03875,27.36807625,21.82187768,15.72768,37.731,-75.434,16.37,31.29,7.18,16.35
NM20180901085,2018,FALL,0.014,2,3,9,0.001555556,34.05287889,19.83307475,17.6784,37.622,-75.456,17.48,31.67,6.99,17.23
NM20180901086,2018,FALL,3.296,2,4,15,0.219733333,25.52752667,20.04259078,16.24584,37.723,-75.472,16.71,31.4,7.16,16.73
NM20180901087,2018,FALL,0.048,3,4,14,0.003428571,21.32112714,17.11665632,12.8016,37.398,-75.595,17.39,31.39,7.67,17.16
NM20180901088,2018,FALL,0,0,3,12,0,16.32811083,16.5624095,11.8872,37.456,-75.597,16.46,31.05,7.67,16.45
NM20180901089,2018,FALL,3.746,2,2,7,0.535142857,20.60127143,15.10837692,12.192,37.506,-75.586,16.65,31.22,7.49,16.6
NM20180901090,2018,FALL,0.145,3,6,23,0.006304348,19.55355783,16.83435329,11.5824,37.407,-75.63,16.68,31.02,7.23,16.84
NM20180901091,2018,FALL,2.178,3,3,11,0.198,23.95273909,18.89753612,11.5824,37.193,-75.732,18.15,31.3,7.38,18.14
NM20180901092,2018,FALL,1.15,2,2,5,0.23,44.904654,53.7070854,17.3736,37.482,-75.515,17.82,31.73,7.24,17.85
NM20180901093,2018,FALL,0.635,1,3,6,0.105833333,46.65401813,58.33244089,20.4216,37.209,-75.56,18.1,32.34,7.06,17.93
NM20180901094,2018,FALL,0.292,4,3,12,0.024333333,28.4721125,19.68254845,13.4112,37.359,-75.591,17.42,31.26,7.32,17.43
NM20180901095,2018,FALL,0,0,4,12,0,23.58266417,18.4166273,14.6304,37.206,-75.68,18.1,31.6,6.7,18.12
NM20180901096,2018,FALL,0.576,1,4,16,0.036,24.06691438,16.6261741,11.2776,36.554,-75.844,17.35,28.79,6.66,15.04
NM20180901097,2018,FALL,0.02,1,4,14,0.001428571,29.21679357,20.20018872,13.28928,36.996,-75.846,18.01,30.6,7.32,18.15
NM20180901098,2018,FALL,0,0,3,11,0,23.04646648,19.89465639,14.9352,36.729,-75.891,18.49,29.07,7.69,17.53
NM20180901099,2018,FALL,6.129,2,3,13,0.471461538,26.36854077,16.55849882,12.4968,36.769,-75.902,17.55,29.49,6.53,14.83
NM20180901100,2018,FALL,0,0,2,2,0,16.25,17.11538462,9.23544,36.968,-75.924,19,28.89,7.14,18.02
NM20180901101,2018,FALL,0,0,3,8,0,29.3045725,17.6841829,11.06424,36.995,-75.944,18.02,29.02,7.71,18.07
NM20180901102,2018,FALL,0.149,2,3,9,0.016555556,29.83723444,13.76842192,17.9832,37.108,-75.649,18.63,31.54,7.37,18.64
NM20180901103,2018,FALL,0.753,3,3,8,0.094125,33.69188875,39.35811703,16.4592,37.158,-75.68,18.49,31.35,7.38,18.49
NM20180901104,2018,FALL,0.775,1,3,5,0.155,61.33747102,61.33747102,16.4592,36.656,-75.749,17.48,31,6.98,17.27
NM20180901105,2018,FALL,0.851,5,3,13,0.065461538,25.59931,13.19138655,17.3736,36.941,-75.733,19.53,30.09,7.03,19.11
NM20180901106,2018,FALL,0.241,5,2,6,0.040166667,13.08333333,11.7292307,17.3736,36.931,-75.752,19.71,30.28,6.68,19.15
NM20180901107,2018,FALL,0,0,2,4,0,70.2209186,70.2209186,14.81328,36.716,-75.815,18.45,31.3,6.87,18.25
NM20180901108,2018,FALL,5.14,6,6,20,0.257,30.24731574,24.93144447,18.8976,36.78,-75.801,17.37,30.87,6.71,15.75
NM20180901109,2018,FALL,0,0,3,6,0,55.3966501,55.3966501,17.6784,36.853,-75.805,17.32,30.98,7.28,16.12
NM20180901110,2018,FALL,0.012,1,4,13,0.000923077,25.26890615,18.11795131,13.59408,36.767,-75.875,18.05,26.96,7.8,17.56
NM20180901111,2018,FALL,0.342,2,4,18,0.019,22.750635,16.46027746,17.86128,36.921,-75.945,19.09,29.89,6.59,17.18
NM20180901112,2018,FALL,0,0,3,9,0,20.55992556,16.70586515,13.89888,36.045,-75.651,16.97,25.77,7.73,16.37
NM20180901113,2018,FALL,0.001,1,4,9,0.000111111,21.02228111,15.76756069,10.668,36.541,-75.846,15.74,22.66,8.48,15.41
NM20180901114,2018,FALL,14.0348,2,3,10,1.40348,22.737813,20.13008954,18.8976,36.1,-75.679,17.68,28.57,7.3,16.28
NM20180901115,2018,FALL,1.787,2,4,12,0.148916667,26.85628167,19.97168274,22.61616,36.202,-75.696,17.65,30.94,7.13,17.16
NM20180901116,2018,FALL,2.695,4,4,18,0.149722222,25.34884389,21.62813547,20.1168,36.303,-75.734,17.74,30.39,6.96,17.19
NM20180901117,2018,FALL,0.319,2,4,10,0.0319,33.344039,23.8574845,19.90344,36.466,-75.747,17.61,30.82,7.15,16.61
NM20180901118,2018,FALL,0,0,3,9,0,29.27073111,20.22192909,14.9352,36.343,-75.784,17.64,29.19,7.03,16.87
NM20180901119,2018,FALL,0,0,3,13,0,27.51727308,18.07375659,12.4968,35.608,-75.454,19.77,31.81,7.13,19.81
NM20180901120,2018,FALL,0.012,1,3,13,0.000923077,29.35614077,20.73595692,14.3256,35.791,-75.505,19.25,31.6,6.63,19.56
NM20180901121,2018,FALL,0.149,1,1,3,0.049666667,13.5,13.5,14.9352,35.186,-75.404,22.56,34.95,6.26,22.21
NM20180901122,2018,FALL,12.671,6,5,10,1.2671,18.993733,13.79613721,21.82368,35.669,-75.424,19.81,32.2,6.62,19.68
NM20180901123,2018,FALL,0,0,3,13,0,26.10841769,16.85340754,15.42288,35.479,-75.449,20.54,33.08,6.72,20.51
NM20180901124,2018,FALL,0.158,2,3,13,0.012153846,25.53513769,16.32700059,11.46048,35.428,-75.469,20.83,33.35,6.44,20.79
NM20180901125,2018,FALL,2.668,6,6,19,0.140421053,29.87360077,9.204924576,19.812,41.31,-71.754,19.48,31.67,6.85,19.25
NM20180901126,2018,FALL,18.316,7,6,27,0.67837037,30.91332195,17.45387682,21.36648,41.153,-71.638,18.57,32.12,7.15,19.71
NM20180901127,2018,FALL,2.105,3,6,30,0.070166667,25.95021262,10.04563027,21.9456,41.115,-71.975,20.07,30.17,7.22,20.11
NM20180901128,2018,FALL,6.37,6,4,16,0.398125,23.96210392,10.57126106,31.30296,41.217,-71.6,18.5,32.25,7.02,19.51
NM20180901129,2018,FALL,7.825,7,5,32,0.24453125,23.50567969,8.989993067,27.70632,41.297,-71.633,18.8,31.89,6.34,19.38
NM20180901130,2018,FALL,15.535,7,9,39,0.398333333,29.74092679,12.45947448,46.0248,41.176,-71.693,18.81,31.94,6.8,20.1
NM20180901131,2018,FALL,9.214,4,6,28,0.329071429,30.63903429,30.45632402,30.87624,41.162,-71.771,18.8,32.07,7.01,19.36
NM20180901132,2018,FALL,21.29,8,7,42,0.506904762,29.25257667,15.67611076,34.4424,41.222,-71.781,19.16,31.42,6.63,19.88
NM20180901133,2018,FALL,12.049,10,6,31,0.388677419,26.46529319,17.93357807,37.1856,41.235,-71.89,19.37,31.58,6.49,19.89
NM20180901134,2018,FALL,1.268,7,6,34,0.037294118,24.10284912,13.92402049,38.1,41.252,-71.872,19.38,31.51,6.51,19.8
NM20180901135,2018,FALL,3.145,9,10,42,0.074880952,26.36945226,8.589281899,23.68296,41.333,-71.456,18.37,32.05,5.92,19.18
NM20180901136,2018,FALL,4.206,5,6,25,0.16824,22.4065188,16.32760756,24.74976,41.418,-71.255,18.73,31.99,5.25,19.4
NM20180901137,2018,FALL,5.022,5,7,28,0.179357143,23.76408786,8.460099079,25.38984,41.44,-71.391,18.68,31.94,6.44,19.25
NM20180901138,2018,FALL,4.132,12,8,59,0.070033898,30.19745712,8.389125704,31.6992,41.279,-71.425,18.2,32.31,7.2,19.38
NM20180901139,2018,FALL,10.087,6,6,34,0.296676471,31.84438735,12.04105473,26.42616,41.352,-71.449,18.32,32.05,5.66,19.11
NM20180901140,2018,FALL,1.405,3,6,17,0.082647059,28.97087235,7.15462509,24.10968,41.369,-71.457,18.58,31.94,6.21,19.17
NM20180901141,2018,FALL,30.56,5,7,40,0.764,26.51882825,8.659678865,43.8912,41.174,-71.407,18.06,32.52,6.13,18.59
NM20180901142,2018,FALL,1.657,6,4,19,0.087210526,17.15897632,18.77058113,34.4424,41.3,-70.888,17.7,32.13,5.78,18.47
NM20180901143,2018,FALL,7.959,10,7,39,0.204076923,24.09488041,18.6329711,31.6992,41.325,-70.951,17.89,32.06,5.84,18.41
NM20180901144,2018,FALL,3.995,9,4,28,0.142678571,23.27688536,17.21878591,28.956,41.349,-71.007,18.49,31.96,7.26,18.59
NM20180901145,2018,FALL,0.966,6,8,36,0.026833333,23.7347966,17.57201335,31.0896,41.32,-71,18,32.04,6.06,18.34
NM20180901146,2018,FALL,12.02,5,5,23,0.522608696,24.29140435,7.985307761,27.2796,41.411,-71.279,18.46,32.01,5.08,19.28
NM20180901147,2018,FALL,7.889,9,9,42,0.187833333,28.27228771,15.53873333,35.9664,41.303,-71.396,17.77,32.16,4.86,19.12
NM20180901148,2018,FALL,3.682,6,6,42,0.087666667,27.61297857,8.809306196,40.2336,41.221,-71.517,18.05,32.41,6.36,19.42
NM20180901149,2018,FALL,18.968,10,8,51,0.371921569,28.79872126,9.337055349,33.16224,41.253,-71.522,18.3,32.2,6.49,19.18
NM20180901150,2018,FALL,33.656,9,8,38,0.885684211,27.67426684,8.667400349,39.0144,41.198,-71.524,17.98,32.53,6.32,18.76
NM20190401001,2019,SPRING,2.173,2,8,30,0.072433333,27.98231033,11.64248945,16.33728,41.0013,-71.9848,9.65,31.01,9.08,12.2
NM20190401002,2019,SPRING,3.792,3,7,34,0.111529412,31.30476471,12.44642728,18.07464,41.0379,-71.8821,11.52,29.76,8.82,12.03
NM20190401003,2019,SPRING,6.309,6,8,28,0.225321429,35.90304134,11.94462806,10.75944,40.9752,-72.085,9.85,31.28,8.82,11.02
NM20190401004,2019,SPRING,1.987,5,8,31,0.064096774,31.7642829,14.11719663,13.19784,40.9576,-72.1296,9.59,31.43,8.48,10.36
NM20190401005,2019,SPRING,16.999,6,8,24,0.708291667,36.91278211,10.81816157,17.34312,40.8563,-72.3755,9.4,31.68,8.85,11.33
NM20190401006,2019,SPRING,200.504,5,7,19,10.55284211,37.50298806,10.84137587,19.90344,40.8364,-72.4164,9.39,31.72,8.8,11.34
NM20190401007,2019,SPRING,5.236,6,7,23,0.227652174,37.16332233,13.36578025,15.72768,40.9247,-72.2045,9.26,31.64,8.31,10.33
NM20190401008,2019,SPRING,39.889,10,9,29,1.375482759,34.21670921,14.9532337,12.37488,40.6339,-73.158,10.29,30.83,8.11,10.72
NM20190401009,2019,SPRING,13.775,8,7,17,0.810294118,43.65435501,46.4243698,11.67384,40.764,-72.7207,9.87,31.29,7.49,10.12
NM20190401010,2019,SPRING,15.481,10,6,17,0.910647059,34.24749759,24.81446469,13.80744,40.7417,-72.7895,9.74,31.39,8.07,10.68
NM20190401011,2019,SPRING,25.062,5,7,24,1.04425,34.84632773,18.46963078,18.37944,40.814,-72.4975,9.34,31.67,8.78,11.21
NM20190401012,2019,SPRING,9.354,14,7,22,0.425181818,38.15144932,14.49961648,18.77568,40.6156,-73.1166,9.81,31.14,8.44,10.81
NM20190401013,2019,SPRING,65.369,7,10,29,2.254103448,35.91026848,42.63819738,11.5824,40.5599,-73.5951,10.95,30.49,8.5,14.68
NM20190401014,2019,SPRING,18.2088,6,9,25,0.728352,36.03043634,38.1982275,12.192,40.5528,-73.6044,13.14,29.3,9.79,14.8
NM20190401015,2019,SPRING,22.077,15,8,35,0.630771429,30.0969065,15.18661931,21.57984,40.5648,-73.3709,10.39,30.57,8.71,12.59
NM20190401016,2019,SPRING,19.367,16,8,41,0.472365854,29.54199183,9.628177181,19.6596,40.5284,-73.5056,10.61,30.56,7.97,11.42
NM20190401017,2019,SPRING,21.802,5,5,19,1.147473684,25.64084989,29.75431157,19.08048,40.5269,-73.5509,10.84,30.57,8.53,14.58
NM20190401018,2019,SPRING,8.342,7,7,21,0.397238095,37.22576879,14.14188487,12.98448,40.3823,-73.9558,11.54,29.97,9.23,14.71
NM20190401019,2019,SPRING,28.533,5,5,17,1.678411765,43.96626065,40.3776009,11.15568,40.5665,-73.7907,11.11,30.46,9.46,13.97
NM20190401020,2019,SPRING,12.61,7,5,14,0.900714286,31.95577517,9.987469137,16.64208,40.5456,-73.7171,10.82,30.66,8.74,14.42
NM20190401021,2019,SPRING,3.829,6,7,17,0.225235294,44.17906294,42.27170189,22.4028,40.397,-73.9094,10.48,30.67,8.86,12.92
NM20190401022,2019,SPRING,18.552,18,9,37,0.501405405,31.50822192,11.2256816,20.08632,40.2326,-73.9442,10.45,30.81,7.46,12.12
NM20190401023,2019,SPRING,9.198,11,8,25,0.36792,39.49624851,33.23864807,12.58824,39.7299,-74.0951,11.39,30.3,8.61,14.79
NM20190401024,2019,SPRING,3.798,6,8,24,0.15825,41.72801986,23.59575218,12.98448,39.6811,-74.1195,11.55,30.17,8.52,14.31
NM20190401025,2019,SPRING,23.249,6,8,19,1.223631579,43.15652586,9.378638738,14.3256,39.7566,-74.0458,11.21,30.56,8.5,13.93
NM20190401026,2019,SPRING,16.166,11,10,27,0.598740741,31.8218264,12.07154742,15.11808,39.8955,-74.0666,11.31,30.21,7.36,12.1
NM20190401027,2019,SPRING,44.875,6,7,17,2.639705882,45.05814221,36.41641724,20.7264,39.6522,-74.0821,11.14,30.8,8.58,13.62
NM20190401028,2019,SPRING,43.357,6,7,23,1.885086957,36.49818163,30.72371329,11.8872,39.5221,-74.2358,11.48,30.19,8.15,13.37
NM20190401029,2019,SPRING,33.475,5,8,25,1.339,39.25404109,30.0265788,13.80744,39.4364,-74.2791,11.99,29.78,8.94,14.35
NM20190401030,2019,SPRING,9.538,5,6,21,0.454190476,38.5970419,16.31364179,16.24584,39.3291,-74.3697,12.16,30.02,9.29,14.14
NM20190401031,2019,SPRING,18.572,5,8,23,0.807478261,38.08683542,32.46197874,13.4112,39.303,-74.4192,12.59,29,7.91,12.8
NM20190401032,2019,SPRING,5.585,8,5,13,0.429615385,47.18060212,53.48751893,20.29968,39.5734,-74.118,10.99,31.03,7.89,14.45
NM20190401033,2019,SPRING,24.174,9,8,23,1.051043478,36.430391,38.32510894,17.55648,39.4962,-74.2302,11.47,30.2,8.19,13.58
NM20190401034,2019,SPRING,23.933,8,7,21,1.139666667,35.12265619,9.233531345,18.37944,39.3004,-74.3181,11.86,30.71,9.02,14.33
NM20190401035,2019,SPRING,54.522,6,7,18,3.029,41.53415936,28.52585574,14.50848,39.3054,-74.3433,11.85,29.98,8,12.39
NM20190401036,2019,SPRING,19.906,7,7,23,0.865478261,39.92263261,38.94469978,14.9352,39.328,-74.3306,11.97,29.56,8.2,12.7
NM20190401037,2019,SPRING,76.033,6,7,20,3.80165,40.55655368,46.36721884,17.46504,39.2433,-74.4834,11.88,30.36,8.19,12.49
NM20190401038,2019,SPRING,13.385,6,8,27,0.495740741,38.60923674,41.55515179,17.0688,39.1047,-74.6464,12.19,30.25,8.28,13.5
NM20190401039,2019,SPRING,2.833,4,7,21,0.134904762,38.94401487,40.72628076,12.58824,38.9742,-74.7546,12.84,29.77,8.02,13.29
NM20190401040,2019,SPRING,6.148,4,5,13,0.472923077,40.83261522,10.64628434,20.29968,39.0323,-74.5424,12.02,31.15,8.62,13.28
NM20190401041,2019,SPRING,2.154,4,6,18,0.119666667,37.56439228,9.645294286,14.7828,39.0454,-74.5501,12.03,30.97,8.42,12.62
NM20190401042,2019,SPRING,4.575,3,5,14,0.326785714,50.64479868,14.25081604,16.64208,38.9701,-74.579,12.51,30.91,8.46,12.6
NM20190401043,2019,SPRING,3.936,3,8,28,0.140571429,37.88499237,17.22172278,16.70304,39.0559,-74.5936,12.17,30.59,8.38,12.86
NM20190401044,2019,SPRING,2.555,2,6,16,0.1596875,34.7444976,10.38409679,17.86128,38.915,-74.6121,12.28,30.84,8.42,12.75
NM20190401045,2019,SPRING,19.101,5,6,17,1.123588235,47.81061797,47.82921936,15.5448,39.1687,-74.6233,12.08,30.34,8.51,13.42
NM20190401046,2019,SPRING,10.935,4,7,25,0.4374,34.10776516,23.32831302,17.46504,39.057,-74.6963,12.31,30.14,8.39,13.68
NM20190401047,2019,SPRING,9.009,7,8,23,0.391695652,36.9238602,34.09768169,14.0208,38.9219,-74.8026,13.21,29.89,8.34,13.37
NM20190401048,2019,SPRING,1.303,3,8,19,0.068578947,44.88456557,17.28421351,14.3256,38.8874,-74.8415,13.15,29.89,8.28,13.52
NM20190401049,2019,SPRING,20.369,6,6,19,1.072052632,41.42727584,24.79525267,13.89888,38.9048,-74.8443,13.41,29.48,8.18,13.61
NM20190401050,2019,SPRING,3.398,5,7,20,0.1699,37.30595907,19.89925589,13.1064,38.6053,-75.0283,14.34,28.19,7.9,14.3
NM20190401051,2019,SPRING,1.263,1,5,12,0.10525,24.30510186,7.950733653,19.5072,38.7705,-74.7786,12.42,30.54,8.38,13.17
NM20190401052,2019,SPRING,4.423,4,7,22,0.201045455,36.99850344,18.40356906,23.7744,38.7055,-74.8799,13.1,30.22,7.8,12.88
NM20190401053,2019,SPRING,7.698,3,6,18,0.427666667,43.35606169,8.769798497,16.1544,38.8022,-74.8642,12.78,29.57,8.02,13.4
NM20190401054,2019,SPRING,2.759,3,9,22,0.125409091,38.0645066,10.54351816,16.1544,38.7699,-74.8939,12.85,29.12,7.99,12.9
NM20190401055,2019,SPRING,5.663,4,8,26,0.217807692,37.59996742,30.89845298,11.2776,38.8377,-74.901,13.11,28.93,8.05,13.6
NM20190401057,2019,SPRING,8.723,7,8,24,0.363458333,33.32089615,25.35161487,19.812,38.6544,-74.9922,13.62,29.27,7.91,14.2
NM20190401058,2019,SPRING,0.02,1,6,19,0.001052632,27.98883684,21.44782361,16.4592,38.6994,-74.976,13.62,28.88,7.76,14.21
NM20190401059,2019,SPRING,0.325,2,4,13,0.025,23.97672308,15.91383255,17.9832,38.6432,-74.7931,12.31,30.8,8.01,12.98
NM20190401060,2019,SPRING,1.648,4,5,16,0.103,35.13346769,12.43735838,27.7368,38.5522,-74.8023,12.12,31.3,7.97,13.34
NM20190401061,2019,SPRING,1.123,3,7,21,0.05347619,34.68341913,10.32421837,27.1272,38.6232,-74.8314,12.36,30.88,7.96,13.5
NM20190401062,2019,SPRING,0.0852,3,5,17,0.005011765,28.56959771,12.88481438,30.48,38.6493,-74.857,12.51,30.77,7.98,13.89
NM20190401063,2019,SPRING,1.556,2,6,19,0.081894737,31.91128304,17.85875603,21.0312,38.6313,-74.9356,13.55,29.43,7.94,13.86
NM20190401064,2019,SPRING,1.957,3,6,19,0.103,27.84677082,20.0352328,20.4216,38.0268,-75.1459,12.55,30.72,7.99,15.27
NM20190401065,2019,SPRING,0.298,3,5,17,0.017529412,23.48074294,20.28650311,13.4112,38.1165,-75.1559,12.45,30.62,7.57,12.88
NM20190401066,2019,SPRING,11.139,8,7,18,0.618833333,36.55472067,15.91986714,21.15312,38.393,-74.9038,12.74,31.36,8.23,15.61
NM20190401067,2019,SPRING,22.512,3,7,20,1.1256,36.86277747,13.54275459,17.12976,38.4144,-74.9296,12.75,31.44,8.5,15.51
NM20190401068,2019,SPRING,3.998,7,4,12,0.333166667,44.58632155,8.960958765,15.8496,38.2532,-74.9639,12.27,31.51,8.07,15.8
NM20190401069,2019,SPRING,0.366,2,5,13,0.028153846,29.14626154,21.63284922,21.36648,38.422,-74.9563,12.94,31.15,8.78,15.05
NM20190401070,2019,SPRING,5.181,6,6,18,0.287833333,34.11930458,9.642927265,21.57984,38.1006,-74.9901,11.91,31.67,8.16,15.57
NM20190401071,2019,SPRING,0.935,1,4,12,0.077916667,24.57183917,31.41494267,15.5448,38.4061,-74.9805,13.06,31.09,8.67,15.12
NM20190401072,2019,SPRING,7.55,2,7,15,0.503333333,24.22223445,8.352297562,13.59408,38.09,-75.0047,12.18,31.53,8.15,15.08
NM20190401073,2019,SPRING,5.368,4,6,23,0.233391304,32.94868128,24.31723648,16.85544,38.0545,-75.0974,12.48,30.96,8.35,15.92
NM20190401074,2019,SPRING,3.261,3,5,12,0.27175,36.47289582,27.89867105,12.192,37.9618,-75.128,12.4,31.13,8.29,14.04
NM20190401075,2019,SPRING,11.577,5,9,32,0.36178125,24.95292671,24.80279995,16.4592,37.8284,-75.3099,12.88,30.01,7.77,16.29
NM20190401076,2019,SPRING,1.152,2,3,12,0.096,25.74601917,17.70319376,13.1064,37.8805,-75.3111,12.83,29.64,8.04,16.61
NM20190401077,2019,SPRING,3.559,3,4,11,0.323545455,28.71685184,16.7788594,10.668,37.8157,-75.3909,15.55,30.1,8.21,16.55
NM20190401078,2019,SPRING,1.932,4,4,12,0.161,43.49449246,17.47357221,11.8872,37.769,-75.4898,15.02,30.69,7.14,17.54
NM20190401079,2019,SPRING,0.366,2,4,10,0.0366,34.46901011,8.918106789,16.06296,37.9833,-75.0471,12.39,31.46,8.56,16.49
NM20190401080,2019,SPRING,2.427,4,5,17,0.142764706,21.48051882,14.29313074,18.5928,37.9172,-75.176,12.38,31.23,8.42,16.19
NM20190401081,2019,SPRING,5.303,6,6,24,0.220958333,21.89976292,19.34741865,19.87296,37.6274,-75.3785,13.8,30.66,7.72,15.56
NM20190401082,2019,SPRING,1.279,3,5,15,0.085266667,34.19169558,18.65697964,12.192,37.7928,-75.3889,15.58,30.71,7.89,16.99
NM20190401083,2019,SPRING,3.401,6,8,24,0.141708333,23.36299833,19.89916409,15.5448,37.6979,-75.4274,14.34,30.67,7.88,15.59
NM20190401084,2019,SPRING,5.06,5,5,17,0.297647059,24.78461118,19.54107139,18.288,37.6329,-75.4683,14.28,30.7,8.4,16.42
NM20190401085,2019,SPRING,10.729,6,7,25,0.42916,29.26833479,22.5251015,16.1544,37.7087,-75.4659,14.68,30.62,8.45,16.35
NM20190401086,2019,SPRING,0.303,3,5,15,0.0202,26.36083985,17.99431284,13.1064,37.6279,-75.5062,14.19,30.77,8.53,17.22
NM20190401087,2019,SPRING,2.85,4,4,12,0.2375,32.90309172,18.60602325,6.94944,37.4158,-75.6566,15.84,30.87,7.75,17.55
NM20190401088,2019,SPRING,0.24,1,4,13,0.018461538,22.61721775,17.50464421,8.5344,37.4182,-75.6453,14.9,31.16,7.75,17.4
NM20190401089,2019,SPRING,1.171,1,3,10,0.1171,24.339759,30.27822714,13.716,37.2277,-75.6974,15.06,31.32,8.2,17.14
NM20190401090,2019,SPRING,2.248,3,4,11,0.204363636,27.59410091,37.08344441,9.7536,37.2471,-75.7231,15.07,31.12,8.22,18.54
NM20190401091,2019,SPRING,0.039,2,5,11,0.003545455,34.70461179,34.09877359,7.80288,37.2836,-75.7152,17.18,30.79,7.81,19.49
NM20190401092,2019,SPRING,1.752,4,6,17,0.103058824,23.32326249,18.50516083,15.5448,37.4133,-75.5881,14.62,31.23,8.04,17.31
NM20190401093,2019,SPRING,1.45,2,5,19,0.076315789,25.07680472,12.51214965,15.24,37.2972,-75.6033,14.49,31.19,8.37,17.63
NM20190401094,2019,SPRING,3.182,3,6,20,0.1591,23.49109131,15.05405836,15.72768,37.2952,-75.6422,14.55,31.21,8.21,18.02
NM20190401095,2019,SPRING,0.532,3,4,13,0.040923077,19.09901692,19.09901692,15.8496,37.1802,-75.6713,14.86,31.3,8.24,15.88
NM20190401096,2019,SPRING,1.647,5,4,21,0.078428571,21.80351952,13.31845244,13.80744,37.1282,-75.7523,12.68,31.33,8.69,14.36
NM20190401097,2019,SPRING,0.773,4,4,13,0.059461538,29.05356231,17.26669218,8.5344,37.1738,-75.7898,12.57,31.4,8.76,12.69
NM20190401098,2019,SPRING,2.372,2,4,13,0.182461538,26.21378385,41.88504849,10.85088,37.0038,-75.8673,12.52,31.16,8.83,15.01
NM20190401099,2019,SPRING,0.027,2,3,9,0.003,26.46018556,23.11985324,10.9728,36.7199,-75.9148,10.92,31.7,8.08,16.28
NM20190401100,2019,SPRING,0.188,2,4,12,0.015666667,21.44060167,35.58337784,10.75944,36.8267,-75.9244,11.3,31,7.28,17.25
NM20190401101,2019,SPRING,2.343,3,3,11,0.213,25.89224636,40.34753232,9.144,36.7999,-75.9462,11.84,30.5,6.73,14.41
NM20190401102,2019,SPRING,1.222,3,5,11,0.111090909,21.94698343,23.62081984,16.4592,37.1719,-75.6041,,,,
NM20190401103,2019,SPRING,1.579,3,4,12,0.131583333,25.4950325,11.76170445,18.07464,37.125,-75.6635,10.7,31.9,8.62,16.09
NM20190401104,2019,SPRING,0.11,3,5,14,0.007857143,31.65876762,33.87864404,15.94104,37.0422,-75.7386,11.45,31.66,8.72,15.99
NM20190401105,2019,SPRING,7.834,1,5,11,0.712181818,25.52968636,27.70930093,14.81328,36.9328,-75.8025,11.68,31.38,8.63,17.04
NM20190401106,2019,SPRING,0.899,5,3,9,0.099888889,28.77247,62.49124824,17.25168,36.6062,-75.791,10.5,32.21,8.54,15.49
NM20190401107,2019,SPRING,2.807,5,5,16,0.1754375,23.98915938,29.14297112,13.59408,37.0221,-75.7936,11.46,31.63,8.57,16.27
NM20190401108,2019,SPRING,1.278,4,3,9,0.142,27.04023,42.32920281,18.8976,36.7958,-75.8061,10.13,31.95,8,16.76
NM20190401109,2019,SPRING,1.745,4,4,15,0.116333333,30.01244789,18.37200104,15.02664,36.9213,-75.8046,11.27,31.46,8.56,17.59
NM20190401110,2019,SPRING,6.587,5,5,24,0.274458333,21.18945625,27.74465422,12.28344,36.8739,-75.9281,10.47,31.58,7.84,16.18
NM20190401111,2019,SPRING,2.916,4,5,25,0.11664,21.7061404,21.68736157,14.41704,36.9117,-75.9488,11.01,31.08,7.67,11.64
NM20190401112,2019,SPRING,1.248,2,4,6,0.208,38.29455833,56.8848545,15.24,35.9046,-75.5781,12.9,31.54,8.27,13.7
NM20190401113,2019,SPRING,0.206,3,3,13,0.015846154,25.73164846,23.02148655,12.89304,36.1319,-75.7158,11.56,31.88,7.98,13.99
NM20190401114,2019,SPRING,0,0,3,13,0,25.75042385,18.47774004,12.192,36.213,-75.7455,11.35,31.77,8.09,14.4
NM20190401115,2019,SPRING,0.489,1,4,11,0.044454545,30.26300273,42.58762864,17.86128,36.2705,-75.7307,10.69,32.19,8.02,14.9
NM20190401116,2019,SPRING,0.95,1,2,4,0.2375,53.4181575,64.88882912,19.5072,36.3051,-75.7494,10.69,32.02,8.09,15.16
NM20190401117,2019,SPRING,1.023,1,2,7,0.146142857,49.13896857,63.57717917,17.3736,36.5301,-75.7741,10.36,32.33,8.7,14.4
NM20190401118,2019,SPRING,2.223,2,2,11,0.202090909,34.65500182,30.18396876,18.68424,36.4955,-75.7955,10.33,32.22,8.52,16.03
NM20190401119,2019,SPRING,0.017,1,3,8,0.002125,26.7002925,18.8040468,11.39952,35.6563,-75.4598,13.8,31.94,8.2,15.79
NM20190401120,2019,SPRING,0.09,1,4,20,0.0045,18.01571131,18.04964597,14.6304,35.4681,-75.4543,19.85,34.54,6.73,20.37
NM20190401121,2019,SPRING,0.205,1,4,14,0.014642857,34.83256404,29.83500616,23.89632,35.6553,-75.4029,13.25,32.3,8.08,14.77
NM20190401122,2019,SPRING,0,0,1,1,0,14.5,14.5,13.80744,35.1798,-75.4065,20.83,35.44,7.43,20.81
NM20190401123,2019,SPRING,0.023,1,3,12,0.001916667,14.875,16.43803879,17.34312,35.5546,-75.4144,16.27,33.22,7.07,19.11
NM20190401124,2019,SPRING,0,0,1,1,0,38.64122732,38.64122732,15.5448,35.3052,-75.4698,20.02,35.46,7.52,20.58
NM20190401125,2019,SPRING,142.048,11,9,45,3.156622222,33.57614131,23.68873891,22.4028,41.1161,-71.9717,11.19,28.38,8.23,11.19
NM20190401126,2019,SPRING,7.831,4,7,32,0.24471875,23.14245465,18.42388474,25.99944,41.1665,-71.9847,10.84,28.87,8.09,11.4
NM20190401127,2019,SPRING,9.33,8,7,36,0.259166667,24.26390778,15.84038007,28.55976,41.1556,-72.0041,10.98,28.57,7.79,11.52
NM20190401128,2019,SPRING,31.1839,15,7,41,0.760582927,26.70315847,15.39184803,39.0144,41.2631,-71.771,9.3,31.89,8.35,11.91
NM20190401129,2019,SPRING,0.905,3,5,14,0.064642857,19.24519827,10.67933383,31.51632,41.1666,-71.796,10.17,30.67,8.59,12.82
NM20190401130,2019,SPRING,58.046,15,8,48,1.209291667,26.86850672,18.57330169,32.6136,41.1994,-71.6174,9.64,31.55,8.71,11.94
NM20190401131,2019,SPRING,68.507,15,6,36,1.902972222,30.22178488,10.94919244,25.38984,41.2992,-71.8024,10.56,31.19,8.61,11.2
NM20190401132,2019,SPRING,35.991,20,9,39,0.922846154,28.80878497,14.57599219,36.2712,41.2612,-71.8269,9.63,31.33,8.14,11.06
NM20190401133,2019,SPRING,28.944,9,6,21,1.378285714,31.55944086,14.35770952,24.32304,41.2988,-71.7932,10.5,31.36,8.6,11.68
NM20190401134,2019,SPRING,0.854,4,8,29,0.029448276,24.82818343,15.39874754,51.2064,41.1936,-71.9504,10.11,30.18,8.24,11.38
NM20190401135,2019,SPRING,37.337,15,8,57,0.655035088,28.18502776,25.62968768,24.74976,41.3554,-71.4573,9.24,31.85,8.34,12.13
NM20190401136,2019,SPRING,62.147,8,8,34,1.827852941,31.02967622,16.4198937,40.2336,41.2151,-71.4187,8.49,32.22,8,12.73
NM20190401137,2019,SPRING,8.085,6,7,49,0.165,28.30976527,20.33185333,30.44952,41.4185,-71.0006,12.02,31.82,7.82,12.67
NM20190401138,2019,SPRING,18.394,13,8,48,0.383208333,28.31451775,22.78798237,23.68296,41.4371,-71.1491,10.6,31.71,8.34,14.19
NM20190401139,2019,SPRING,15.85,10,6,30,0.528333333,28.18588733,11.93858121,27.06624,41.4126,-71.2731,10.19,31.76,8.48,13.9
NM20190401140,2019,SPRING,10.393,9,9,31,0.335258065,29.85419453,29.82132523,33.2232,41.095,-71.5936,8.61,32.27,8.27,12.83
NM20190401141,2019,SPRING,14.0162,9,5,28,0.500578571,34.16209884,24.73126703,24.74976,41.3824,-71.1292,10.8,31.75,7.83,14.22
NM20190401142,2019,SPRING,40.8641,8,9,37,1.104435135,32.0582517,21.50823313,35.052,41.3034,-70.9079,9.13,32.07,7.93,12.84
NM20190401143,2019,SPRING,29.162,5,7,31,0.940709677,33.36466273,19.75295484,42.3672,41.2802,-71.044,8.62,32.04,7.84,13.41
NM20190401144,2019,SPRING,53.661,8,10,45,1.192466667,28.50722061,17.08342048,32.27832,41.3214,-70.9753,8.89,31.95,8.08,13.23
NM20190401145,2019,SPRING,71.458,19,8,46,1.553434783,31.49009976,14.9445216,38.4048,41.2641,-71.3195,8.65,32.22,8.91,13.56
NM20190401146,2019,SPRING,22.314,7,7,27,0.826444444,37.1819036,21.19524529,32.58312,41.1332,-71.5207,8.82,32.02,8.21,12.27
NM20190401147,2019,SPRING,80.963,13,8,46,1.760065217,30.73087544,38.62981129,43.2816,41.1455,-71.412,8.48,32.25,8.07,12.9
NM20190401148,2019,SPRING,41.826,5,9,41,1.020146341,28.07422109,15.45416277,41.148,41.2717,-71.4307,8.59,32.2,8.23,12.54
NM20190401149,2019,SPRING,35.068,11,6,31,1.131225806,28.27062654,18.58911742,43.2816,41.268,-71.4953,8.71,32.1,7.82,11.29
NM20190401150,2019,SPRING,48.9993,6,7,36,1.361091667,29.90678213,17.10617482,39.9288,41.2428,-71.5055,8.6,32.17,7.95,11.36
NM20190901001,2019,FALL,2.11,1,7,19,0.111052632,31.47197509,27.10799572,17.3736,41.0211,-71.9118,16.61,32.27,6.94,16.85
NM20190901002,2019,FALL,0,0,4,15,0,30.33042533,33.06366672,15.5448,41.0244,-71.9326,16.65,31.84,7.35,16.76
NM20190901003,2019,FALL,0.039,1,6,19,0.002052632,30.68629474,21.7627096,12.192,40.8979,-72.2901,16.63,31.81,6.95,16.64
NM20190901004,2019,FALL,1.427,6,5,23,0.062043478,22.21825084,15.55804955,10.9728,40.9853,-72.0558,16.53,31.83,7.38,16.64
NM20190901005,2019,FALL,1.425,5,6,19,0.075,24.77481158,27.62674305,14.0208,40.864,-72.3676,16.75,31.83,7.16,16.86
NM20190901006,2019,FALL,0,0,6,20,0,26.816535,16.96738095,16.764,40.9456,-72.1281,16.97,32.07,6.72,16.67
NM20190901007,2019,FALL,0,0,7,20,0,29.6179095,32.23060558,16.764,40.9177,-72.2201,16.93,32,6.83,16.64
NM20190901008,2019,FALL,0.839,2,7,20,0.04195,24.446727,27.83613409,10.3632,40.7809,-72.6577,16.81,31.76,6.68,16.88
NM20190901009,2019,FALL,2.877,2,6,20,0.14385,29.20527678,16.20408838,10.3632,40.8049,-72.5697,16.72,31.79,6.78,16.64
NM20190901010,2019,FALL,0.089,1,6,20,0.00445,30.42402,34.55806618,17.0688,40.815,-72.4986,16.79,31.8,6.85,16.64
NM20190901011,2019,FALL,9.755,6,5,15,0.650333333,30.66068909,32.37824354,14.9352,40.6191,-73.194,16.11,31.33,7.2,16.1
NM20190901012,2019,FALL,16.011,5,6,22,0.727772727,25.76867545,39.49879459,17.9832,40.6202,-73.139,16.25,31.42,7.16,16.24
NM20190901013,2019,FALL,0.122,1,5,24,0.005083333,21.40327583,31.09010771,12.8016,40.6049,-73.3594,16.76,31.35,6.92,16.39
NM20190901014,2019,FALL,3.073,5,6,19,0.161736842,35.02025467,38.06065066,14.6304,40.5533,-73.6657,17.04,32.13,6.47,16.57
NM20190901015,2019,FALL,0.173,1,6,12,0.014416667,45.88552417,42.42191985,16.764,40.5451,-73.5181,16.8,30.89,6.84,16.73
NM20190901016,2019,FALL,0.393,2,5,19,0.020684211,28.34519337,22.31135988,21.336,40.504,-73.5318,18.17,31.92,6.36,18.13
NM20190901017,2019,FALL,4.333,11,6,21,0.206333333,27.29320828,18.67858479,21.6408,40.5212,-73.6045,17.91,32.12,5.87,17.39
NM20190901018,2019,FALL,1.955,6,7,24,0.081458333,32.84818349,27.5006849,17.6784,40.5539,-73.822,16.54,32.89,5.93,16.3
NM20190901019,2019,FALL,0.465,1,8,23,0.020217391,31.40628625,31.34891348,12.192,40.5203,-73.8877,16.92,32.21,6.67,16.58
NM20190901020,2019,FALL,1.751,3,6,28,0.062535714,29.02607944,19.09352347,21.336,40.4031,-73.9076,16.94,33.12,6.02,15.84
NM20190901021,2019,FALL,3.153,4,11,48,0.0656875,25.39637348,14.89456203,14.3256,40.4421,-73.9393,16.92,32.03,6.41,15.56
NM20190901022,2019,FALL,2.132,3,6,21,0.10152381,33.88386029,14.87985305,20.1168,40.2972,-73.9324,17.36,31.74,6.98,17.15
NM20190901023,2019,FALL,10.02,5,8,23,0.435652174,31.59892431,18.81861184,16.4592,39.9978,-74.0469,16.58,31.29,6.94,16.93
NM20190901024,2019,FALL,0,0,7,21,0,25.97151143,19.00364063,11.8872,39.7209,-74.0834,16.97,31.49,7.18,16.41
NM20190901025,2019,FALL,1.27,2,5,9,0.141111111,42.78028304,42.22294909,20.7264,40.0732,-74.0156,17.1,31.44,7.33,17.34
NM20190901026,2019,FALL,6.711,5,5,24,0.279625,27.76240805,29.47538398,20.7264,39.6805,-74.0279,17.21,31.61,7.53,16.52
NM20190901027,2019,FALL,2.475,2,8,21,0.117857143,28.38880131,27.06491891,16.4592,39.8473,-74.0606,16.35,31.24,7.22,16.71
NM20190901028,2019,FALL,4.072,2,8,24,0.169666667,22.35928708,17.41705281,13.1064,39.6289,-74.1739,16.59,31.25,6.67,16.34
NM20190901029,2019,FALL,10.234,3,7,24,0.426416667,25.81855678,18.91731113,15.24,39.4444,-74.2653,16.51,31.41,7.24,16.52
NM20190901030,2019,FALL,2.775,6,3,14,0.198214286,22.82289643,18.0783022,15.5448,39.3385,-74.3599,16.77,31.44,7.33,16.83
NM20190901031,2019,FALL,2.364,2,5,14,0.168857143,37.58288804,27.4878766,12.192,39.3242,-74.4191,16.66,31.34,7.26,16.71
NM20190901032,2019,FALL,1.958,4,6,16,0.122375,24.04334938,26.00270743,20.1168,39.4949,-74.1987,16.83,31.56,7.38,16.83
NM20190901033,2019,FALL,2.256,6,7,24,0.094,27.90776647,28.39396613,19.2024,39.2829,-74.2877,16.93,31.57,7.52,16.91
NM20190901034,2019,FALL,14.435,5,5,16,0.9021875,30.85997875,25.40607644,15.5448,39.2917,-74.3429,16.83,31.56,7.47,16.82
NM20190901035,2019,FALL,4.456,2,5,17,0.262117647,29.60056353,25.10104018,14.6304,39.2668,-74.3549,17.07,31.61,7.47,17.07
NM20190901036,2019,FALL,0.226,4,4,13,0.017384615,21.27081154,18.12928333,15.24,39.2788,-74.4099,16.62,31.44,7.3,16.65
NM20190901037,2019,FALL,3.82,3,6,16,0.23875,22.0472875,17.72655854,14.9352,39.1945,-74.5692,16.55,31.53,7.15,16.64
NM20190901038,2019,FALL,0,0,4,6,0,39.97643333,46.83651034,15.8496,38.8861,-74.6298,17.44,31.92,7.43,17.61
NM20190901039,2019,FALL,9.132,5,5,13,0.702461538,33.49984283,24.42433546,12.4968,38.9351,-74.6584,17.74,31.96,7.38,17.75
NM20190901040,2019,FALL,4.619,5,4,7,0.659857143,50.09946358,48.92323711,12.8016,39.0233,-74.5467,17.31,31.69,7.35,17.35
NM20190901041,2019,FALL,2.47,3,6,16,0.154375,25.68749017,18.01929397,18.8976,39.1609,-74.5505,16.69,31.61,7.47,16.75
NM20190901042,2019,FALL,0.629,5,3,11,0.057181818,30.02579545,31.82154669,16.764,38.8957,-74.5838,17.5,31.86,7.44,17.62
NM20190901043,2019,FALL,8.251,2,5,17,0.485352941,27.0242424,26.95658182,14.9352,39.0808,-74.6723,16.4,31.42,7.16,16.12
NM20190901044,2019,FALL,0,0,5,16,0,18.43656438,16.2554526,14.3256,39.1169,-74.6651,16.44,31.41,7.13,16.18
NM20190901045,2019,FALL,2.045,4,4,10,0.2045,24.300871,19.15455354,13.4112,38.9745,-74.7065,17.39,31.7,7.26,17.41
NM20190901046,2019,FALL,3.906,3,5,14,0.279,31.64767857,19.8270774,14.9352,38.9036,-74.743,17.33,31.83,7.33,17.69
NM20190901047,2019,FALL,9.79,2,5,13,0.753076923,25.93552923,18.41961539,12.192,38.8772,-74.8797,17.03,31.4,7.68,17.03
NM20190901048,2019,FALL,1.722,4,4,19,0.090631579,31.68704162,18.04122305,14.0208,38.6103,-75.033,17.18,25.81,6.62,17.17
NM20190901049,2019,FALL,13.437,3,6,15,0.8958,36.7156793,18.02904463,11.2776,38.6593,-75.0491,17.06,30.02,7.28,17.05
NM20190901050,2019,FALL,13.846,3,4,12,1.153833333,32.697565,16.71798606,13.4112,38.728,-75.0563,17.2,30.09,7.18,17.2
NM20190901051,2019,FALL,3.996,2,8,23,0.17373913,33.4838224,22.48543109,23.7744,38.77,-74.7331,17.34,31.8,7.5,17.45
NM20190901052,2019,FALL,3.643,1,4,7,0.520428571,48.22944211,47.43366492,19.2024,38.6799,-74.7947,17.5,31.57,7.25,17.26
NM20190901053,2019,FALL,0,0,3,8,0,46.17499006,46.17499006,16.1544,38.8114,-74.8243,17.14,31.19,7.18,17.13
NM20190901054,2019,FALL,12.29,4,8,22,0.558636364,30.00621488,30.33616298,20.7264,38.7202,-74.8314,17.6,31.53,7.13,17.51
NM20190901055,2019,FALL,20.911,3,5,14,1.493642857,34.11249681,37.13975151,18.8976,38.71,-74.8706,17.86,32.21,7.07,17.2
NM20190901056,2019,FALL,3.294,2,5,22,0.149727273,27.06490124,23.17154392,15.24,38.7494,-74.8498,17.24,30.65,6.97,17.25
NM20190901057,2019,FALL,1.934,5,6,19,0.101789474,33.63653734,23.01259142,23.1648,38.48,-74.8881,17.68,31.75,7.27,17.22
NM20190901058,2019,FALL,0,0,4,10,0,26.454314,23.1144911,14.3256,38.795,-74.8829,17.27,30.77,6.92,17.23
NM20190901059,2019,FALL,2.606,5,6,16,0.162875,32.42201801,17.72631412,25.6032,38.5043,-74.8065,17.93,32.38,7.06,17.55
NM20190901060,2019,FALL,2.446,4,7,24,0.101916667,34.98301286,19.05283569,24.6888,38.5585,-74.8291,17.96,32.34,6.89,17.52
NM20190901061,2019,FALL,0.81,2,7,23,0.035217391,29.2674991,23.737073,24.6888,38.5839,-74.8554,17.89,32.17,6.99,17.21
NM20190901062,2019,FALL,1.907,3,6,17,0.112176471,30.17084308,30.03976454,25.908,38.5984,-74.865,17.83,32.11,6.92,17.4
NM20190901063,2019,FALL,2.148,3,6,19,0.113052632,36.44186685,28.98938222,21.9456,38.6477,-74.8943,17.75,31.98,6.87,17.19
NM20190901064,2019,FALL,11.621,5,5,16,0.7263125,24.85040563,14.51205471,14.0208,38.3193,-75.0544,17.57,30.98,7.17,17.8
NM20190901065,2019,FALL,0,0,3,18,0,19.81145278,19.66135781,12.4968,38.0537,-75.1737,17.79,31.2,7.12,17.81
NM20190901066,2019,FALL,0.56,2,6,12,0.046666667,39.42247732,44.41665734,27.7368,38.2725,-74.8659,17.67,32.14,7.21,17.67
NM20190901067,2019,FALL,0,0,5,14,0,40.38505797,57.24442765,21.9456,38.4329,-74.8975,17.73,31.85,7.23,17.36
NM20190901068,2019,FALL,0.787,1,3,7,0.112428571,40.35985911,50.74509125,21.9456,38.3891,-74.9442,17.75,31.8,6.91,17.53
NM20190901069,2019,FALL,0,0,1,3,0,59.28341,59.28341,17.6784,38.1145,-74.9983,17.84,31.94,7.3,17.98
NM20190901070,2019,FALL,0,0,5,12,0,34.8381298,21.98131885,22.5552,38.2065,-75.0466,17.59,31.48,7.23,17.62
NM20190901071,2019,FALL,0,0,3,8,0,20.01083625,18.25681055,21.9456,38.1791,-75.0679,17.6,31.51,7.29,17.65
NM20190901072,2019,FALL,1.327,1,3,13,0.102076923,25.95275,20.31597581,10.668,38.12,-75.0973,17.68,31.31,7.15,17.79
NM20190901073,2019,FALL,1.94,2,5,11,0.176363636,29.34647636,16.6164719,12.8016,38.1909,-75.1219,17.65,31.15,7.18,17.64
NM20190901074,2019,FALL,1.07,2,3,18,0.059444444,22.07936389,17.15319075,8.8392,37.742,-75.5332,17.42,31.47,7.53,16.62
NM20190901075,2019,FALL,0.134,1,4,19,0.007052632,19.72709,16.93041831,11.5824,37.6556,-75.5524,18.14,30.83,6.82,18.2
NM20190901076,2019,FALL,1.016,2,3,14,0.072571429,22.852365,16.17013145,10.3632,37.7735,-75.5092,17.19,31.35,7.66,16.96
NM20190901077,2019,FALL,0,0,4,15,0,23.72177,19.89838627,16.764,37.9966,-75.1441,17.8,31.41,7.51,17.8
NM20190901078,2019,FALL,0,0,2,8,0,37.75290875,24.53068423,12.192,37.5833,-75.5181,17.56,31.59,7.62,17.29
NM20190901079,2019,FALL,0.301,2,3,9,0.033444444,37.0318432,23.11692012,13.4112,37.976,-75.0966,17.71,31.53,7.19,17.62
NM20190901080,2019,FALL,0.19,2,5,16,0.011875,41.94120252,22.89790462,24.0792,37.6297,-75.3293,18.33,31.78,7.12,18.65
NM20190901081,2019,FALL,0.095,1,4,16,0.0059375,20.54898438,17.53302133,16.4592,37.7811,-75.3316,18.13,31.32,6.91,18
NM20190901082,2019,FALL,0.127,2,4,15,0.008466667,20.254618,17.96253121,18.5928,37.7313,-75.3565,18.23,31.43,6.83,18.29
NM20190901083,2019,FALL,1.674,2,3,15,0.1116,21.26299667,15.07496785,13.4112,37.7914,-75.3656,18.17,31.37,7.09,18.14
NM20190901084,2019,FALL,0.212,1,5,16,0.01325,22.16140438,16.77436248,14.9352,37.6677,-75.4548,18.3,31.18,6.95,18.49
NM20190901085,2019,FALL,3.924,1,6,21,0.186857143,22.52131104,19.9705196,14.3256,37.5978,-75.5392,17.4,31.41,7.42,16.89
NM20190901086,2019,FALL,0.062,1,3,14,0.004428571,25.82647357,22.00277854,14.9352,37.6094,-75.5304,17.41,31.55,7.53,17.1
NM20190901087,2019,FALL,0,0,3,18,0,19.44836833,15.93095212,8.5344,37.4027,-75.6532,17.3,31.49,7.35,17.29
NM20190901088,2019,FALL,0,0,4,14,0,24.377085,18.4309298,11.5824,37.4735,-75.6049,17.8,31.59,7.3,17.56
NM20190901089,2019,FALL,0,0,3,13,0,20.42912769,15.45545296,9.144,37.3171,-75.6821,17.57,31.65,7.44,17.63
NM20190901090,2019,FALL,0.044,1,5,17,0.002588235,13.74457235,16.10250067,12.192,37.2174,-75.7224,19.12,31.54,7.2,19.14
NM20190901091,2019,FALL,0.039,1,3,9,0.004333333,26.95887,12.77069596,10.668,37.2711,-75.7023,17.37,31.48,7.58,17.51
NM20190901092,2019,FALL,0.953,3,2,4,0.23825,47.6112375,49.15075382,18.5928,37.3064,-75.5443,17.93,31.84,7.17,17.93
NM20190901093,2019,FALL,3.508,5,3,7,0.501142857,43.49365247,50.01637173,15.24,37.3451,-75.5737,17.89,31.77,7.23,17.89
NM20190901094,2019,FALL,0.268,1,5,21,0.012761905,19.8018281,18.45071791,17.0688,37.4577,-75.5617,17.59,31.41,7.14,17.54
NM20190901095,2019,FALL,0.108,1,4,16,0.00675,23.50367438,18.39317761,19.2024,37.2445,-75.6218,19.16,31.59,7.37,19.16
NM20190901096,2019,FALL,0,0,2,8,0,31.56540875,14.94949875,10.668,37.0717,-75.8038,17.71,30.42,7.5,17.69
NM20190901097,2019,FALL,0,0,4,17,0,18.52846706,12.89994285,9.144,37.096,-75.8441,19.06,31.1,7.3,19.14
NM20190901098,2019,FALL,8.333,1,2,6,1.388833333,26.53342167,26.53342167,11.8872,36.9055,-75.8705,14.9,30.64,7.65,14.89
NM20190901099,2019,FALL,0.111,1,2,8,0.013875,14.5,14.5,10.9728,36.9966,-75.896,14.65,31.38,7.86,14.63
NM20190901100,2019,FALL,0.045,1,2,10,0.0045,8.8,9.837037037,10.9728,36.7856,-75.9428,13.83,28.06,7.7,13.61
NM20190901101,2019,FALL,0,0,3,6,0,28.92780333,28.92780333,8.8392,37.0415,-75.993,13.45,31.32,8.12,13.26
NM20190901102,2019,FALL,0.144,3,2,4,0.036,45.5472575,47.54880516,17.6784,37.1434,-75.6055,18.1,32.21,7.28,17.97
NM20190901103,2019,FALL,0.009,1,5,12,0.00075,25.69782583,27.04528338,20.4216,36.9722,-75.6658,18.37,31.6,6.8,18.2
NM20190901104,2019,FALL,0,0,2,7,0,30.91847143,30.91847143,15.8496,37.0807,-75.6522,18.04,31.72,7.07,17.57
NM20190901105,2019,FALL,6.023,3,3,14,0.430214286,23.70105071,16.69883164,19.812,37.0454,-75.6765,18.56,32.22,6.73,17.95
NM20190901106,2019,FALL,0.786,1,4,10,0.0786,41.71322731,23.47779128,21.57984,36.5734,-75.7722,18.1,31.73,7.02,17.8
NM20190901107,2019,FALL,0.568,2,4,14,0.040571429,26.69766786,22.87891931,15.5448,36.9097,-75.783,18.56,30.93,6.72,17.84
NM20190901108,2019,FALL,0.185,1,3,7,0.026428571,39.28734714,44.55972157,15.8496,36.7299,-75.8173,17.66,31.29,7.02,17.39
NM20190901109,2019,FALL,0.522,1,4,11,0.047454545,30.34248636,23.81578917,18.288,36.7896,-75.8204,15.97,30.91,7.25,15.35
NM20190901110,2019,FALL,0,0,2,8,0,36.83555875,24.02231848,16.1544,36.8786,-75.8231,15.32,30.65,7.41,14.98
NM20190901111,2019,FALL,0,0,3,9,0,33.52312778,18.08550107,17.0688,36.9067,-75.9285,18.2,29.9,6.99,17.47
NM20190901112,2019,FALL,0,0,5,15,0,20.300254,18.2551601,10.3632,36.4357,-75.8268,17.49,30.81,7.1,17.47
NM20190901113,2019,FALL,0,0,3,7,0,23.89424714,22.31774778,10.3632,36.5317,-75.8466,17.48,30.91,7.14,17.47
NM20190901114,2019,FALL,1.976,2,3,13,0.152,31.15199308,20.73982195,21.336,36.404,-75.7225,17.75,30.46,7.08,16.86
NM20190901115,2019,FALL,0,0,3,4,0,27.1466725,27.1466725,21.0312,36.2667,-75.7083,17.73,31.01,7.08,16.89
NM20190901116,2019,FALL,0.002,1,5,13,0.000153846,19.69442231,16.83059206,17.9832,36.0789,-75.6554,17.69,30.27,6.95,17.1
NM20190901117,2019,FALL,0,0,2,7,0,32.17712286,19.53823781,20.7264,36.3767,-75.7276,17.81,30.35,6.86,16.45
NM20190901118,2019,FALL,0,0,3,10,0,32.719631,24.27259309,18.8976,36.3666,-75.751,17.7,30.29,6.77,16.53
NM20190901119,2019,FALL,0.146,2,1,7,0.020857143,16,18.13571429,10.9728,35.5024,-75.4527,18.36,31.55,6.89,17.68
NM20190901120,2019,FALL,0.086,2,4,12,0.007166667,20.71062417,17.92976317,15.24,35.2935,-75.4826,17.82,31.45,7.16,17.51
NM20190901121,2019,FALL,0,0,3,12,0,17.70833333,17.88088519,16.1544,35.3259,-75.4504,18.01,31.68,7.15,17.89
NM20190901122,2019,FALL,0,0,2,15,0,16.2,18.645132,14.9352,35.54,-75.4242,18.6,31.87,7,17.99
NM20190901123,2019,FALL,0,0,2,7,0,31.67881429,19.20403159,15.24,35.4118,-75.4553,18.32,31.73,6.97,17.57
NM20190901124,2019,FALL,0,0,3,12,0,28.10134833,20.60422334,20.7264,35.7739,-75.4748,18.1,31.2,7.41,17.8
NM20190901125,2019,FALL,1.704,6,5,20,0.0852,18.589953,10.53959103,23.7744,41.0937,-71.9475,19.22,30.94,6.74,19.21
NM20190901126,2019,FALL,9.613,6,5,31,0.310096774,32.39435129,26.54491216,30.23616,41.1721,-71.6518,18.33,32.02,6.86,18.33
NM20190901127,2019,FALL,2.65,4,6,30,0.088333333,22.74955557,18.22499262,21.6408,41.1665,-72.0448,19.13,30.92,6.74,19.26
NM20190901128,2019,FALL,23.544,8,5,30,0.7848,24.548038,9.652566036,23.4696,41.1772,-71.623,18.13,31.83,6.8,18.29
NM20190901129,2019,FALL,5.407,9,5,22,0.245772727,26.14099124,11.75410999,35.9664,41.2411,-71.6067,17.35,31.85,6.11,18.11
NM20190901130,2019,FALL,5.2345,5,7,33,0.158621212,26.01051818,16.43774981,30.1752,41.2975,-71.6803,17.49,31.98,6.13,18.78
NM20190901131,2019,FALL,22.067,7,8,44,0.501522727,25.00671636,19.80293585,31.3944,41.1974,-71.7256,17.31,31.89,6.51,18.08
NM20190901132,2019,FALL,2.462,5,9,58,0.042448276,28.4723788,21.09089045,47.8536,41.2231,-71.842,17.66,31.71,5.97,18.51
NM20190901133,2019,FALL,8.486,5,7,30,0.282866667,27.31897209,14.35842404,51.2064,41.2436,-71.9283,17.8,31.68,6.1,18.69
NM20190901134,2019,FALL,2.9995,6,8,32,0.093734375,23.86254444,20.25367756,42.9768,41.2188,-71.957,18.03,31.59,6.21,19.26
NM20190901135,2019,FALL,2.068,8,5,25,0.08272,21.2987888,8.477356315,24.6888,41.3763,-71.1057,17.49,32.43,6.32,17.86
NM20190901136,2019,FALL,15.962,7,4,16,0.997625,32.24242563,7.967704976,33.528,41.1825,-71.5329,17.76,32.27,6.72,17.84
NM20190901137,2019,FALL,4.776,9,5,20,0.2388,22.192566,8.818783543,26.2128,41.3676,-71.0263,17.31,32.68,5.46,18
NM20190901138,2019,FALL,13.698,8,8,53,0.25845283,23.44957811,20.31709551,38.7096,41.2898,-71.4996,15.51,32.68,4.09,17.77
NM20190901139,2019,FALL,0.407,7,6,26,0.015653846,23.14389577,8.438883684,24.384,41.4284,-71.252,17.52,32.42,5.67,17.74
NM20190901140,2019,FALL,17.293,6,4,19,0.910157895,42.06490842,42.77633271,31.0896,41.1329,-71.5188,18.02,32.37,7.04,17.91
NM20190901141,2019,FALL,3.552,14,7,48,0.074,25.97918792,16.98592944,36.2712,41.1553,-71.3986,14.25,32.92,4.25,18.21
NM20190901142,2019,FALL,5.042,7,7,25,0.20168,26.39983311,17.90179371,35.052,41.3091,-71.0643,16.75,33.09,4.34,17.61
NM20190901143,2019,FALL,4.368,6,7,21,0.208,27.6388543,17.27498736,39.3192,41.2837,-70.9855,16.89,33.03,4.26,17.65
NM20190901144,2019,FALL,8.991,7,7,31,0.290032258,26.93444842,8.300815299,32.3088,41.314,-71.2178,16.08,33.06,4.3,17.83
NM20190901145,2019,FALL,15.833,9,8,42,0.37697619,25.16499952,13.25322819,29.2608,41.3159,-71.5325,16.57,32.58,5.78,18.24
NM20190901146,2019,FALL,15.719,7,7,27,0.582185185,22.21295037,25.475325,35.9664,41.3,-71.4022,14.72,32.54,3.28,18.92
NM20190901147,2019,FALL,28.157,6,7,34,0.828147059,23.47862765,17.32505139,38.7096,41.232,-71.4683,13.68,32.79,4.69,18.74
NM20190901148,2019,FALL,13.523,5,4,27,0.500851852,28.39725852,8.650619723,35.3568,41.1961,-71.4905,17.17,32.54,5.1,18.05
NM20190901149,2019,FALL,17.608,10,5,24,0.733666667,27.66196583,8.765800934,37.1856,41.2266,-71.529,17.86,32.31,6.83,17.59
NM20190901150,2019,FALL,4.002,7,8,37,0.108162162,24.54020686,15.32304222,43.8912,41.2788,-71.5733,15.18,32.78,4.51,18.53
NM20200901001,2020,FALL,0,0,6,19,0,28.75629249,21.69420672,15.17904,41.0301,-71.9118,17.19,,7.01,17.19
NM20200901002,2020,FALL,1.232,2,5,13,0.094769231,34.21110385,12.58688889,17.55648,41.0251,-71.9005,17.19,,6.8,17.14
NM20200901003,2020,FALL,11.271,1,7,29,0.388655172,33.74991069,30.99260375,10.75944,40.9049,-72.2748,17.04,,7.45,17.18
NM20200901004,2020,FALL,6.225,2,8,28,0.222321429,25.25367929,37.81908304,11.06424,40.8704,-72.3659,17.23,,7.68,17.23
NM20200901005,2020,FALL,3.456,3,7,21,0.164571429,34.84357856,15.96016438,13.80744,40.8692,-72.3563,17.18,,7.5,17.2
NM20200901006,2020,FALL,2.643,2,9,23,0.114913043,25.97249174,25.90955444,13.19784,40.8853,-72.3152,17.14,,7.32,17.28
NM20200901007,2020,FALL,0.068,1,4,12,0.005666667,31.35831167,18.51907857,16.27632,40.9386,-72.1434,17.18,,7.04,17.27
NM20200901008,2020,FALL,19.773,6,7,26,0.7605,26.33583852,24.97768075,10.0584,40.6369,-73.1541,17.17,,6.97,17.12
NM20200901009,2020,FALL,0.325,4,4,16,0.0203125,23.61305375,18.00517817,10.9728,40.7111,-72.9017,17.64,,7.04,17.64
NM20200901010,2020,FALL,1.163,5,7,24,0.048458333,30.60677208,35.89885052,18.98904,40.7704,-72.6606,17.31,,6.32,17.58
NM20200901011,2020,FALL,1.379,1,7,21,0.065666667,24.63952286,16.11311037,16.03248,40.6995,-72.9154,17.69,,6.58,17.68
NM20200901012,2020,FALL,16.646,7,7,20,0.8323,31.62059762,9.704192829,13.716,40.662,-73.0147,17.58,,7.14,17.45
NM20200901013,2020,FALL,1.522,5,6,20,0.0761,31.88981074,17.95375822,13.80744,40.593,-73.4081,16.73,,7.09,16.72
NM20200901014,2020,FALL,2.451,7,8,21,0.116714286,23.94720078,21.73694516,13.19784,40.5511,-73.621,16.05,,7.16,16.1
NM20200901015,2020,FALL,4.88,6,10,27,0.180740741,30.16546818,25.44585683,17.55648,40.6087,-73.2189,17.41,,6.94,17.42
NM20200901016,2020,FALL,1.293,4,5,19,0.068052632,34.24161947,9.716264392,20.51304,40.5701,-73.3372,17.6,,7,17.58
NM20200901017,2020,FALL,1.746,5,7,21,0.083142857,23.69447143,10.10178355,16.24584,40.5957,-73.3648,17.13,,6.83,17.03
NM20200901018,2020,FALL,10.603,7,6,10,1.0603,37.534819,40.5929543,12.07008,40.5558,-73.7935,16.06,,6.24,16.07
NM20200901019,2020,FALL,43.409,8,8,25,1.73636,32.53762376,31.00247758,13.4112,40.3853,-73.9559,16.15,,6.94,16.04
NM20200901020,2020,FALL,31.821,11,6,21,1.515285714,31.73736642,25.44059575,17.76984,40.5266,-73.6883,16.05,,6.17,16.1
NM20200901021,2020,FALL,4.19,8,8,32,0.1309375,32.0779446,11.5552613,22.18944,40.2079,-73.9315,16.62,,6.59,16.2
NM20200901022,2020,FALL,3.927,6,7,22,0.1785,34.23777088,8.75710282,18.5928,40.2551,-73.937,16.5,,6.47,15.99
NM20200901023,2020,FALL,3.369,5,9,23,0.146478261,33.73605421,42.0357191,10.85088,39.8077,-74.0655,17.64,,7.23,17.69
NM20200901024,2020,FALL,1.5,5,4,14,0.107142857,39.17048357,41.65499947,12.46632,39.719,-74.0768,17.67,,7.24,18.08
NM20200901025,2020,FALL,6.37,10,8,25,0.2548,29.86364973,14.47282078,20.51304,40.1563,-73.9467,16.79,,6.88,16.61
NM20200901026,2020,FALL,2.975,11,6,16,0.1859375,27.31774375,27.78888101,22.18944,40.0876,-73.9839,17.16,,6.05,17.23
NM20200901027,2020,FALL,2.052,4,7,19,0.108,33.44655174,12.60437047,19.6596,40.1679,-73.9872,16.93,,6.54,16.26
NM20200901028,2020,FALL,12.785,4,4,12,1.065416667,33.485285,22.18531747,9.02208,39.307,-74.4875,18.41,,6.93,18.38
NM20200901029,2020,FALL,1.271,4,9,27,0.047074074,31.69169631,19.12286016,14.3256,39.585,-74.185,17.93,,6.98,18.33
NM20200901030,2020,FALL,4.936,6,5,13,0.379692308,34.44404538,20.43067581,11.5824,39.3084,-74.437,18,,6.8,17.93
NM20200901031,2020,FALL,6.229,2,4,12,0.519083333,33.88753167,19.34817965,9.23544,39.2455,-74.5799,18.24,,5.78,18.27
NM20200901032,2020,FALL,8.303,4,6,19,0.437,42.23031073,42.87370356,17.46504,39.5237,-74.1641,18.1,,7.13,18.3
NM20200901033,2020,FALL,2.489,7,6,21,0.11852381,38.16101117,22.41701528,20.93976,39.3821,-74.2336,18.21,,6.86,18.34
NM20200901034,2020,FALL,5.53,7,8,22,0.251363636,35.88578875,20.15938367,16.33728,39.4681,-74.2426,18.05,,6.85,17.84
NM20200901035,2020,FALL,34.981,5,10,27,1.295592593,32.56631194,20.86599125,15.72768,39.482,-74.247,17.98,,7.1,17.93
NM20200901036,2020,FALL,2.447,4,6,16,0.1529375,32.23504688,22.38559142,14.0208,39.2948,-74.4068,18.4,,6.86,18.56
NM20200901037,2020,FALL,6.696,6,4,11,0.608727273,43.05934759,44.90068354,15.5448,39.2227,-74.5075,18.5,,6.69,18.47
NM20200901038,2020,FALL,2.652,4,6,17,0.156,34.48425716,21.24986822,12.8016,39.1436,-74.6068,18.41,,6.59,18.36
NM20200901039,2020,FALL,11.891,7,5,15,0.792733333,42.67599505,18.47328312,12.4968,38.9321,-74.8177,18.27,,5.81,18.27
NM20200901040,2020,FALL,3.817,8,7,17,0.224529412,33.17346021,35.47365482,14.1732,39.1054,-74.544,18.42,,6.29,18.61
NM20200901041,2020,FALL,2.402,3,4,13,0.184769231,37.87520423,40.25525954,18.16608,39.0698,-74.5708,18.46,,6.8,18.92
NM20200901042,2020,FALL,4.273,3,6,21,0.20347619,33.77798199,31.29818432,21.15312,39.0886,-74.555,18.41,,6.56,18.77
NM20200901043,2020,FALL,4.393,6,6,15,0.292866667,34.84020962,34.67594305,18.07464,39.112,-74.569,18.35,,6.36,18.64
NM20200901044,2020,FALL,2.555,4,3,6,0.425833333,62.21826696,62.21826696,18.5928,38.8949,-74.5894,18.49,,,18.48
NM20200901045,2020,FALL,2.946,2,5,17,0.173294118,30.35691176,20.21310925,16.4592,38.9899,-74.7545,18.54,,6.65,18.9
NM20200901046,2020,FALL,8.186,2,3,11,0.744181818,36.96175818,21.04633964,14.0208,39.0185,-74.7027,18.49,,6.58,19.24
NM20200901047,2020,FALL,8.519,6,7,20,0.42595,39.83215902,18.52210162,11.8872,38.9103,-74.8695,18.14,,5.77,18.15
NM20200901048,2020,FALL,8.072,5,6,18,0.448444444,38.98193522,23.51181768,8.2296,38.8944,-74.8919,18.4,,6.18,18.37
NM20200901049,2020,FALL,8.436,5,4,12,0.703,33.96364048,23.64582747,10.668,38.8539,-74.9101,18.4,,6.13,18.39
NM20200901050,2020,FALL,2.934,4,5,15,0.1956,27.18530475,16.26860569,14.0208,38.6103,-75.0331,18.66,,,18.67
NM20200901051,2020,FALL,8.037,8,6,19,0.423,34.02400626,29.65768578,18.5928,38.83,-74.6574,18.44,,,18.44
NM20200901052,2020,FALL,21.055,10,6,16,1.3159375,36.81686733,22.2702292,15.5448,38.7955,-74.8496,18.55,,5.9,18.59
NM20200901053,2020,FALL,9.405,9,4,10,0.9405,56.23796871,70.7032971,18.288,38.5793,-74.9497,18.63,,,18.7
NM20200901054,2020,FALL,11.051,5,5,19,0.581631579,33.47134333,19.69264413,17.55648,38.5413,-74.959,18.61,,5.67,18.81
NM20200901055,2020,FALL,23.752,3,7,17,1.397176471,43.19393953,45.15139328,18.288,38.6554,-74.9662,16.12,33.88,6.9,15.82
NM20200901056,2020,FALL,13.707,4,5,13,1.054384615,39.39686382,17.36123521,16.1544,38.5542,-74.981,18.7,,5.88,18.67
NM20200901057,2020,FALL,11.117,6,6,14,0.794071429,38.53309953,33.32206636,15.63624,38.5677,-74.9756,16.25,33.92,6.92,16.36
NM20200901058,2020,FALL,5.167,6,5,17,0.303941176,32.23334252,23.60634515,14.0208,38.5818,-75.0074,18.73,,,18.73
NM20200901059,2020,FALL,5.049,4,6,21,0.240428571,36.74287083,43.26521575,21.7932,38.6272,-74.7579,16.95,35.35,6.86,16.93
NM20200901060,2020,FALL,3.754,3,5,14,0.268142857,39.9673182,46.70159723,28.3464,38.6258,-74.8053,16.9,35.18,6.75,16.4
NM20200901061,2020,FALL,11.173,5,6,18,0.620722222,34.47917069,41.53643939,30.23616,38.6537,-74.8527,16.89,35.13,6.76,16.51
NM20200901062,2020,FALL,3.223,4,2,6,0.537166667,46.75806333,46.30243835,19.2024,38.5423,-74.8791,18.68,,,18.78
NM20200901063,2020,FALL,6.889,8,7,25,0.27556,31.47740166,21.66702708,27.1272,38.7018,-74.9075,18.62,,5.63,18.61
NM20200901064,2020,FALL,6.335,5,5,15,0.422333333,27.33909702,15.18257017,10.85088,38.1456,-75.1623,15.76,33.95,6.89,16.14
NM20200901065,2020,FALL,9.092,7,5,18,0.505111111,28.53128418,16.31837596,11.06424,38.3373,-75.0697,19.01,,,19
NM20200901066,2020,FALL,2.899,5,5,7,0.414142857,45.06349688,47.76062801,16.1544,38.283,-74.8442,18.78,,,19.03
NM20200901067,2020,FALL,7.131,6,5,17,0.419470588,42.31666449,18.0962316,20.7264,38.3828,-74.9454,18.76,,,18.86
NM20200901068,2020,FALL,15.518,2,3,6,2.586333333,42.278375,47.43026415,24.32304,38.2957,-74.9553,16.63,34.38,6.93,16.5
NM20200901069,2020,FALL,4.832,3,5,19,0.254315789,28.68622679,19.77345177,21.15312,38.2021,-74.9886,19.01,,,19.01
NM20200901070,2020,FALL,7.731,5,3,11,0.702818182,35.19333636,17.55829402,14.3256,38.3561,-75.0146,18.85,,,19
NM20200901071,2020,FALL,0.8,3,4,13,0.061538462,36.01075822,18.6189758,13.716,38.1026,-75.0454,19.06,,,19.1
NM20200901072,2020,FALL,14.484,3,7,18,0.804666667,27.90507611,17.42985049,10.54608,38.3078,-75.0302,16.27,33.89,6.81,15.76
NM20200901073,2020,FALL,0.323,4,3,13,0.024846154,26.50760538,22.65919078,21.15312,38.1717,-75.0756,16.51,34.34,6.95,16.55
NM20200901074,2020,FALL,0,0,4,15,0,25.426202,17.65402283,8.8392,37.8183,-75.4791,15.49,34.35,8.61,15.93
NM20200901075,2020,FALL,0.431,1,4,14,0.030785714,27.389445,16.6218013,10.85088,37.6519,-75.5564,15.52,34.68,6.46,17.03
NM20200901076,2020,FALL,8.719,1,4,15,0.581266667,23.61181267,15.00857243,11.67384,37.8089,-75.398,15.58,34.44,7.64,16.39
NM20200901077,2020,FALL,0.179,1,5,13,0.013769231,30.91025987,16.32165066,11.67384,37.8054,-75.4469,15.53,34.48,7.24,16.63
NM20200901078,2020,FALL,1.794,4,3,14,0.128142857,23.71289071,15.69195736,12.98448,37.5565,-75.5706,15.52,34.68,6.46,17.03
NM20200901079,2020,FALL,9.134,2,6,19,0.480736842,29.27819991,22.19703252,19.812,37.9822,-75.0525,19.2,,,19.18
NM20200901080,2020,FALL,9.871,4,5,12,0.822583333,38.06749588,41.38725392,20.7264,37.968,-75.0901,17.14,35.08,7.07,17.66
NM20200901081,2020,FALL,2.642,2,3,13,0.203230769,28.75771,19.10934376,18.16608,37.8208,-75.2801,16.52,34.74,6.89,17.02
NM20200901082,2020,FALL,2.834,2,4,11,0.257636364,28.78130091,18.45026959,18.8976,37.733,-75.3477,16.8,34.92,6.98,17.07
NM20200901083,2020,FALL,3.287,3,4,10,0.3287,29.926735,18.40591891,13.50264,37.7929,-75.3278,16.54,34.73,6.94,16.85
NM20200901084,2020,FALL,0.108,2,1,3,0.036,57.29919667,57.29919667,17.9832,37.6217,-75.3657,17.85,35.46,6.8,17.7
NM20200901085,2020,FALL,0,0,2,5,0,46.39755,49.32816649,16.27632,37.6173,-75.4038,17.89,35.45,7.07,17.98
NM20200901086,2020,FALL,2.123,3,4,17,0.124882353,26.15051706,19.26436673,16.27632,37.6466,-75.5205,17.35,35.29,6.82,17.62
NM20200901087,2020,FALL,1.595,2,3,13,0.122692308,25.05937769,16.9224113,12.28344,37.4529,-75.5981,19.33,,5.98,19.79
NM20200901088,2020,FALL,1.422,1,3,8,0.17775,20.56445625,14.34287214,12.8016,37.5034,-75.5789,16.13,34.83,7.68,17.05
NM20200901089,2020,FALL,4.278,2,2,8,0.53475,31.41433875,14.3775193,7.7724,37.5163,-75.6185,15.39,34.63,8.36,16.24
NM20200901090,2020,FALL,0.13,1,3,13,0.01,28.21378385,18.95047973,12.192,37.3598,-75.6414,19.18,,6.03,19.26
NM20200901091,2020,FALL,0,0,4,10,0,33.23966243,15.3255953,8.93064,37.3029,-75.6891,15.81,34.78,9.14,16.17
NM20200901092,2020,FALL,0.401,2,3,9,0.044555556,36.74579107,20.02158742,17.3736,37.4172,-75.5217,20.12,,6.28,20.29
NM20200901093,2020,FALL,0,0,2,8,0,36.38917875,17.25154565,14.3256,37.423,-75.5964,16.82,35.07,7.57,17.27
NM20200901094,2020,FALL,0.606,1,3,9,0.067333333,30.31932333,26.08464667,15.42288,37.3437,-75.6005,17.55,35.38,7.14,18.09
NM20200901095,2020,FALL,0,0,3,13,0,27.84885462,16.99413915,16.64208,37.2803,-75.6368,19.59,,5.74,20.48
NM20200901096,2020,FALL,0,0,3,8,0,28.5649325,18.1505837,9.93648,37.1042,-75.7412,18.04,35.06,6.35,18.09
NM20200901097,2020,FALL,0.126,2,3,10,0.0126,24.82517,17.13875165,12.89304,37.0585,-75.7539,18.04,34.65,6.48,18.14
NM20200901098,2020,FALL,0,0,3,13,0,27.34885462,16.85628618,12.28344,37.0715,-75.7786,20.25,,6.22,20.46
NM20200901099,2020,FALL,0.425,2,4,14,0.030357143,27.255045,22.87018629,11.8872,36.9352,-75.8657,17.84,32.75,6.86,16.73
NM20200901100,2020,FALL,0.014,1,4,15,0.000933333,25.65747133,18.77636576,11.36904,36.9566,-75.8544,17.55,31.97,6.74,16.85
NM20200901102,2020,FALL,0.999,2,4,14,0.071357143,28.08037643,17.43589973,18.5928,37.1186,-75.6312,18.06,35.32,6.33,17.72
NM20200901103,2020,FALL,0.547,1,3,11,0.049727273,22.13348091,17.73576169,16.1544,37.1586,-75.6845,20.15,,6.2,20.73
NM20200901104,2020,FALL,0,0,2,6,0,43.04455833,52.00518339,20.4216,36.6245,-75.706,18.43,35.18,6.57,19.05
NM20200901105,2020,FALL,0,0,2,8,0,27.65010875,25.8242684,17.3736,36.6805,-75.7268,18.87,35.16,6.61,18.94
NM20200901106,2020,FALL,4.356,2,4,16,0.27225,24.19043438,29.0391732,17.9832,36.9735,-75.7488,18.25,34.1,6.67,18.09
NM20200901107,2020,FALL,0.009,1,5,15,0.0006,32.75765614,18.98979558,17.0688,36.7557,-75.7933,18.78,34.86,6.62,18.92
NM20200901108,2020,FALL,0.449,3,4,11,0.040818182,41.02990473,35.01742562,16.4592,36.8474,-75.8005,18.3,35.22,5.93,18.72
NM20200901110,2020,FALL,5.382,3,4,11,0.489272727,29.08979545,16.78098918,14.3256,36.9966,-75.8198,18.28,33.8,6.84,18.09
NM20200901112,2020,FALL,0.557,1,3,13,0.042846154,23.19627,15.5353624,11.2776,36.1098,-75.7025,18.54,35.05,6.31,18.62
NM20200901114,2020,FALL,0.203,1,2,8,0.025375,30.18357875,19.05851101,8.5344,35.8762,-75.5706,18.94,34.7,5.69,19.9
NM20200901119,2020,FALL,0,0,1,1,0,19.5,19.5,11.8872,35.2125,-75.4791,21.18,37.35,6.67,20.1
NM20200901120,2020,FALL,0,0,3,8,0,24.6816225,24.67620748,10.0584,35.4679,-75.4696,19.91,34.81,6.74,19.92
NM20200901121,2020,FALL,0,0,2,7,0,18.42857143,18.58333333,16.4592,35.5531,-75.4117,19.62,33.63,6.81,19.46
NM20200901122,2020,FALL,0.047,1,5,15,0.003133333,20.044638,19.02341851,21.9456,35.6456,-75.4005,19.54,35.2,6.71,19.65
NM20200901123,2020,FALL,0,0,4,14,0,26.32728702,14.94652123,14.6304,35.4503,-75.4512,19.86,34.93,6.97,20.07
NM20200901124,2020,FALL,1.629,1,3,12,0.13575,21.00002833,15.20807589,12.4968,35.4057,-75.4565,20.01,34.95,6.77,19.86
NM20200901125,2020,FALL,3.462,3,6,25,0.13848,23.9133016,10.61044682,21.9456,41.3155,-71.7343,18.57,,7.19,18.56
NM20200901126,2020,FALL,2.363,5,8,33,0.071606061,32.18821343,10.66388498,40.5384,41.1428,-71.696,18.55,,6.72,18.68
NM20200901127,2020,FALL,4.32,7,6,23,0.187826087,23.9702947,9.151018877,25.908,41.1421,-71.9754,18.94,,7.04,18.95
NM20200901128,2020,FALL,19.643,5,6,25,0.78572,24.57017935,8.8385733,31.3944,41.2251,-71.6267,17,,6.36,17.26
NM20200901129,2020,FALL,10.956,9,6,34,0.322235294,25.22300917,7.999203557,35.3568,41.2177,-71.6714,16.88,,5.8,17.14
NM20200901130,2020,FALL,5.74,8,8,35,0.164,28.07398002,9.193653005,34.4424,41.2469,-71.7041,17.28,,6.85,17.22
NM20200901131,2020,FALL,3.058,7,5,27,0.113259259,24.01332185,10.15746127,32.9184,41.2903,-71.7261,18.42,,6.77,18.54
NM20200901132,2020,FALL,0.53,4,6,25,0.0212,24.0010316,7.408859809,38.4048,41.2799,-71.7716,18.43,,6.29,18.61
NM20200901133,2020,FALL,2.64,8,6,25,0.1056,22.03716815,21.83975928,41.148,41.1967,-71.7958,18.59,,6.05,18.84
NM20200901134,2020,FALL,10.718,10,5,20,0.5359,24.70648973,19.65993489,45.1104,41.2396,-71.9312,18.63,,6.37,18.71
NM20200901135,2020,FALL,17.776,5,6,25,0.71104,25.98199737,11.71850677,30.1752,41.2291,-71.5976,17.08,,6.9,17.24
NM20200901136,2020,FALL,13.375,5,9,37,0.361486486,29.04722204,6.371428954,33.8328,41.175,-71.5311,17.83,,7.27,17.95
NM20200901137,2020,FALL,13.387,8,9,33,0.405666667,28.239932,6.795685072,37.1856,41.1827,-71.5286,18.22,,5.74,18.3
NM20200901138,2020,FALL,2.033,3,9,50,0.04066,22.34299191,11.39819619,24.9936,41.3423,-71.036,17.58,,4.86,17.76
NM20200901139,2020,FALL,0,0,6,26,0,22.89922692,9.291006131,24.6888,41.4293,-71.2726,17.94,,5.3,17.92
NM20200901140,2020,FALL,2.126,4,9,49,0.043387755,28.79365636,12.96344649,42.3672,41.274,-71.4968,16.51,,5.12,17.77
NM20200901141,2020,FALL,0,0,6,27,0,27.12622556,20.26446039,34.7472,41.3049,-70.944,17.7,,5.09,17.86
NM20200901142,2020,FALL,3.109,4,5,26,0.119576923,24.19407616,7.762479303,26.8224,41.3672,-71.0239,17.84,,5.54,17.92
NM20200901143,2020,FALL,1.587,5,7,37,0.042891892,21.68786324,17.63996926,31.48584,41.3587,-71.1522,17.42,,4.93,17.95
NM20200901144,2020,FALL,6.467,6,7,46,0.140586957,28.62427825,9.102148852,37.4904,41.1789,-71.4288,14.67,,5.1,17.98
NM20200901145,2020,FALL,3.035,4,6,38,0.079868421,25.67637632,8.466345159,36.576,41.2429,-71.4621,15.42,,5.17,17.86
NM20200901146,2020,FALL,0.064,2,6,34,0.001882353,25.60484647,9.228590596,40.2336,41.16,-71.4032,14.72,,5.12,17.92
NM20200901147,2020,FALL,15.719,6,7,40,0.392975,24.97836659,6.991810368,39.3192,41.1945,-71.5144,16.31,,5.24,17.95
NM20200901148,2020,FALL,9.614,4,7,41,0.234487805,27.27530038,9.679674038,36.576,41.2289,-71.4416,14.94,,5.14,17.87
NM20200901149,2020,FALL,4.757,4,8,33,0.144151515,21.42964485,8.338158325,42.9768,41.2851,-71.5209,18.23,,6.03,18.37
NM20200901150,2020,FALL,9.089,8,8,46,0.197586957,26.124861,10.5725513,43.8912,41.2928,-71.5448,17.16,,6.69,17.32
NM20210401001,2021,SPRING,2.052,3,9,26,0.078923077,33.6470616,41.45653414,21.39696,41.0474,-71.8656,11.39,32.62,8.36,13.78
NM20210401002,2021,SPRING,17.414,8,6,30,0.580466667,24.01621533,18.92803831,16.1544,41.0235,-71.9323,12.21,32.37,8.32,13
NM20210401003,2021,SPRING,18.769,5,9,38,0.493921053,33.77231967,37.98593789,10.54608,40.931,-72.2092,11.36,33.15,8.1,12.84
NM20210401004,2021,SPRING,81.648,6,8,36,2.268,36.44525777,46.85862685,11.76528,40.8462,-72.4315,10.91,33.34,7.39,12.17
NM20210401005,2021,SPRING,3.959,1,7,18,0.219944444,34.46128495,30.78619151,14.44752,40.8827,-72.3163,11.13,33.47,8.81,12.37
NM20210401006,2021,SPRING,105.58,5,7,31,3.405806452,29.60847399,18.50434311,17.12976,40.8444,-72.4038,9.42,33.7,8.69,13.4
NM20210401007,2021,SPRING,5.236,3,7,27,0.193925926,30.66888185,33.27536275,13.13688,40.9469,-72.1582,12.03,32.97,8.52,12.9
NM20210401008,2021,SPRING,21.232,3,9,19,1.117473684,43.86789832,50.49694161,12.28344,40.7489,-72.7705,8.75,33.96,8.34,10.28
NM20210401009,2021,SPRING,7.111,6,5,14,0.507928571,51.77995701,47.88784908,11.15568,40.6818,-72.9853,8.74,34.37,7.15,9.6
NM20210401010,2021,SPRING,4.101,10,8,27,0.151888889,32.43663069,18.26710085,17.76984,40.6158,-73.1566,8.73,34.25,7.32,9.53
NM20210401011,2021,SPRING,33.369,2,7,22,1.516772727,37.56991481,49.1573493,17.16024,40.7823,-72.6201,9.88,33.7,7.93,14.44
NM20210401012,2021,SPRING,0,0,8,17,0,43.69609338,38.76783907,14.26464,40.6974,-72.9339,8.67,34.34,8,10.6
NM20210401013,2021,SPRING,6.666,5,8,20,0.3333,42.3417997,42.9580636,11.85672,40.5582,-73.6019,10.27,34.22,8.67,14.69
NM20210401014,2021,SPRING,5.157,5,7,24,0.214875,36.75368813,11.74374464,10.91184,40.5677,-73.6589,9.77,34.33,8.2,12.8
NM20210401015,2021,SPRING,5.738,11,5,20,0.2869,32.88517503,16.67703763,15.11808,40.5587,-73.4924,10.11,34.23,8.35,12.21
NM20210401016,2021,SPRING,2.664,3,5,17,0.156705882,34.10256231,11.99733968,14.56944,40.5502,-73.555,9.48,34.33,7.75,14.66
NM20210401017,2021,SPRING,8.077,3,4,19,0.425105263,29.23627263,14.80976698,13.28928,40.5495,-73.6439,9.57,34.2,7.69,14.62
NM20210401018,2021,SPRING,68.471,7,7,26,2.6335,31.19467219,31.02432346,14.14272,40.5296,-73.8272,9.42,34.44,8.28,12.85
NM20210401019,2021,SPRING,39.814,7,9,30,1.327133333,31.9528492,11.23859872,16.4592,40.5518,-73.6953,10.11,34.26,8.56,14.13
NM20210401020,2021,SPRING,14.682,4,7,25,0.58728,26.20264229,17.50694328,18.47088,40.522,-73.7955,8.56,34.59,7.05,13.83
NM20210401021,2021,SPRING,4.418,5,8,28,0.157785714,33.68086655,32.72431639,3.56616,40.2966,-73.9005,8.33,34.83,8.42,12.87
NM20210401022,2021,SPRING,9.606,6,10,44,0.218318182,32.45021452,20.57550951,23.4696,40.4272,-73.9056,8.21,34.84,8.67,14.22
NM20210401023,2021,SPRING,6.926,1,9,23,0.301130435,37.73904195,9.887411153,10.02792,39.8479,-74.0804,9.62,34.49,7.38,11.91
NM20210401024,2021,SPRING,2.955,3,4,14,0.211071429,38.08383214,10.53093063,11.2776,39.8203,-74.0713,9.71,34.38,7.69,11.64
NM20210401025,2021,SPRING,6.472,6,9,24,0.269666667,35.58487202,47.43537435,20.51304,39.8336,-74.0014,9.31,34.78,8.12,14.09
NM20210401026,2021,SPRING,2.216,3,8,25,0.08864,35.4514125,49.82088086,14.90472,40.0165,-74.0445,8.59,34.5,6.23,10.05
NM20210401027,2021,SPRING,0,0,5,16,0,37.33233282,42.46773009,14.72184,39.7171,-74.0723,10.02,34.24,9.14,13.93
NM20210401028,2021,SPRING,10.683,7,6,19,0.562263158,42.04527305,11.66180143,9.81456,39.4422,-74.2877,12.67,33.93,8.25,15.35
NM20210401029,2021,SPRING,13.298,3,7,24,0.554083333,42.07087495,11.22516085,11.39952,39.5731,-74.1939,10.92,34.09,7.73,13.97
NM20210401030,2021,SPRING,7.633,2,6,18,0.424055556,32.03504722,13.20403217,13.92936,39.4554,-74.256,11.38,33.97,7.93,14.93
NM20210401031,2021,SPRING,25.897,6,6,19,1.363,42.5040315,37.48019017,9.66216,39.3137,-74.4492,12.31,34.21,8.3,14.89
NM20210401032,2021,SPRING,5.19,2,5,10,0.519,51.24555538,43.07623052,18.56232,39.5278,-74.1053,10.29,34.51,8.73,14.57
NM20210401033,2021,SPRING,4.409,3,5,14,0.314928571,40.62192061,47.96004568,19.47672,39.4445,-74.154,10.27,34.65,7.29,14.89
NM20210401034,2021,SPRING,2.482,3,8,21,0.118190476,42.11212845,9.99334649,15.33144,39.4712,-74.2277,11.16,34.17,7.82,15.29
NM20210401035,2021,SPRING,26.906,5,5,12,2.242166667,39.98718172,39.05831937,18.92808,39.2303,-74.3817,11.61,34.28,8.6,14.72
NM20210401036,2021,SPRING,0.236,1,5,11,0.021454545,33.83827215,33.4827926,18.98904,39.2194,-74.4054,10.75,34.51,8.34,13.86
NM20210401037,2021,SPRING,1.006,5,7,21,0.047904762,27.61568179,33.75846632,18.40992,39.2205,-74.4568,11.37,34.27,8.95,15.25
NM20210401038,2021,SPRING,46.336,8,7,27,1.716148148,36.02687574,39.94361302,10.2108,39.0713,-74.715,13.06,34.28,8.65,13.81
NM20210401039,2021,SPRING,14.74,8,3,8,1.8425,55.89359785,50.33786914,9.7536,38.8996,-74.6349,12.63,34.64,8.39,13.18
NM20210401040,2021,SPRING,6.842,4,6,17,0.402470588,33.70253722,35.50904203,21.91512,38.9787,-74.5133,11.01,34.69,8.51,13.63
NM20210401041,2021,SPRING,7.413,4,4,9,0.823666667,47.58085024,45.77085991,17.9832,39.0305,-74.5026,11.6,34.5,8.75,14.87
NM20210401042,2021,SPRING,1.452,6,4,16,0.09075,24.31404375,13.48714973,20.20824,39.0336,-74.5524,12.42,34.39,8.72,15.07
NM20210401043,2021,SPRING,4.353,7,7,12,0.36275,45.78888654,47.2354455,13.16736,38.9426,-74.6082,12.12,34.67,8.6,13.21
NM20210401044,2021,SPRING,7.648,6,6,21,0.364190476,31.82117571,9.810286037,14.478,39.1438,-74.6322,12.26,34.33,9.19,15.15
NM20210401045,2021,SPRING,15.178,6,8,26,0.583769231,33.77797443,10.50149406,14.75232,39.1058,-74.6716,12.39,34.32,8.8,15.44
NM20210401046,2021,SPRING,16.582,8,7,21,0.789619048,38.34373947,21.17071192,14.44752,38.918,-74.6967,12.08,34.67,8.56,13.91
NM20210401047,2021,SPRING,4.413,3,3,11,0.401181818,29.44308273,19.53559481,8.10768,38.656,-75.0601,14.33,32.28,8.61,14.57
NM20210401048,2021,SPRING,10.353,5,8,20,0.51765,29.73972562,18.46611645,12.6492,38.6965,-75.0569,14.44,32.23,8.85,14.59
NM20210401049,2021,SPRING,13.656,5,6,18,0.758666667,34.19827079,30.04970955,11.97864,38.5369,-75.0205,13.18,32.53,8.21,13.22
NM20210401050,2021,SPRING,4.344,5,7,17,0.255529412,25.58522118,10.53841268,10.72896,38.5805,-75.0301,13.67,32.38,8.01,15.14
NM20210401051,2021,SPRING,19.166,3,4,15,1.277733333,44.37257174,53.21131937,16.3068,38.8183,-74.6326,11.43,34.9,8.58,13.37
NM20210401052,2021,SPRING,10.206,5,5,15,0.6804,42.35547614,42.9425266,18.8976,38.7636,-74.7446,11.7,34.77,8.3,13.37
NM20210401053,2021,SPRING,12.824,5,6,16,0.8015,41.18622688,10.59585234,14.0208,38.8171,-74.8521,12.25,34.55,8.38,13.12
NM20210401054,2021,SPRING,15.101,8,5,16,0.9438125,44.02106158,10.18778135,13.38072,38.8405,-74.8795,12.69,34.44,8.43,13.3
NM20210401055,2021,SPRING,10.144,8,5,17,0.596705882,32.50351824,20.28491146,14.59992,38.7616,-74.9026,12.18,33.99,8.34,12.77
NM20210401056,2021,SPRING,7.681,9,5,15,0.512066667,38.37113933,10.67573293,20.45208,38.5546,-74.9277,12.34,33.11,8.4,12.91
NM20210401057,2021,SPRING,9.146,6,6,22,0.415727273,33.42571864,9.334959755,15.3924,38.6061,-74.9629,12.75,32.92,8.27,13.9
NM20210401058,2021,SPRING,4.096,4,5,16,0.256,23.56395438,10.74463056,14.1732,38.5062,-75.001,12.94,32.78,8.39,13.03
NM20210401059,2021,SPRING,16.136,6,4,13,1.241230769,31.38196154,28.62553509,19.84248,38.6293,-74.7941,11.41,34.72,8.28,12.22
NM20210401060,2021,SPRING,6.029,7,7,21,0.287095238,32.07418026,12.83360699,20.05584,38.5418,-74.88,12.14,33.41,8.64,12.93
NM20210401061,2021,SPRING,2.842,5,7,21,0.135333333,30.39711476,21.59998929,22.73808,38.7457,-74.9351,11.05,34.41,7.57,12.94
NM20210401062,2021,SPRING,12.09,5,7,23,0.525652174,26.87421,20.47752717,20.36064,38.7468,-74.9736,11.92,33.73,8.04,12.98
NM20210401063,2021,SPRING,7.179,5,6,20,0.35895,37.11115932,11.41356968,35.9664,38.7787,-74.9579,11.09,34.54,7.61,12.92
NM20210401064,2021,SPRING,4.082,3,5,11,0.371090909,32.11888818,21.73288498,12.58824,38.4342,-75.0274,13.17,32.51,8.25,13.82
NM20210401065,2021,SPRING,12.667,5,5,13,0.974384615,38.51051538,52.30890285,11.64336,38.2528,-75.036,12.77,33.53,8.72,13.68
NM20210401066,2021,SPRING,18.183,7,7,16,1.1364375,31.76675188,11.99435071,17.61744,38.3783,-74.8606,11.3,34.04,8.32,13.3
NM20210401067,2021,SPRING,8.905,6,7,23,0.387173913,30.90843696,10.62433202,13.44168,38.4167,-74.9411,11.8,33.69,8.06,13.37
NM20210401068,2021,SPRING,11.584,3,5,14,0.827428571,44.36152487,10.52734815,15.48384,38.4431,-74.9256,12.37,33.29,8.76,13.2
NM20210401069,2021,SPRING,11.079,6,7,17,0.651705882,28.38807063,21.5667665,8.5344,38.4212,-74.9908,12.75,32.84,8.34,13.72
NM20210401070,2021,SPRING,5.392,8,7,14,0.385142857,35.72655669,10.25217284,18.4404,38.0539,-75.0319,12,34.47,8.36,13.93
NM20210401071,2021,SPRING,3.852,3,4,14,0.275142857,24.58383714,12.0238523,14.35608,38.267,-75.0982,13.57,33.19,8.55,13.76
NM20210401072,2021,SPRING,40.011,3,8,22,1.818681818,30.06381412,35.12834858,18.10512,38.1289,-75.1238,12.95,33.58,8.47,13.89
NM20210401073,2021,SPRING,10.76,6,6,18,0.597777778,30.48072778,35.918077,18.7452,38.1059,-75.1412,12.22,33.92,8.96,14.11
NM20210401074,2021,SPRING,7.806,5,4,15,0.5204,32.410996,10.45701095,14.11224,37.9888,-75.1197,12.83,32.23,9.01,13.43
NM20210401075,2021,SPRING,9.692,5,5,18,0.538444444,26.29021111,33.61028137,10.72896,37.9825,-75.2417,12.35,34.32,7.82,12.7
NM20210401076,2021,SPRING,3.453,3,3,12,0.28775,26.09809917,31.71959297,9.66216,37.8314,-75.4205,12.82,32.14,8.31,13.53
NM20210401077,2021,SPRING,1.968,2,4,10,0.1968,29.493692,19.7339671,14.08176,37.5973,-75.5012,13.79,34.47,7.59,14.33
NM20210401078,2021,SPRING,6.725,4,5,16,0.4203125,28.09982116,10.46145408,10.3632,37.5967,-75.5694,14.24,34.53,7.41,14.29
NM20210401079,2021,SPRING,7.029,4,4,9,0.781,31.96180333,8.70246385,22.43328,37.9844,-75.0675,10.99,32.98,8.84,13.65
NM20210401080,2021,SPRING,1.866,4,6,18,0.103666667,30.649175,13.31373824,23.10384,37.8577,-75.2209,,,,
NM20210401081,2021,SPRING,0.583,5,5,17,0.034294118,23.88003529,27.06373554,15.45336,37.9549,-75.2368,13.05,34.33,7.78,13.43
NM20210401082,2021,SPRING,8.631,8,7,23,0.37526087,26.48322217,16.77681636,16.39824,37.8143,-75.2682,12.48,32.6,8.4,14.44
NM20210401083,2021,SPRING,2.761,8,3,11,0.251,33.76379455,14.37793414,18.25752,37.6394,-75.3951,12.04,34.89,7.84,13.35
NM20210401084,2021,SPRING,29.033,5,5,13,2.233307692,40.82085072,48.82853578,18.10512,37.6444,-75.4313,12.12,34.79,7.81,13.87
NM20210401085,2021,SPRING,0.049,2,5,15,0.003266667,31.00570784,26.42818618,16.4592,37.7187,-75.4467,11.87,32.93,8.43,13.96
NM20210401086,2021,SPRING,0.095,2,4,15,0.006333333,22.54356733,21.61487213,12.58824,37.7327,-75.4452,11.69,32.93,8.74,13.84
NM20210401087,2021,SPRING,3.417,1,3,11,0.310636364,25.23692273,8.5070256,16.06296,37.4001,-75.5844,13.1,32.75,8.98,15.72
NM20210401088,2021,SPRING,5.124,3,6,17,0.301411765,26.58607857,8.443977278,7.28472,37.5467,-75.5909,15.29,34.57,7.01,15.27
NM20210401089,2021,SPRING,1.879,2,1,3,0.626333333,56.80314333,56.80314333,14.1732,37.4057,-75.6089,12.66,32.77,9.01,16.27
NM20210401090,2021,SPRING,0.152,3,3,13,0.011692308,25.74951308,9.727330682,12.43584,37.4294,-75.6144,14.84,34.56,7.31,15.18
NM20210401091,2021,SPRING,1.313,3,4,14,0.093785714,25.11467037,17.64796386,9.20496,37.4962,-75.6103,14.9,34.49,7.4,14.92
NM20210401092,2021,SPRING,0.105,2,4,10,0.0105,30.106369,40.35391041,14.05128,37.3709,-75.5664,13.12,32.48,8.83,16.22
NM20210401093,2021,SPRING,6.672,2,4,12,0.556,24.2191525,8.855605365,18.25752,37.179,-75.6204,12.13,33.16,8.89,15.25
NM20210401094,2021,SPRING,1.423,3,3,8,0.177875,31.44780875,52.6523263,18.37944,37.2453,-75.6292,14,34.7,8.04,15.04
NM20210401095,2021,SPRING,0.268,3,3,9,0.029777778,27.19768778,13.60401869,16.67256,37.3062,-75.6428,12.48,32.88,8.97,15.95
NM20210401096,2021,SPRING,3.191,2,3,11,0.290090909,24.62597727,30.89796429,9.38784,37.0796,-75.8281,13.14,32.18,8.72,13.61
NM20210401097,2021,SPRING,1.479,2,4,15,0.0986,22.912602,19.42960403,3.6576,36.862,-75.9562,14.53,26,9,15.84
NM20210401098,2021,SPRING,5.493,2,2,8,0.686625,29.87198875,13.00617408,12.37488,36.9293,-75.8846,13.51,33.75,7,14.57
NM20210401099,2021,SPRING,0.024,1,3,17,0.001411765,22.72787706,9.610112707,11.21664,36.7429,-75.9227,12.73,32.11,8.48,13.77
NM20210401100,2021,SPRING,3.221,4,5,15,0.214733333,25.01601333,14.83056797,9.63168,37.0225,-75.8785,14.27,34.47,7.24,14.26
NM20210401101,2021,SPRING,0.729,3,4,17,0.042882353,18.57362941,15.46322536,9.20496,36.8199,-75.9496,14.9,25.97,8.17,15.59
NM20210401102,2021,SPRING,0.803,2,4,13,0.061769231,24.48939,18.7747964,18.40992,37.0444,-75.6754,12.01,33.18,8.84,15.6
NM20210401103,2021,SPRING,0.068,1,3,9,0.007555556,26.31274556,9.044104493,13.04544,37.1133,-75.7088,12.19,33.03,8.7,14.99
NM20210401104,2021,SPRING,3.242,2,3,10,0.3242,26.707063,12.24432199,17.6784,36.9388,-75.7436,12.34,32.72,9.06,16.96
NM20210401105,2021,SPRING,0.123,2,5,18,0.006833333,24.204035,22.01350947,21.4884,36.6711,-75.7633,12.82,32.91,8.59,14.87
NM20210401106,2021,SPRING,1.4,1,2,8,0.175,30.93152875,52.75689878,16.764,36.7059,-75.7923,12.75,32.56,8.7,14.43
NM20210401107,2021,SPRING,0,0,4,11,0,25.23154091,9.871375816,17.95272,36.8532,-75.8186,12.37,32.72,8.74,16.76
NM20210401108,2021,SPRING,0.097,1,3,11,0.008818182,26.13847909,9.909755717,14.50848,36.918,-75.8203,12.47,32.68,8.91,17.19
NM20210401109,2021,SPRING,0.493,3,4,15,0.032866667,23.80155133,10.33306921,14.87424,36.7438,-75.8463,12.62,32.83,8.85,14.72
NM20210401110,2021,SPRING,0.105,1,4,10,0.0105,25.436207,11.64386994,15.45336,36.7697,-75.8468,12.69,32.45,8.73,15.13
NM20210401111,2021,SPRING,0.148,1,4,12,0.012333333,25.88642583,11.27507441,13.5636,36.7679,-75.8529,12.69,32.31,8.8,14.69
NM20210401112,2021,SPRING,0.101,1,3,5,0.0202,47.227422,65.97992872,12.954,36.0933,-75.6903,14.21,32.37,8.43,14.98
NM20210401113,2021,SPRING,0,0,3,8,0,34.86606875,57.75615172,16.42872,36.1361,-75.7056,14.14,32.19,8.15,15.34
NM20210401114,2021,SPRING,0.32,2,3,13,0.024615385,28.57142692,17.50582487,17.3736,35.941,-75.5896,13.6,32.43,8.16,13.95
NM20210401115,2021,SPRING,0.089,1,3,11,0.008090909,29.49027545,31.76017615,17.28216,36.0929,-75.6666,13.42,32.45,8.64,15.14
NM20210401116,2021,SPRING,0.394,2,5,19,0.020736842,23.16760368,19.23715202,21.97608,36.2294,-75.7098,12.94,32.99,8.67,15.73
NM20210401117,2021,SPRING,1.019,2,4,18,0.056611111,23.11832389,17.68605217,18.34896,36.3106,-75.7666,12.97,32.76,8.58,15.8
NM20210401118,2021,SPRING,0.789,3,5,19,0.041526316,22.71549,22.92705787,20.63496,36.3489,-75.7539,13.02,32.85,8.65,15.44
NM20210401119,2021,SPRING,0.03,2,3,13,0.002307692,26.40244846,24.21194451,13.4112,35.823,-75.5368,14.14,32.28,8.34,15.31
NM20210401120,2021,SPRING,0,0,1,2,0,17.75,17.75,11.5824,35.3571,-75.478,19.53,34.32,7.66,19.79
NM20210401121,2021,SPRING,0,0,2,3,0,23.59841667,23.59841667,20.7264,35.5037,-75.3766,18.6,33.04,7.69,18.76
NM20210401122,2021,SPRING,0.058,1,3,10,0.0058,12.75,9.475,15.8496,35.5958,-75.4096,18.1,32.11,7.89,18.13
NM20210401123,2021,SPRING,0.7315,1,3,12,0.060958333,23.579415,19.21717022,18.288,35.6154,-75.434,17.77,31.78,7.76,16.83
NM20210401124,2021,SPRING,0.025,1,3,13,0.001923077,15.65384615,16.92307692,14.478,35.3033,-75.4837,19.44,34.36,7.68,19.77
NM20210401125,2021,SPRING,6.157,10,5,21,0.293190476,26.63373905,21.17086743,19.84248,41.3045,-71.7674,10.05,33.9,9.01,13.15
NM20210401126,2021,SPRING,11.267,8,7,37,0.304513514,24.59060568,19.51282593,20.17776,41.1165,-71.984,10.98,31.84,8.65,11.65
NM20210401127,2021,SPRING,14.911,11,8,41,0.363682927,27.19581732,21.37718888,22.95144,41.1131,-72.0235,10.79,31.8,8.75,12.16
NM20210401128,2021,SPRING,6.217,6,6,24,0.259041667,19.56434292,16.90337453,60.71616,41.239,-71.6077,9.96,33.84,8.68,12.44
NM20210401129,2021,SPRING,18.011,11,7,31,0.581,26.62844839,17.80642212,27.52344,41.2979,-71.6243,7.44,34.27,8.29,12.73
NM20210401130,2021,SPRING,42.76,5,9,46,0.929565217,26.87094913,27.83302266,38.1,41.2658,-71.7049,8.88,34.01,8.75,11.67
NM20210401131,2021,SPRING,80.659,10,8,32,2.52059375,23.41881643,23.41881643,34.62528,41.249,-71.8204,8.21,34.27,8.1,11.58
NM20210401132,2021,SPRING,14.925,7,9,42,0.355357143,26.87208477,18.90990163,24.0792,41.2341,-71.8464,8.34,34.26,8.33,11.04
NM20210401133,2021,SPRING,67.416,8,7,36,1.872666667,24.71611606,15.50883073,36.2712,41.2575,-71.8424,8.67,34.2,8.72,12.77
NM20210401134,2021,SPRING,29.897,3,6,17,1.758647059,32.23114389,24.8498232,27.49296,41.1636,-71.7684,9.4,33.16,8.35,12.02
NM20210401135,2021,SPRING,10.622,7,6,31,0.342645161,27.78917009,26.21995309,23.19528,41.3313,-71.4568,9.03,33.69,8.65,13.05
NM20210401136,2021,SPRING,4.673,6,5,22,0.212409091,31.58739998,11.84664388,31.6992,41.3274,-71.0387,8.98,34.12,9.21,12.54
NM20210401137,2021,SPRING,21.467,15,9,40,0.536675,27.76102446,23.20845335,24.32304,41.3558,-71.0263,10.21,34.15,8.8,12.43
NM20210401138,2021,SPRING,18.68,12,10,49,0.38122449,24.71797837,23.83489176,25.35936,41.3614,-71.0727,10.21,34.15,8.8,12.43
NM20210401139,2021,SPRING,16.081,9,7,40,0.402025,24.4718835,31.300502,21.67128,41.443,-71.1423,11.84,33.7,8.47,13.08
NM20210401140,2021,SPRING,8.652,8,9,38,0.227684211,26.82530481,28.10100959,32.12592,41.2783,-71.4261,7.13,34.15,8.09,14
NM20210401141,2021,SPRING,9.26,13,7,29,0.319310345,33.25340988,20.61399019,30.7848,41.3351,-70.9391,8.64,33.77,9.37,12.81
NM20210401142,2021,SPRING,18.785,12,6,33,0.569242424,32.68437191,14.62861892,37.73424,41.291,-70.9587,7.4,34.26,8.36,13.19
NM20210401143,2021,SPRING,1.107,4,7,18,0.0615,29.58865222,24.28840261,30.05328,41.3366,-71.2918,7.88,33.82,8.24,14.1
NM20210401144,2021,SPRING,24.371,10,9,23,1.059608696,34.21988339,27.91735585,28.92552,41.3678,-71.2484,9.61,33.57,8.87,14.06
NM20210401145,2021,SPRING,5.905,6,7,29,0.20362069,27.34078321,28.59614658,38.61816,41.2046,-71.5242,8.13,34.19,8.71,11.52
NM20210401146,2021,SPRING,2.935,5,7,34,0.086323529,25.89931316,20.53803489,34.16808,41.3296,-71.3994,7.67,33.94,8.28,13.77
NM20210401147,2021,SPRING,41.606,6,8,26,1.600230769,27.16880398,20.86633447,36.36264,41.3028,-71.4031,8.02,33.78,9.14,12.91
NM20210401148,2021,SPRING,19.651,7,6,24,0.818791667,26.70579583,27.92058398,39.34968,41.2476,-71.4627,6.97,34.13,8.52,12.53
NM20210401149,2021,SPRING,6.543,14,7,23,0.284478261,34.56396963,32.44763055,30.7848,41.1488,-71.5206,7.82,34.25,9.31,12.43
NM20210401150,2021,SPRING,40.272,9,6,31,1.299096774,27.56369742,27.11305138,36.48456,41.2269,-71.5002,7.12,34.53,8.95,12.4
NM20210901001,2021,FALL,5.004,6,5,22,0.227454545,23.35581727,11.93613036,22.5552,41.0484,-71.8604,19.53,33.16,6.79,20.14
NM20210901002,2021,FALL,6.485,6,6,19,0.341315789,28.74473038,20.10228876,16.4592,41.0193,-71.9332,19.49,33.26,6.69,20.38
NM20210901003,2021,FALL,16.2865,8,9,26,0.626403846,32.16548428,21.160051,11.2776,40.9466,-72.1647,20.18,32.65,6.88,20.55
NM20210901004,2021,FALL,1.183,2,6,20,0.05915,30.2217065,31.04544051,10.9728,40.9101,-72.262,19.29,32.77,7.1,19.25
NM20210901005,2021,FALL,51.98,7,4,18,2.887777778,32.94652342,8.614185901,16.4592,40.9499,-72.1183,19.48,33.29,7.13,20.57
NM20210901006,2021,FALL,4.808,3,9,19,0.253052632,32.8292962,26.28389646,12.4968,40.8602,-72.3857,19.37,33.04,7.34,19.26
NM20210901007,2021,FALL,7.167,8,7,21,0.341285714,36.97382704,8.184649576,15.5448,40.9657,-72.0863,19.75,32.87,6.41,20.41
NM20210901008,2021,FALL,0.002,1,7,19,0.000105263,32.3809323,33.0731651,10.9728,40.6845,-72.978,19.59,32.78,7.77,19.85
NM20210901009,2021,FALL,0.101,3,7,18,0.005611111,31.93599321,30.14421369,10.668,40.6424,-73.1198,19.68,32.83,7.56,19.84
NM20210901010,2021,FALL,1.21,2,9,26,0.046538462,29.56163219,27.61357259,14.3256,40.7847,-72.6374,19.69,32.81,7.27,19.74
NM20210901011,2021,FALL,8.563,7,8,25,0.34252,29.75401285,31.07362498,21.0312,40.6287,-73.1053,19.7,32.84,7.7,20.1
NM20210901012,2021,FALL,0.138,2,6,22,0.006272727,26.64772727,31.76132545,18.1356,40.6377,-73.0453,19.72,33,7.63,19.88
NM20210901013,2021,FALL,0.87,4,6,22,0.039545455,29.01116201,32.96613491,11.5824,40.6141,-73.257,19.61,32.74,7.45,19.61
NM20210901014,2021,FALL,6.798,7,6,17,0.399882353,35.59386081,28.06900654,13.716,40.5529,-73.6289,19.99,33.03,7.18,20.1
NM20210901015,2021,FALL,5.914,9,8,26,0.227461538,31.59901528,27.83476438,17.3736,40.5729,-73.406,19.82,33.04,6.68,19.86
NM20210901016,2021,FALL,4.079,8,8,23,0.177347826,32.3400717,25.94596328,18.8976,40.5299,-73.4812,19.87,33.16,7.26,20.16
NM20210901017,2021,FALL,10.468,7,7,23,0.455130435,32.86509423,27.73487241,14.3256,40.5662,-73.4822,19.86,33.17,7.14,19.99
NM20210901018,2021,FALL,25.393,5,8,24,1.058041667,35.21746442,22.4518465,10.91184,40.4382,-73.9521,20.12,33.23,6.01,19.92
NM20210901019,2021,FALL,11.248,9,8,24,0.468666667,37.87359437,21.96240694,12.192,40.5668,-73.7919,20.21,33.02,7.57,20.32
NM20210901020,2021,FALL,3.916,7,8,25,0.15664,35.22795252,39.40987525,20.7264,40.5303,-73.7573,20.2,33.02,7.24,20.31
NM20210901021,2021,FALL,5.032,10,8,34,0.148,26.82791675,24.45180015,19.5072,40.4189,-73.9442,20.2,32.95,6.22,20.04
NM20210901022,2021,FALL,5.019,7,6,22,0.228136364,40.92345293,16.44464989,19.6596,40.2476,-73.9589,20.41,32.88,6.43,20.52
NM20210901023,2021,FALL,5.064,10,9,31,0.163354839,30.2047038,16.97227403,16.12392,40.1543,-74.006,20.45,32.98,5.7,20.59
NM20210901024,2021,FALL,0.419,1,9,29,0.014448276,25.39630699,22.45280792,13.5636,39.7721,-74.0652,20.47,33.1,6.02,20.55
NM20210901025,2021,FALL,5.512,3,7,18,0.306222222,30.96659174,14.18039632,23.3172,40.0454,-74.0205,20.39,32.9,6.5,20.51
NM20210901026,2021,FALL,12.266,7,9,42,0.292047619,26.96559401,21.48113712,20.2692,39.9042,-74.0476,20.36,32.81,6.14,20.83
NM20210901027,2021,FALL,4.715,2,6,14,0.336785714,31.93976099,37.12866084,16.85544,39.657,-74.0702,20.43,33.59,6.76,20.36
NM20210901028,2021,FALL,9.071,8,7,27,0.335962963,27.14697212,24.78752703,13.2588,39.4494,-74.2652,20.55,32.87,6.91,20.81
NM20210901029,2021,FALL,10.173,7,8,34,0.299205882,28.1262917,28.18430487,13.62456,39.4282,-74.2787,20.72,32.28,6.94,20.78
NM20210901030,2021,FALL,11.534,7,9,35,0.329542857,26.68579521,26.21660112,12.37488,39.3572,-74.3371,20.6,33.22,6.86,20.08
NM20210901031,2021,FALL,3.441,7,7,20,0.17205,33.04189034,21.32125813,10.60704,39.1935,-74.6131,20.5,33.28,7.11,20.28
NM20210901032,2021,FALL,0.381,4,6,15,0.0254,41.36268123,41.48031318,20.574,39.497,-74.1061,20.39,33.62,7.01,20.48
NM20210901033,2021,FALL,3.978,2,6,19,0.209368421,27.47951222,17.89841608,17.80032,39.5425,-74.1166,20.46,33.59,6.8,20.47
NM20210901034,2021,FALL,2.85,3,6,10,0.285,40.08472243,41.12289082,16.3068,39.6434,-74.1206,20.38,33.57,6.31,20.56
NM20210901035,2021,FALL,17.078,5,6,20,0.8539,27.72771342,20.15593615,19.62912,39.4996,-74.1484,20.48,33.55,6.68,20.55
NM20210901036,2021,FALL,1.664,4,6,14,0.118857143,31.64787912,9.951533792,17.80032,39.319,-74.2785,20.58,33.5,7.13,20.34
NM20210901037,2021,FALL,3.55,4,5,16,0.221875,31.35279626,21.46612917,16.55064,39.1943,-74.5768,20.69,33.37,7.02,20.3
NM20210901038,2021,FALL,0.038,1,5,8,0.00475,25.08669875,25.08669875,10.668,38.9289,-74.6426,20.54,32.86,7.06,20.52
NM20210901039,2021,FALL,0.588,3,4,12,0.049,29.85187583,15.03340919,10.0584,39.0671,-74.7179,20.5,31.91,6.85,20.52
NM20210901040,2021,FALL,13.375,5,4,19,0.703947368,33.92819498,15.53096934,17.46504,38.9851,-74.5164,20.13,33.64,7.33,19.96
NM20210901041,2021,FALL,1.385,5,6,12,0.115416667,23.39536833,20.80849529,17.40408,39.1628,-74.5549,20.63,33.3,7.38,20.27
NM20210901042,2021,FALL,0,0,1,3,0,59.53143667,59.53143667,15.20952,39.1188,-74.6046,19.89,32.3,7.16,19.83
NM20210901043,2021,FALL,1.634,4,7,20,0.0817,36.56882469,27.31180446,13.38072,39.1571,-74.623,20.64,33.15,7.03,20.24
NM20210901044,2021,FALL,2.222,5,6,18,0.123444444,25.42727749,24.69480928,15.8496,38.9963,-74.6712,20.64,33,7.02,20.41
NM20210901045,2021,FALL,1.127,3,3,6,0.187833333,28.10828333,28.10828333,12.28344,39.005,-74.7012,19.9,32.4,7.37,19.89
NM20210901046,2021,FALL,19.172,5,8,21,0.912952381,28.50769713,18.80735494,12.67968,38.9922,-74.7701,19.13,32.23,7.43,18.93
NM20210901047,2021,FALL,4.258,5,4,9,0.473111111,32.92517222,29.01727459,13.07592,38.644,-75.0332,19.53,31.41,6.89,19.79
NM20210901048,2021,FALL,5.097,5,7,18,0.283166667,29.86935364,23.36928857,10.94232,38.8705,-74.8598,19.47,31.17,7.18,19.48
NM20210901049,2021,FALL,3.43,3,6,17,0.201764706,23.83464882,38.16414738,13.99032,38.7091,-75.0187,19.71,30.99,6.89,19.54
NM20210901050,2021,FALL,11.584,2,4,10,1.1584,31.52994,15.59145422,9.93648,38.7508,-75.0499,19.56,30.32,7.15,19.33
NM20210901051,2021,FALL,0.09,1,5,14,0.006428571,30.38211823,23.55960213,18.40992,38.7245,-74.7278,19.88,32.9,7.21,19.69
NM20210901052,2021,FALL,4.944,5,6,20,0.2472,30.21938043,14.76939774,21.21408,38.8074,-74.7516,19.78,33.03,6.97,19.66
NM20210901053,2021,FALL,14.556,9,6,30,0.4852,25.71646388,21.06951432,17.43456,38.8432,-74.7951,19.63,32.29,7.08,19.56
NM20210901054,2021,FALL,0.486,3,4,9,0.054,29.68279286,34.25486908,17.70888,38.4553,-74.8951,19.83,33.75,6.8,19.94
NM20210901055,2021,FALL,0.314,3,3,9,0.034888889,27.45755444,31.43590333,12.0396,38.4716,-74.9016,19.85,33.51,6.86,19.25
NM20210901056,2021,FALL,19.335,5,7,18,1.074166667,29.79128227,21.40830031,16.764,38.7527,-74.9184,20.03,32.72,6.7,19.84
NM20210901057,2021,FALL,2.372,5,7,21,0.112952381,29.21716125,16.20387682,13.19784,38.8157,-74.9017,19.91,31.7,6.88,19.87
NM20210901058,2021,FALL,1.572,3,5,20,0.0786,29.30286814,25.56606901,18.95856,38.6454,-74.9751,19.95,31.87,7.1,19.99
NM20210901059,2021,FALL,5.538,4,4,25,0.22152,25.24841821,15.54296569,28.8036,38.5554,-74.811,19.87,34.22,6.64,19.56
NM20210901060,2021,FALL,1.763,5,5,27,0.065296296,25.85503016,17.38494086,27.98064,38.5973,-74.831,19.89,34.28,6.64,19.65
NM20210901061,2021,FALL,9.507,6,8,31,0.306677419,25.2764463,20.39223472,29.80944,38.721,-74.8998,19.93,33.36,6.66,19.93
NM20210901062,2021,FALL,2.611,3,6,20,0.13055,31.38914627,25.92690514,22.7076,38.6611,-74.9067,20.14,32.45,6.94,19.81
NM20210901063,2021,FALL,11.633,7,9,37,0.314405405,25.27818271,24.37690455,35.99688,38.7801,-74.9621,20.36,33.28,6.37,19.42
NM20210901064,2021,FALL,2.043,4,4,15,0.1362,24.19711933,18.3254096,12.86256,38.0608,-75.2053,19.76,31.9,6.42,19.99
NM20210901065,2021,FALL,0.303,4,2,8,0.037875,29.01975875,20.2584771,11.03376,38.0551,-75.149,19.91,32.22,6.99,19.81
NM20210901066,2021,FALL,4.757,4,4,12,0.396416667,30.64950577,21.75759955,28.40736,38.2978,-74.8418,19.89,33.46,6.61,19.99
NM20210901067,2021,FALL,1.662,3,3,9,0.184666667,35.35419968,14.05821188,25.146,38.3273,-74.8268,19.74,33.88,6.83,19.96
NM20210901068,2021,FALL,0.045,1,2,4,0.01125,44.1900175,50.18746934,18.19656,38.3923,-74.8314,19.78,33.93,6.66,19.92
NM20210901069,2021,FALL,0,0,3,5,0,35.875694,35.875694,21.57984,38.1507,-75.0003,19.9,33.64,6.69,20.14
NM20210901070,2021,FALL,1.896,2,4,13,0.145846154,25.78712154,21.8458145,16.6116,38.1489,-75.0263,19.97,33.2,6.75,20.25
NM20210901071,2021,FALL,1.294,4,3,13,0.099538462,26.56119923,19.24712946,20.29968,38.1158,-75.0835,19.97,32.51,6.7,19.83
NM20210901072,2021,FALL,0.595,2,3,13,0.045769231,28.29981462,18.8106296,19.69008,38.1548,-75.0792,19.98,32.98,6.82,20.05
NM20210901073,2021,FALL,0,0,3,12,0,27.58762583,19.96501049,13.62456,38.2643,-75.0988,19.96,32.94,6.44,19.73
NM20210901074,2021,FALL,3.975,3,5,13,0.305769231,21.28647769,18.07834495,10.88136,37.7702,-75.5108,16.87,31.91,7.31,17.19
NM20210901075,2021,FALL,2.918,4,3,13,0.224461538,28.46332846,18.59535096,16.55064,37.8553,-75.2795,17.53,32.73,7.27,17.5
NM20210901076,2021,FALL,2.18,4,4,14,0.155714286,27.16618214,18.78428681,11.5824,37.8305,-75.3015,17.6,32.74,7.12,17.52
NM20210901077,2021,FALL,1.003,2,5,16,0.0626875,29.91010983,18.56464744,13.50264,37.7814,-75.4727,17.34,32.29,6.58,17.28
NM20210901078,2021,FALL,1.864,2,4,15,0.124266667,25.900762,17.42477081,9.84504,37.8212,-75.4697,17.35,32.28,6.8,17.31
NM20210901079,2021,FALL,0.853,3,4,11,0.077545455,26.76018818,42.8181646,16.52016,38.0147,-74.9921,19.88,33.35,6.5,20.03
NM20210901080,2021,FALL,0.587,2,4,12,0.048916667,27.4809925,25.35066164,17.09928,37.9252,-75.1507,19.97,32.33,7.04,20.36
NM20210901081,2021,FALL,1.711,5,5,15,0.114066667,24.840714,20.56225468,16.48968,37.9994,-75.1894,20.03,32.55,6.81,20.23
NM20210901082,2021,FALL,0.458,3,4,19,0.024105263,24.83297632,20.58316116,21.06168,37.8805,-75.2025,20.02,32.36,7.02,20.17
NM20210901083,2021,FALL,1.057,1,3,6,0.176166667,34.25127,34.25127,19.62912,37.6695,-75.3287,18.07,32.9,7.14,18.06
NM20210901084,2021,FALL,1.141,2,5,19,0.060052632,25.29194474,21.07031162,18.01368,37.6772,-75.3302,18.08,32.94,7.09,18.06
NM20210901085,2021,FALL,1.685,5,4,14,0.120357143,26.09390786,17.14285993,16.39824,37.6926,-75.41,17.63,32.44,7.44,17.58
NM20210901086,2021,FALL,1.608,2,3,13,0.123692308,28.38003,17.27036334,17.526,37.7058,-75.4535,17.57,32.16,7.26,17.51
NM20210901087,2021,FALL,0.704,4,4,14,0.050285714,28.25589071,22.5180837,15.88008,37.5479,-75.5139,17.52,32.4,7.45,17.42
NM20210901088,2021,FALL,1.12,3,4,14,0.08,29.52417071,22.36649363,10.668,37.3773,-75.576,17.6,32.37,7.54,17.54
NM20210901089,2021,FALL,0.292,2,3,11,0.026545455,30.16497364,19.75496818,12.89304,37.3959,-75.6039,17.42,32.34,7.55,17.37
NM20210901090,2021,FALL,0,0,3,9,0,30.13687,15.92137841,11.24712,37.4091,-75.6293,14.6,32.76,7.95,14.95
NM20210901091,2021,FALL,0.199,1,4,14,0.014214286,22.75646429,19.81212898,10.3632,37.221,-75.743,18.16,32.38,7.57,18.14
NM20210901092,2021,FALL,3.554,5,5,15,0.236933333,26.07847933,21.35633865,19.11096,37.4421,-75.5399,17.85,32.55,7.36,17.74
NM20210901093,2021,FALL,2.409,2,3,13,0.185307692,28.42213462,21.08617942,17.76984,37.3084,-75.5635,16.21,33.58,7.7,15.46
NM20210901094,2021,FALL,4.372,1,5,16,0.27325,25.14022938,17.28882915,14.69136,37.3239,-75.6313,15.5,33.1,7.73,15.12
NM20210901095,2021,FALL,0.225,2,2,8,0.028125,35.95611875,21.89832623,13.31976,37.2698,-75.677,15.42,32.74,7.98,15.81
NM20210901096,2021,FALL,49.482,3,5,21,2.356285714,28.62126381,14.23237159,7.86384,36.5948,-75.8636,12.05,29.32,9.15,11.97
NM20210901097,2021,FALL,0.872,4,6,18,0.048444444,21.13975833,20.32652207,10.54608,37.0513,-75.8181,18.69,32.56,7.77,18.37
NM20210901098,2021,FALL,0.214,2,3,9,0.023777778,33.17188333,18.78675452,12.07008,37.0189,-75.8412,20.67,32.03,6.69,20.36
NM20210901099,2021,FALL,0.054,1,3,5,0.0108,21.2,21.2,8.86968,37.0267,-75.8808,20.45,31.04,7.21,20.36
NM20210901100,2021,FALL,2.866,1,6,20,0.1433,21.5007995,16.88585609,10.5156,36.9766,-75.9425,18.68,30.02,7.27,18.43
NM20210901101,2021,FALL,5.799,2,3,13,0.446076923,29.45001769,25.87242169,11.79576,36.9763,-75.9794,20.65,30.17,6.91,20.31
NM20210901102,2021,FALL,0.75,1,3,11,0.068181818,13.59090909,12.94583333,18.34896,37.0716,-75.6287,20.3,33.25,6.85,20.26
NM20210901103,2021,FALL,0.152,1,4,7,0.021714286,39.10454714,57.72656348,13.716,36.6062,-75.6928,13.26,31.83,8.91,12.93
NM20210901104,2021,FALL,0.174,2,4,10,0.0174,27.016535,14.63049789,16.12392,36.92,-75.6804,20.68,32.54,6.97,20.42
NM20210901105,2021,FALL,0.495,4,4,16,0.0309375,26.18627938,22.34728341,15.72768,37.1334,-75.7002,20.33,32.2,7.1,20.27
NM20210901106,2021,FALL,1.158,5,7,19,0.060947368,21.61251895,16.70679609,18.37944,37.0297,-75.7046,20.48,32.55,7.14,20.4
NM20210901107,2021,FALL,0.325,2,6,17,0.019117647,24.38558706,20.4946731,13.95984,37.169,-75.7216,20.3,32.15,6.93,20.27
NM20210901108,2021,FALL,0,0,6,11,0,26.52934,24.10681889,16.06296,36.9965,-75.7461,20.61,32.28,6.9,20.49
NM20210901109,2021,FALL,0.97,5,7,26,0.037307692,21.45686423,18.29090489,16.64208,36.9552,-75.7633,20.61,32.33,6.89,20.55
NM20210901110,2021,FALL,0.981,4,5,20,0.04905,23.9669195,18.51248298,17.49552,36.8173,-75.8492,15.76,32.55,7.83,14.88
NM20210901111,2021,FALL,0.875,3,6,24,0.036458333,21.69241625,18.74303464,17.70888,36.8572,-75.8251,21.02,32.3,7.12,20.61
NM20210901112,2021,FALL,0,0,4,15,0,22.24853467,15.22011236,10.94232,36.1456,-75.722,16.4,32.96,7.44,16.14
NM20210901113,2021,FALL,0,0,4,15,0,24.838042,18.287116,11.15568,36.5435,-75.83,12.16,29.66,9.2,12.14
NM20210901114,2021,FALL,0.272,1,5,12,0.022666667,28.77326583,19.58330911,21.06168,36.4307,-75.7045,13.41,31.67,8.65,13.38
NM20210901115,2021,FALL,1.486,3,5,15,0.099066667,26.066154,19.45591764,22.58568,35.9283,-75.5159,16.9,33.13,7.85,15.73
NM20210901116,2021,FALL,0.857,2,4,16,0.0535625,26.23693938,18.03002401,17.73936,35.9015,-75.5729,16.43,32.89,7.55,15.83
NM20210901117,2021,FALL,0.325,2,6,19,0.017105263,23.41067737,18.22715793,19.87296,36.2437,-75.7216,16.27,32.87,7.46,16.28
NM20210901118,2021,FALL,0,0,3,12,0,28.19091917,44.2482169,16.764,36.4453,-75.7843,13,31.46,8.87,12.89
NM20210901119,2021,FALL,0.218,1,5,19,0.011473684,23.08453421,16.10276831,13.62456,35.7365,-75.4858,16.22,32.18,8.53,16.46
NM20210901120,2021,FALL,0.11,3,3,13,0.008461538,27.03604846,18.06570605,16.55064,35.5538,-75.4375,16.79,32.49,7.08,17.13
NM20210901121,2021,FALL,1.88,4,2,15,0.125333333,20.13333333,13.2617801,15.78864,35.1702,-75.3903,20.92,34.22,7.15,20.92
NM20210901122,2021,FALL,0.044,1,3,13,0.003384615,19,17.97881336,16.55064,35.4031,-75.4448,18.33,33.37,7.25,17.35
NM20210901123,2021,FALL,0.09,1,5,16,0.005625,25.81469438,17.85435184,16.002,35.3049,-75.4716,21.03,34.45,7.04,16.9
NM20210901124,2021,FALL,0.181,1,4,14,0.012928571,25.49099357,16.46883236,15.72768,35.4288,-75.454,17.39,32.33,7.18,16.7
NM20210901125,2021,FALL,0.45,3,2,16,0.028125,14.4375,13.278401,28.0416,41.0772,-71.9719,20.11,31.98,6.91,20.09
NM20210901126,2021,FALL,8.14,5,6,30,0.271333333,26.24120462,22.22013069,34.4424,41.1511,-71.6983,19.54,33.12,7.02,19.88
NM20210901127,2021,FALL,0.577,4,6,25,0.02308,24.76308253,9.311669071,22.86,41.1281,-72.041,20.02,32.05,6.88,20.08
NM20210901128,2021,FALL,8.493,4,7,23,0.36926087,27.01808529,8.283517352,32.3088,41.2257,-71.6274,19.4,33.6,7.18,20.1
NM20210901129,2021,FALL,0.495,3,6,30,0.0165,21.98362367,13.03751046,37.6428,41.2911,-71.6752,18.72,34.25,6.04,19.83
NM20210901130,2021,FALL,9.11,8,7,35,0.260285714,27.41445606,8.940283413,40.2336,41.2725,-71.7324,18.36,34.45,4.98,19.99
NM20210901131,2021,FALL,1507.399,7,7,27,55.82959259,25.4709166,10.49994848,34.7472,41.2378,-71.7558,19.23,33.58,5.9,20.04
NM20210901132,2021,FALL,32.966,8,7,29,1.136758621,27.36460101,10.54953477,32.24784,41.2918,-71.8471,19.81,33.23,7.35,19.86
NM20210901133,2021,FALL,8.192,9,7,32,0.256,26.25806333,14.92463409,35.6616,41.1904,-71.8699,19.73,32.67,6.64,20.17
NM20210901134,2021,FALL,0.572,5,6,22,0.026,26.46452381,8.603458918,40.32504,41.2272,-71.967,19.41,33.79,6.49,19.86
NM20210901135,2021,FALL,2.518,4,4,19,0.132526316,25.9516617,20.25836987,20.05584,41.4036,-71.0337,19.11,33.36,6.92,19.34
NM20210901136,2021,FALL,18.104,7,6,34,0.532470588,25.00338097,13.77450132,22.52472,41.3936,-71.1396,19.26,33.93,6.37,19.24
NM20210901137,2021,FALL,7.223,4,5,20,0.36115,29.36803424,27.7924308,23.22576,41.3841,-71.4505,19.32,33.14,7.46,19.58
NM20210901138,2021,FALL,7.845,5,5,25,0.3138,25.74976019,6.520913338,35.72256,41.2975,-71.4006,18.75,34.71,5.16,19.49
NM20210901139,2021,FALL,2.334,6,5,23,0.101478261,20.86720435,8.62368443,36.08832,41.2762,-71.4409,18.94,34.84,6,19.42
NM20210901140,2021,FALL,5.573,8,5,29,0.192172414,26.78283793,20.23263498,26.2128,41.3572,-71.446,19.32,33.32,7.24,19.76
NM20210901141,2021,FALL,2.53,9,7,35,0.072285714,26.95679382,13.45466729,46.3296,41.2658,-71.5334,19.22,33.56,6.45,19.48
NM20210901142,2021,FALL,1.898,5,6,24,0.079083333,24.90676693,8.929751029,35.5092,41.3172,-70.9083,18.35,33.65,7.16,18.64
NM20210901143,2021,FALL,0.494,2,6,26,0.019,27.71814908,10.42610747,33.74136,41.3204,-70.9392,18.15,33.92,6.54,18.73
NM20210901144,2021,FALL,6.077,6,7,34,0.178735294,23.79396351,10.04943563,31.76016,41.3253,-70.9647,18.14,33.71,5.66,18.71
NM20210901145,2021,FALL,7.487,6,8,30,0.249566667,25.41431215,9.96664374,31.5468,41.36,-71.1485,19.11,34.19,4.6,19.41
NM20210901146,2021,FALL,6.914,10,6,44,0.157136364,25.12593409,7.975955692,37.67328,41.24,-71.448,18.63,34.65,6.27,19.49
NM20210901147,2021,FALL,4.741,6,6,40,0.118525,24.7275075,9.188035224,37.85616,41.2234,-71.4814,18.67,34.43,7.47,19.37
NM20210901148,2021,FALL,1.401,3,8,24,0.058375,28.91007978,7.202059979,34.25952,41.3546,-71.4138,19.17,33.82,6.52,19.38
NM20210901149,2021,FALL,1.641,3,4,17,0.096529412,19.35294118,8.05362607,40.96512,41.2685,-71.447,18.99,34.77,5.54,19.49
NM20210901150,2021,FALL,14.213,10,5,28,0.507607143,24.7662569,10.11518992,43.70832,41.2961,-71.5514,18.62,34.81,5.9,19.31
NM20220401001,2022,SPRING,0.639,2,6,19,0.033631579,31.23361526,12.43351963,23.95728,41.0494,-71.8601,11.43,31.15,8.95,12.64
NM20220401002,2022,SPRING,0.94,5,7,23,0.040869565,29.3357287,10.02446328,17.9832,41.016,-71.9461,11.55,31.19,8.96,12.24
NM20220401003,2022,SPRING,4.631,4,8,30,0.154366667,27.113287,27.77017149,11.43,40.8449,-72.4369,11.4,31.85,8.88,12.16
NM20220401004,2022,SPRING,3.159,10,6,19,0.166263158,29.89213316,27.50478141,11.76528,40.9793,-72.0695,11.08,31.43,8.86,12.35
NM20220401005,2022,SPRING,4.458,3,6,18,0.247666667,37.73592245,10.51216461,18.77568,40.9499,-72.1047,10.83,31.61,9.03,12.4
NM20220401006,2022,SPRING,2.689,5,5,24,0.112041667,19.9813725,10.8894585,16.002,40.8617,-72.3674,9.76,32.15,9.09,12.5
NM20220401007,2022,SPRING,44.717,6,6,16,2.7948125,36.9381725,13.04402185,16.1544,40.9427,-72.1447,10.83,31.62,9.04,12.2
NM20220401008,2022,SPRING,0.352,1,7,18,0.019555556,34.42369909,43.16354469,10.72896,40.7142,-72.8957,9.98,31.73,9.12,11.35
NM20220401009,2022,SPRING,3.815,8,6,21,0.181666667,38.24816379,41.10577676,10.39368,40.666,-73.0331,10.71,31.87,8.83,11.03
NM20220401010,2022,SPRING,6.867,5,8,19,0.361421053,34.97363465,30.67503535,13.95984,40.637,-73.1303,10.72,31.93,8.81,11.43
NM20220401011,2022,SPRING,0.097,5,8,23,0.004217391,25.6563513,28.20019451,15.20952,40.8055,-72.5473,10.2,31.89,8.92,11.72
NM20220401012,2022,SPRING,1.98,2,9,26,0.076153846,33.03190898,23.16566824,15.60576,40.6207,-73.1931,10.89,31.9,8.37,11.79
NM20220401013,2022,SPRING,12.531,5,6,16,0.7831875,36.77343313,35.32486838,12.43584,40.5904,-73.443,11.91,31.54,8.14,12.07
NM20220401014,2022,SPRING,1.415,4,9,25,0.0566,36.46341784,43.33891953,11.18616,40.6026,-73.4023,11.97,31.46,7.96,12.08
NM20220401015,2022,SPRING,0.538,3,9,30,0.017933333,32.40021852,19.69264856,14.72184,40.6138,-73.229,10.67,32.1,9.09,12.04
NM20220401016,2022,SPRING,2.94,4,8,28,0.105,26.85615129,11.47853939,16.55064,40.5663,-73.4179,10.81,32.13,8.75,12.54
NM20220401017,2022,SPRING,10.046,10,9,26,0.386384615,29.53400733,11.69767553,21.12264,40.5642,-73.3696,10.65,31.94,8.99,12.84
NM20220401018,2022,SPRING,14.547,7,7,20,0.72735,39.72805618,13.72467752,13.5636,40.5586,-73.7939,10.33,32.24,8,12.75
NM20220401019,2022,SPRING,2.095,6,8,33,0.063484848,30.16721632,10.02508837,13.50264,40.5051,-73.8851,10.71,31.94,8.74,12.84
NM20220401020,2022,SPRING,10.884,7,8,33,0.329818182,27.46453791,16.42215216,18.98904,40.5434,-73.7331,9.97,32.43,8.37,12.95
NM20220401021,2022,SPRING,22.231,9,9,28,0.793964286,26.42311665,32.47378646,15.88008,40.4048,-73.9454,10.04,32.11,8.47,13.73
NM20220401022,2022,SPRING,17.2,4,10,36,0.477777778,27.90174428,16.11340222,14.6304,40.4396,-73.9404,10.03,32.18,8.55,13.34
NM20220401023,2022,SPRING,21.967,6,5,12,1.830583333,44.69495083,46.91981615,12.07008,39.7791,-74.077,10.66,32.2,8.55,11.07
NM20220401024,2022,SPRING,41.65,7,7,22,1.893181818,30.47104955,43.31512996,14.29512,39.7287,-74.0936,10.61,32.23,8.41,13.05
NM20220401025,2022,SPRING,4.308,9,6,20,0.2154,31.636558,32.3082779,19.56816,40.1706,-73.9435,9.58,32.39,8.04,13.6
NM20220401026,2022,SPRING,6.121,11,10,25,0.24484,32.89791167,35.44474187,19.812,39.8933,-74.0581,10.27,32.21,8.61,11
NM20220401027,2022,SPRING,12.097,9,6,16,0.7560625,33.80468313,7.682579716,17.61744,39.6679,-74.1185,10.19,32.6,8.83,11.34
NM20220401028,2022,SPRING,21.585,8,7,19,1.136052632,33.00588053,42.18397567,14.69136,39.3579,-74.3461,10.29,32.48,8.81,12.41
NM20220401029,2022,SPRING,4.478,5,6,15,0.298533333,38.87818819,45.77952302,10.72896,39.255,-74.5642,11.71,30.63,7.89,13.08
NM20220401030,2022,SPRING,27.411,5,6,20,1.37055,31.6559505,33.19581998,13.2588,39.3086,-74.4277,10.37,32.34,8.39,13.18
NM20220401031,2022,SPRING,27.471,7,7,14,1.962214286,43.27334651,45.18641247,12.25296,39.3052,-74.4587,10.24,32.64,9.04,12.14
NM20220401032,2022,SPRING,4.887,6,5,15,0.3258,36.16188362,26.97208415,20.05584,39.5783,-74.1131,9.53,33.11,8.77,12.2
NM20220401033,2022,SPRING,4.755,7,4,13,0.365769231,33.17537462,10.09865747,18.56232,39.545,-74.152,10.08,32.67,8.91,12.12
NM20220401034,2022,SPRING,3.019,9,7,13,0.232230769,29.97909797,17.53736483,18.98904,39.5199,-74.184,10.1,32.61,9.41,12.77
NM20220401035,2022,SPRING,5.092,2,5,11,0.462909091,19.60527909,8.755165443,19.69008,39.3815,-74.2287,10.21,32.61,8.88,12.92
NM20220401036,2022,SPRING,28.565,6,5,19,1.503421053,34.00540053,36.3977046,14.41704,39.3722,-74.3168,10.22,32.64,9.01,12.56
NM20220401037,2022,SPRING,5.652,11,7,18,0.314,32.19773209,19.9529985,18.22704,39.2188,-74.5077,9.96,32.95,8.84,11.92
NM20220401038,2022,SPRING,0.862,4,5,13,0.066307692,34.37342894,8.996185474,16.48968,38.8884,-74.6291,10.56,32.51,8.15,11.35
NM20220401039,2022,SPRING,7.423,7,9,26,0.2855,31.88852955,24.13818581,13.83792,38.9286,-74.821,11.01,31.15,8.28,12.83
NM20220401040,2022,SPRING,0.201,2,7,14,0.014357143,32.56496823,9.817186118,22.46376,39.1578,-74.5214,10.18,32.99,8.97,13.37
NM20220401041,2022,SPRING,0.954,3,6,16,0.059625,21.12478708,15.40150619,20.75688,39.0555,-74.5261,10.25,33.09,8.91,13.4
NM20220401042,2022,SPRING,2.616,7,5,14,0.186857143,38.69482906,11.92525459,13.22832,39.119,-74.5338,10.23,33.27,8.56,13.55
NM20220401043,2022,SPRING,7.639,8,8,24,0.318291667,33.83570168,18.45618287,16.36776,38.9545,-74.5933,10.71,32.25,8.49,12.29
NM20220401044,2022,SPRING,3.172,4,8,23,0.137913043,33.80482749,23.37181168,11.79576,39.1209,-74.6028,11.27,30.2,7.99,12.73
NM20220401045,2022,SPRING,1.59,5,8,17,0.093529412,34.97914601,39.7531734,14.50848,38.9189,-74.7045,11.03,32.32,8.62,12.21
NM20220401046,2022,SPRING,14.755,8,6,16,0.9221875,40.0503412,35.8498891,13.95984,38.9527,-74.7472,10.85,32.1,8.6,12.83
NM20220401047,2022,SPRING,1.7306,5,5,15,0.115373333,38.77144333,45.16154868,8.2296,38.8555,-74.9391,12.36,31.91,7.92,12.9
NM20220401048,2022,SPRING,6.493,6,7,23,0.282304348,33.20680412,23.43581331,13.1064,38.5391,-75.0107,12,30.27,9.17,13.29
NM20220401049,2022,SPRING,10.562,7,8,25,0.42248,32.56502433,25.10150304,14.05128,38.6312,-75.0369,11.76,29.06,8.9,14.35
NM20220401050,2022,SPRING,17.229,6,6,21,0.820428571,31.84667667,52.11624685,14.08176,38.7285,-75.0611,11.66,29.44,7.58,12.39
NM20220401051,2022,SPRING,2.355,3,5,14,0.168214286,39.47818357,25.08011657,8.5344,38.7051,-74.7466,11.59,32.18,8.74,12.4
NM20220401052,2022,SPRING,0.866,3,6,18,0.048111111,43.19017022,9.14962734,10.3632,38.844,-74.8123,12.02,32.04,8.77,12.61
NM20220401053,2022,SPRING,10.965,4,5,15,0.731,39.36245667,9.200361848,16.1544,38.7084,-74.8443,11.78,31.97,8.75,12.67
NM20220401054,2022,SPRING,9.681,4,5,15,0.6454,43.73426832,8.575352285,11.5824,38.8043,-74.8534,12.04,32.1,8.43,12.89
NM20220401055,2022,SPRING,2.479,4,6,12,0.206583333,51.82999839,62.36820101,5.1816,38.8447,-74.8547,12.21,31.95,7.83,12.26
NM20220401056,2022,SPRING,6.16,7,5,13,0.473846154,45.96765712,51.90440264,16.3068,38.5158,-74.9711,10.82,31.4,8.71,13.01
NM20220401057,2022,SPRING,12.293,7,6,19,0.647,39.17913186,33.38665048,15.24,38.5404,-74.9535,11.5,30.8,8.74,12.69
NM20220401058,2022,SPRING,40.263,5,6,20,2.01315,41.56287368,33.6385957,12.4968,38.8134,-74.9754,12.45,31.99,7.55,12.51
NM20220401059,2022,SPRING,13.851,6,4,15,0.9234,41.3919603,31.77630022,18.5928,38.6291,-74.7322,11.23,32.34,8.74,11.98
NM20220401060,2022,SPRING,20.477,8,5,23,0.890304348,35.77085652,50.66788748,22.86,38.6603,-74.742,10.94,32.32,8.75,12.18
NM20220401061,2022,SPRING,3.504,4,6,25,0.14016,31.94526306,19.49700028,25.908,38.521,-74.8236,10.58,32.42,8.41,11.65
NM20220401062,2022,SPRING,10.833,12,6,18,0.601833333,37.16415123,42.64017334,28.0416,38.6703,-74.8768,10.85,32.27,8.32,12.56
NM20220401063,2022,SPRING,16.082,8,7,25,0.64328,38.3077691,20.6556578,17.9832,38.5439,-74.9187,10.96,31.58,8.27,12.85
NM20220401064,2022,SPRING,6.377,5,4,12,0.531416667,32.06899833,26.8874638,9.7536,38.4434,-75.0319,12.44,29.96,9.28,13.81
NM20220401065,2022,SPRING,33.771,6,5,13,2.597769231,33.50063846,27.93759212,9.4488,38.4089,-75.0409,11.72,30.54,9.5,13.76
NM20220401066,2022,SPRING,15.045,6,5,25,0.6018,33.55641848,8.882977557,21.336,38.3424,-74.8545,10.79,32.44,8.69,12.21
NM20220401067,2022,SPRING,2.321,4,5,14,0.165785714,36.20552769,25.06901876,14.6304,38.3305,-74.9201,11.03,31.97,9.91,14.19
NM20220401068,2022,SPRING,10.392,10,5,18,0.577333333,28.73164123,8.576334961,14.0208,38.2516,-74.9435,10.89,32.41,8.84,12.45
NM20220401069,2022,SPRING,17.854,7,8,26,0.686692308,32.41910599,11.89525037,13.1064,38.3433,-74.9944,10.85,31.89,8.58,12.79
NM20220401070,2022,SPRING,8.693,5,6,16,0.5433125,33.39786245,42.95148735,17.16024,38.4087,-74.9749,10.76,31.56,8.76,13.66
NM20220401071,2022,SPRING,14.8066,5,4,11,1.346054545,41.21135935,27.66189623,15.24,38.1186,-75.0425,10.87,31.97,8.66,12.15
NM20220401072,2022,SPRING,8.3842,12,5,19,0.441273684,34.6387302,14.0133282,13.716,38.0306,-75.0709,10.85,32.24,8.75,12.26
NM20220401073,2022,SPRING,3.797,6,9,24,0.158208333,27.84483583,19.97690738,18.5928,38.1048,-75.0644,11.4,31.32,8.48,12.47
NM20220401074,2022,SPRING,1.003,5,7,21,0.047761905,18.06169476,25.69395689,5.7912,37.8377,-75.459,14.38,31.45,8.03,14.27
NM20220401075,2022,SPRING,19.302,5,5,16,1.206375,48.00344425,43.6906815,14.6304,37.8419,-75.2956,12.47,31.46,8.2,12.77
NM20220401076,2022,SPRING,1.392,4,5,16,0.087,21.85630438,28.38940399,6.4008,37.657,-75.5678,13.52,32.22,8.59,14.85
NM20220401077,2022,SPRING,0.067,1,5,14,0.004785714,31.40742357,26.13625521,9.4488,37.9201,-75.295,13.25,30.92,7.92,13.23
NM20220401078,2022,SPRING,3.306,5,5,17,0.194470588,28.0487444,20.55050514,7.0104,37.8361,-75.4222,13.65,31.88,8.68,14.54
NM20220401079,2022,SPRING,14.587,6,5,18,0.810388889,34.18553311,21.89383625,18.8976,37.9934,-75.0503,11.09,32.41,8.76,11.12
NM20220401080,2022,SPRING,16.963,1,4,12,1.413583333,34.72701167,39.68789667,14.6304,37.9253,-75.1726,12.12,31.26,8.85,12.34
NM20220401081,2022,SPRING,16.689,7,6,16,1.0430625,43.2840365,24.15220589,14.6304,37.9926,-75.1558,12.2,30.84,9.33,12.26
NM20220401082,2022,SPRING,19.089,10,6,15,1.2726,43.26150082,48.32402713,17.6784,37.7067,-75.3437,11.99,32.01,8.42,12.87
NM20220401083,2022,SPRING,88.7,6,6,17,5.217647059,37.68954498,55.23554899,14.3256,37.753,-75.3473,12.17,31.89,8.56,14.48
NM20220401084,2022,SPRING,24.952,4,5,17,1.467764706,27.96968353,26.82333456,16.1544,37.6577,-75.38,12.3,32.01,8.52,12.77
NM20220401085,2022,SPRING,23.697,7,6,20,1.18485,33.99951691,42.1841475,17.0688,37.6039,-75.447,12.53,32.26,8.43,12.88
NM20220401086,2022,SPRING,1.925,6,5,16,0.1203125,23.49951938,22.96471808,14.0208,37.7176,-75.4796,13.78,32.53,8.15,13.37
NM20220401087,2022,SPRING,1.93,5,6,16,0.120625,35.15472907,40.3618613,8.8392,37.5438,-75.4962,12.81,32.38,8.43,13.16
NM20220401088,2022,SPRING,0.347,2,4,11,0.031545455,26.88082091,32.41325246,10.0584,37.4797,-75.596,13.56,32.46,8.45,14.16
NM20220401089,2022,SPRING,0.767,3,4,12,0.063916667,26.95994052,26.47300702,8.8392,37.5334,-75.5906,14.1,32.47,8.36,14.2
NM20220401090,2022,SPRING,0,0,3,9,0,30.40857667,40.71741775,9.7536,37.3443,-75.6519,14.1,32.73,8.2,14.32
NM20220401091,2022,SPRING,1.31,4,3,6,0.218333333,36.64367833,54.99140598,8.5344,37.2825,-75.6949,14.21,32.73,8.16,14.19
NM20220401092,2022,SPRING,1.511,2,4,7,0.215857143,31.22841,44.45682,11.8872,37.3433,-75.5506,13.18,32.76,8.45,13.72
NM20220401093,2022,SPRING,2.231,6,6,23,0.097,33.18419124,13.16489946,14.9352,37.3886,-75.544,13.14,32.72,8.41,13.65
NM20220401094,2022,SPRING,50.579,5,6,18,2.809944444,37.85436392,19.23709515,14.0208,37.267,-75.6433,13.49,32.82,8.35,13.5
NM20220401095,2022,SPRING,4.89,3,6,13,0.376153846,45.91322883,55.04692984,11.2776,37.3457,-75.6292,14,32.74,8.27,14.33
NM20220401096,2022,SPRING,0.118,3,4,14,0.008428571,26.23820857,31.6999807,9.7536,37.1043,-75.7558,14.23,32.89,8.26,14.25
NM20220401097,2022,SPRING,0.325,4,3,13,0.025,27.59293462,20.21843992,11.55192,36.5816,-75.8459,12.11,32.11,8.66,13.68
NM20220401098,2022,SPRING,0.081,1,4,14,0.005785714,26.44513071,18.28127978,10.8204,36.6201,-75.8723,12.31,31.78,8.75,14.02
NM20220401099,2022,SPRING,21.861,2,3,11,1.987363636,42.10375091,50.44731147,10.2108,37.0234,-75.8671,11.83,31.55,8.98,13.93
NM20220401100,2022,SPRING,38.195,1,5,15,2.546333333,38.359508,40.6265021,10.3632,36.9822,-75.8853,11.7,31.45,8.83,13.3
NM20220401101,2022,SPRING,2.653,2,3,10,0.2653,37.610649,40.8185496,8.2296,37.0351,-75.8781,12.35,31.16,8.91,13.54
NM20220401102,2022,SPRING,15.442,5,6,23,0.671391304,28.18081347,10.99220443,15.5448,37.0504,-75.6984,13.23,33,8.6,13.87
NM20220401103,2022,SPRING,1.763,2,4,11,0.160272727,31.10090545,48.00470957,11.5824,37.0673,-75.7054,13.6,32.98,8.46,14.26
NM20220401104,2022,SPRING,0.231,2,5,12,0.01925,30.89529264,45.39167446,12.192,37.132,-75.722,13.82,32.91,8.36,13.78
NM20220401105,2022,SPRING,0.245,1,4,15,0.016333333,23.35036733,15.70441471,12.4968,36.9708,-75.7393,12.83,32.82,8.64,13.41
NM20220401106,2022,SPRING,0.367,3,5,15,0.024466667,31.15134798,50.31232075,16.67256,36.734,-75.7795,11.73,32.63,8.54,17.64
NM20220401107,2022,SPRING,1.172,3,4,18,0.065111111,23.53433278,30.62883834,14.56944,36.5866,-75.8226,11.89,32.66,8.5,15.22
NM20220401108,2022,SPRING,0.226,2,4,14,0.016142857,24.40043929,28.18419247,15.14856,36.6169,-75.8054,11.96,32.66,8.65,15.72
NM20220401109,2022,SPRING,0,0,2,8,0,28.26178875,44.08077903,18.31848,36.8571,-75.821,11.45,32.52,8.77,17.81
NM20220401110,2022,SPRING,0.025,1,3,11,0.002272727,26.44200636,26.14184356,17.49552,36.68,-75.8423,12.08,32.51,8.73,14.83
NM20220401111,2022,SPRING,0,0,3,6,0,37.34115833,56.68075167,13.35024,36.8896,-75.8678,11.74,32.14,9.05,17.3
NM20220401112,2022,SPRING,0,0,4,10,0,31.920815,33.49628272,10.63752,36.0312,-75.6517,12.46,32.99,8.4,13.52
NM20220401113,2022,SPRING,0.048,3,4,14,0.003428571,30.19000912,18.57530681,13.16736,36.4948,-75.8277,13.54,31.29,9.01,16.19
NM20220401114,2022,SPRING,0.357,1,3,9,0.039666667,29.22136778,31.63013794,14.41704,35.8554,-75.5513,13.16,32.27,8.55,13.82
NM20220401115,2022,SPRING,0,0,3,7,0,39.77381571,63.85110639,21.54936,36.2199,-75.6594,12.19,33.45,8.66,15.67
NM20220401116,2022,SPRING,0.083,1,3,9,0.009222222,28.63555444,35.8651984,19.26336,36.2805,-75.7295,12.04,32.91,8.7,16.29
NM20220401117,2022,SPRING,0,0,2,8,0,36.46943875,24.24517756,13.80744,36.2677,-75.7716,12.4,32.38,8.29,14.32
NM20220401118,2022,SPRING,1.616,5,4,12,0.134666667,28.11054583,49.84335228,18.37944,36.5299,-75.7911,12.04,32.92,8.41,16.34
NM20220401119,2022,SPRING,0.003,1,2,7,0.000428571,20.28571429,20.53333333,14.478,35.2703,-75.4822,19.25,36.1,7.74,18.74
NM20220401120,2022,SPRING,0.562,7,2,14,0.040142857,14.28571429,13.34642857,12.67968,35.4582,-75.4644,17.05,35.44,7.67,16.55
NM20220401121,2022,SPRING,0.016,3,2,15,0.001066667,15.86666667,17.07787511,13.16736,35.5658,-75.3884,16.25,34.89,7.79,17.21
NM20220401122,2022,SPRING,0.739,3,2,6,0.123166667,18.91666667,19.39,20.84832,35.3866,-75.419,18.74,36.33,7.53,18.08
NM20220401123,2022,SPRING,0.24,2,3,8,0.03,19.875,19.80769231,21.39696,35.4079,-75.4137,18.61,36.4,7.52,17.61
NM20220401124,2022,SPRING,0,0,2,6,0,13.16666667,12.43684211,13.89888,35.5815,-75.4428,14.46,32.56,8.42,15.98
NM20220401125,2022,SPRING,13.393,8,7,35,0.382657143,25.02108057,10.55943619,34.71672,41.3027,-71.7033,10.09,32.36,8.75,13.44
NM20220401126,2022,SPRING,33.781,12,7,43,0.785604651,30.20905598,18.44016867,21.73224,41.1339,-71.9715,11.73,30.53,8.85,12.59
NM20220401127,2022,SPRING,6.41,4,5,22,0.291363636,28.95575845,20.10244859,26.94432,41.1624,-71.7536,10.44,31.75,8.99,12.71
NM20220401128,2022,SPRING,20.5718,9,8,48,0.428579167,23.46288958,17.13035098,38.37432,41.2476,-71.7718,9.99,32.31,8.67,13.24
NM20220401129,2022,SPRING,6.286,7,6,24,0.261916667,31.01881242,19.36441859,30.6324,41.1619,-71.7792,10.53,31.21,9,12.03
NM20220401130,2022,SPRING,9.615,11,8,48,0.2003125,22.60526958,13.62847707,37.1856,41.2274,-71.8137,10.12,32.12,8.68,11.95
NM20220401131,2022,SPRING,5.846,6,6,20,0.2923,32.64801982,13.29460494,26.91384,41.3,-71.8025,10.22,32.18,8.76,12.25
NM20220401132,2022,SPRING,16.002,8,7,51,0.313764706,24.18531255,15.90840939,39.95928,41.2673,-71.6997,9.76,32.55,8.78,13.59
NM20220401133,2022,SPRING,8.009,7,6,39,0.205358974,24.46470872,17.04572464,46.87824,41.243,-71.9191,10.07,32.14,8.66,11.76
NM20220401134,2022,SPRING,8.9,6,8,44,0.202272727,27.99730066,18.02801143,33.86328,41.2157,-71.9398,10.31,31.63,8.9,11.55
NM20220401135,2022,SPRING,12.948,15,6,29,0.446482759,26.90691345,31.14581911,37.15512,41.1801,-71.5308,9.53,32.71,8.48,12.49
NM20220401136,2022,SPRING,3.388,10,6,32,0.105875,26.62787281,12.04375729,28.194,41.3515,-71.1019,12.3,32.47,8.51,13.53
NM20220401137,2022,SPRING,11.414,12,7,49,0.232938776,27.39249664,16.12122471,27.15768,41.3314,-71.0319,9.99,32.8,8.62,13.23
NM20220401138,2022,SPRING,5.595,14,8,46,0.121630435,29.14924969,15.03931976,22.46376,41.4415,-71.1414,12.33,32.38,8.82,13.44
NM20220401139,2022,SPRING,0.096,3,5,36,0.002666667,29.94520581,20.83083744,23.37816,41.4265,-71.2228,12.07,32.45,8.49,13.67
NM20220401140,2022,SPRING,42.622,12,7,40,1.06555,27.96503723,26.75017365,39.86784,41.215,-71.5226,10.28,32.49,8.73,13.15
NM20220401141,2022,SPRING,1.147,5,4,26,0.044115385,23.83542615,15.43446347,32.12592,41.2269,-71.5977,10.62,32.18,8.97,12.49
NM20220401142,2022,SPRING,16.832,10,6,58,0.290206897,25.45408793,13.66707676,46.39056,41.2789,-71.5047,10.1,32.51,8.61,13.82
NM20220401143,2022,SPRING,13.065,12,7,32,0.40828125,24.78831188,23.96518412,39.74592,41.2398,-71.2321,9.6,32.92,7.67,13.52
NM20220401144,2022,SPRING,15.5555,14,7,52,0.299144231,28.89694951,17.05764815,29.718,41.3514,-71.0087,12.02,32.5,8.5,13.07
NM20220401145,2022,SPRING,3.387,11,8,33,0.102636364,28.65006858,21.44507635,36.24072,41.3272,-71.2271,10.66,32.3,8.49,12.89
NM20220401146,2022,SPRING,35.714,13,7,51,0.70027451,25.84739002,20.70546152,47.97552,41.2747,-71.5503,9.39,32.59,8.73,12.47
NM20220401147,2022,SPRING,6.913,8,6,29,0.23837931,25.86102483,14.82983748,31.12008,41.3757,-71.2701,11.56,32.5,8.58,13.25
NM20220401148,2022,SPRING,22.524,10,6,38,0.592736842,25.34997786,25.2354983,42.09288,41.2004,-71.5195,9.46,32.74,8.73,11.47
NM20220401149,2022,SPRING,18.532,13,6,45,0.411822222,27.32205628,17.26712192,36.60648,41.1968,-71.4894,9.45,32.7,8.7,12.41
NM20220401150,2022,SPRING,30.301,7,4,10,3.0301,50.01436826,56.73368154,32.18688,41.1495,-71.5207,9.86,32.72,8.72,13.11
NM20220901001,2022,FALL,11.0498,4,7,20,0.55249,22.45933216,8.644906692,21.39696,41.0472,-71.8659,18.97,32.85,6.99,19.58
NM20220901002,2022,FALL,2.441,2,5,18,0.135611111,25.65946733,9.719095511,16.4592,41.0161,-71.9463,18.88,32.67,6.78,18.89
NM20220901003,2022,FALL,6.504,5,6,21,0.309714286,28.33510638,13.28176445,8.90016,40.8753,-72.3563,18.61,33.09,6.58,18.62
NM20220901004,2022,FALL,2.1,7,7,20,0.105,27.1709329,7.885757227,10.45464,40.907,-72.2742,18.68,33.05,7.05,18.55
NM20220901005,2022,FALL,6.2502,6,4,17,0.367658824,25.52330421,9.74980401,15.5448,40.9738,-72.0329,18.85,33.03,6.83,18.18
NM20220901006,2022,FALL,3.1956,4,8,28,0.114128571,24.3363675,10.59509058,14.05128,40.8501,-72.4086,18.05,33.2,6.95,18.55
NM20220901007,2022,FALL,2.62,4,6,22,0.119090909,28.14117305,10.02208733,19.5072,40.9578,-72.0867,18.73,32.93,7.11,18.42
NM20220901008,2022,FALL,21.1889,5,5,22,0.963131818,21.45426091,27.24360884,8.8392,40.7617,-72.7201,16.77,32.07,6.57,16.76
NM20220901009,2022,FALL,0.6494,2,8,25,0.025976,29.00999185,20.1841323,10.0584,40.6503,-73.093,16.78,32.6,6.81,16.75
NM20220901010,2022,FALL,5.5242,5,7,18,0.3069,30.80650133,27.2960158,19.5072,40.6243,-73.1053,17.16,32.88,6.73,17.7
NM20220901011,2022,FALL,2.8447,4,7,26,0.109411538,29.23975928,24.39607014,22.2504,40.7556,-72.7162,17.12,32.32,6.65,16.97
NM20220901012,2022,FALL,17.9816,9,8,22,0.817345455,29.06880591,7.937919919,17.8308,40.8097,-72.5165,18.28,33.3,7.01,18.67
NM20220901013,2022,FALL,13.0798,9,9,32,0.40874375,27.62826923,19.48072495,14.9352,40.5532,-73.5809,16.73,32.83,6.68,17.16
NM20220901014,2022,FALL,1.945,4,8,27,0.072037037,24.38848007,17.41187543,13.4112,40.5577,-73.626,16.67,32.71,6.54,16.44
NM20220901015,2022,FALL,1.3454,6,8,31,0.0434,23.24725529,25.80279289,20.1168,40.5668,-73.3694,17.3,33.13,6.64,17.84
NM20220901016,2022,FALL,5.9604,7,10,37,0.161091892,25.53440342,24.72412122,17.6784,40.5295,-73.5423,17.07,32.92,6.36,17.89
NM20220901017,2022,FALL,15.564,5,6,16,0.97275,38.53848583,23.12659402,20.4216,40.5045,-73.6685,16.69,32.53,5.97,16.78
NM20220901018,2022,FALL,3.3,5,8,27,0.122222222,26.41120409,11.77418135,9.7536,40.51,-73.9237,16.98,32.12,6.45,16.73
NM20220901019,2022,FALL,4.934,6,5,16,0.308375,30.26845988,19.88580636,10.9728,40.3997,-73.9526,16.72,31.96,6.69,16.96
NM20220901020,2022,FALL,3.1016,7,8,29,0.106951724,25.71688893,20.35306308,19.2024,40.5221,-73.79,17.21,32.69,6.26,17.38
NM20220901021,2022,FALL,3.065,4,6,21,0.145952381,28.10342037,19.83764706,20.4216,40.2556,-73.9333,17.14,32.62,6.3,17.42
NM20220901022,2022,FALL,2.8101,6,8,23,0.122178261,25.68156454,21.31024467,20.4216,40.2976,-73.9316,17.33,32.73,6.13,17.32
NM20220901023,2022,FALL,3.052,4,10,42,0.072666667,24.97208409,32.88627154,15.24,40.0566,-74.0356,17.52,32.85,6.12,16.64
NM20220901024,2022,FALL,1.719,4,3,9,0.191,37.11033448,37.90369453,13.716,39.7708,-74.0626,17.2,32.28,6.83,17.21
NM20220901025,2022,FALL,7.794,10,5,32,0.2435625,28.88183928,18.37005181,21.6408,39.8674,-73.9784,17.79,33.07,6.72,17.64
NM20220901026,2022,FALL,1.265,3,8,25,0.0506,25.19668788,32.32249704,19.812,40.1268,-74.0001,17.54,32.87,6.22,17.36
NM20220901027,2022,FALL,3.923,3,7,17,0.230764706,36.76833573,39.97244778,17.3736,39.6512,-74.0932,17.64,32.6,6.76,17.61
NM20220901028,2022,FALL,42.42,7,4,12,3.535,40.86771186,48.31597563,8.8392,39.3045,-74.4913,17.59,32.57,6.64,17.6
NM20220901029,2022,FALL,21.634,6,8,18,1.201888889,31.93438371,34.31955918,13.1064,39.4284,-74.2795,17.63,32.68,6.78,17.18
NM20220901030,2022,FALL,35.9036,9,6,12,2.991966667,36.98653183,45.20521566,10.0584,39.3145,-74.4444,17.43,32.49,6.74,17.4
NM20220901031,2022,FALL,8.562,6,6,12,0.7135,36.02645115,50.06368183,9.7536,39.2292,-74.5975,17.54,32.67,6.56,17.26
NM20220901032,2022,FALL,19.363,7,8,29,0.667689655,29.37440632,28.81298721,15.8496,39.4831,-74.2452,17.76,32.7,6.66,17.78
NM20220901033,2022,FALL,10.829,5,4,12,0.902416667,47.08542247,50.05833999,17.6784,39.3246,-74.278,17.7,32.83,6.87,17.62
NM20220901034,2022,FALL,5.1897,2,6,29,0.178955172,24.06827196,30.17748953,20.7264,39.2648,-74.3017,18.15,33.25,6.98,17.67
NM20220901035,2022,FALL,1.3533,5,6,16,0.08458125,30.01526666,39.32087077,18.8976,39.2816,-74.3196,17.72,32.9,6.92,17.44
NM20220901036,2022,FALL,9.647,8,8,21,0.459380952,33.45867313,48.15436658,16.4592,39.324,-74.3361,17.88,32.66,6.93,17.68
NM20220901037,2022,FALL,19.3753,8,5,11,1.761390909,47.8360697,47.97793931,17.9832,39.256,-74.3654,17.63,32.65,7.01,17.57
NM20220901038,2022,FALL,3.0662,6,5,9,0.340688889,49.02506147,52.51796069,11.8872,38.8563,-74.6374,18.16,33.11,7.17,18.23
NM20220901039,2022,FALL,1.87,2,4,7,0.267142857,42.50371314,55.72476879,10.3632,38.9683,-74.6521,17.99,32.93,7.17,18.02
NM20220901040,2022,FALL,11,7,7,27,0.407407407,28.24860945,16.21985928,23.4696,39.145,-74.5013,17.96,32.88,7,17.93
NM20220901041,2022,FALL,2.882,2,3,7,0.411714286,49.35421663,51.44540446,17.9832,39.0089,-74.5444,17.81,32.89,7.11,17.81
NM20220901042,2022,FALL,1.3731,4,4,17,0.080770588,35.29299323,49.60775051,14.9352,38.9174,-74.613,17.94,32.92,7.27,17.99
NM20220901043,2022,FALL,9.98,6,5,10,0.998,35.6713404,37.52308467,15.24,39.1197,-74.6033,17.3,32.55,6.72,17.26
NM20220901044,2022,FALL,4.663,7,5,13,0.358692308,29.99052277,33.54887032,16.4592,39.1628,-74.6218,17.39,32.46,7.19,17.36
NM20220901045,2022,FALL,3.05,7,5,14,0.217857143,30.82387394,23.39877678,17.9832,38.9114,-74.6935,17.96,32.96,7.06,18.05
NM20220901046,2022,FALL,5.5002,5,4,11,0.500018182,44.83462468,50.79963879,14.6304,38.9345,-74.6925,17.99,32.98,7.14,18.12
NM20220901047,2022,FALL,0.048,1,5,14,0.003428571,29.90404319,25.19754862,12.4968,38.4798,-75.041,17.4,31.92,6.8,17.73
NM20220901048,2022,FALL,4.598,5,5,16,0.287375,32.87195312,32.87195312,13.1064,38.9074,-74.8191,17.79,32.92,6.84,17.75
NM20220901049,2022,FALL,4.772,3,5,17,0.280705882,29.75102941,22.15319654,12.192,38.9129,-74.8975,17.57,32.76,6.82,17.6
NM20220901050,2022,FALL,6.643,3,4,10,0.6643,27.1770264,23.19147968,14.9352,38.6669,-75.0283,17.11,31.62,6.89,17.46
NM20220901051,2022,FALL,5.178,7,5,13,0.398307692,33.76703284,26.27730468,18.8976,38.784,-74.7699,17.93,33.01,7.04,17.79
NM20220901052,2022,FALL,1.615,3,3,10,0.1615,44.65760954,49.35159059,12.8016,38.8677,-74.8013,17.96,33.04,7.07,17.94
NM20220901053,2022,FALL,4.222,6,5,12,0.351833333,27.09743117,37.561529,15.8496,38.7968,-74.855,17.69,32.64,6.74,17.5
NM20220901054,2022,FALL,12.254,10,7,21,0.58352381,29.97160345,30.5753212,15.8496,38.7951,-74.9001,17.73,32.57,6.57,17.79
NM20220901055,2022,FALL,0.477,1,4,10,0.0477,30.7283382,22.6511511,21.36648,38.4612,-74.9034,17.54,32.23,7,17.56
NM20220901056,2022,FALL,0.941,4,6,25,0.03764,24.58632112,17.85097942,18.5928,38.6915,-74.9406,17.38,32.21,6.52,17.65
NM20220901057,2022,FALL,0,0,3,5,0,58.34824948,57.09977455,15.8496,38.5261,-74.9783,17.55,32.22,7.02,17.72
NM20220901058,2022,FALL,0.744,2,3,7,0.106285714,50.53493398,54.86592341,14.9352,38.5774,-74.9945,17.38,32.06,6.9,17.56
NM20220901059,2022,FALL,2.967,5,7,27,0.109888889,31.94256125,17.8484492,22.86,38.6667,-74.7618,18.21,33.45,6.87,18.44
NM20220901060,2022,FALL,4.23,3,5,19,0.222631579,38.30800904,33.28489334,24.6888,38.6034,-74.8521,18.14,33.2,6.67,17.63
NM20220901061,2022,FALL,8.0665,3,7,28,0.288089286,28.44267888,28.35659253,24.0792,38.628,-74.8976,17.75,32.7,6.51,17.8
NM20220901062,2022,FALL,5.3872,6,8,26,0.2072,28.40729866,27.67850211,21.0312,38.6429,-74.9161,17.88,32.88,6.53,18.08
NM20220901063,2022,FALL,8.07,5,4,16,0.504375,24.37347063,16.73952645,28.3464,38.7652,-75.0362,17.21,31.52,6.68,17.15
NM20220901064,2022,FALL,0,0,4,11,0,29.82712802,18.65296767,14.14272,38.2644,-75.1037,17.92,32.43,6.52,18.25
NM20220901065,2022,FALL,0.081,1,5,11,0.007363636,28.768418,17.87748385,11.09472,38.1329,-75.164,17.96,32.33,6.5,18.09
NM20220901066,2022,FALL,0.4741,2,6,20,0.023705,31.95895891,26.17094509,19.75104,38.379,-74.8713,17.65,32.33,7.01,17.75
NM20220901067,2022,FALL,0.817,1,5,16,0.0510625,29.6648075,34.80444823,19.812,38.347,-74.9455,18.15,32.88,6.63,17.36
NM20220901068,2022,FALL,3.678,3,5,12,0.3065,39.02271651,51.77269884,22.5552,38.402,-74.9628,18.06,32.75,6.55,17.44
NM20220901069,2022,FALL,6.0136,7,4,14,0.429542857,29.10123341,24.33211584,20.7264,38.3077,-75.005,17.95,32.56,6.82,17.69
NM20220901070,2022,FALL,1.869,3,5,15,0.1246,31.39777391,26.32067528,14.0208,38.4473,-75.0229,17.88,32.48,6.77,17.56
NM20220901071,2022,FALL,6.74,3,5,15,0.449333333,38.8267525,32.0514715,15.66672,38.0944,-75.0305,18.21,32.76,6.94,18.07
NM20220901072,2022,FALL,0,0,3,15,0,19.9,21.60722689,14.1732,38.1206,-75.0344,18.19,32.85,7.17,18.07
NM20220901073,2022,FALL,8.98,4,5,14,0.641428571,25.89358123,16.33162883,14.38656,38.0923,-75.1207,18.01,32.36,6.63,18.01
NM20220901074,2022,FALL,0,0,2,7,0,27.12240057,16.83623874,8.19912,37.5623,-75.5755,18.65,32.26,7.02,18.69
NM20220901075,2022,FALL,0.184,1,4,14,0.013142857,27.74401186,18.93059392,10.54608,37.7732,-75.5033,17.94,32.48,6.49,18.13
NM20220901076,2022,FALL,0.367,1,4,13,0.028230769,20.67956846,16.7101579,10.72896,37.9565,-75.2665,17.9,32.28,6.65,17.89
NM20220901077,2022,FALL,0.098,1,7,22,0.004454545,26.5129742,18.07874235,16.79448,37.8554,-75.278,17.98,32.4,6.53,18.4
NM20220901078,2022,FALL,0.18,1,3,9,0.02,29.73338911,16.66538065,11.52144,37.8031,-75.3699,17.93,32.46,6.49,18.44
NM20220901079,2022,FALL,3.2146,2,5,18,0.178588889,15.22777778,17.19012515,16.18488,37.9435,-75.1739,18.25,32.73,6.43,18.21
NM20220901080,2022,FALL,2.4461,1,4,14,0.174721429,27.37996043,21.62143357,22.7076,37.8557,-75.1889,18.29,32.68,7.04,18.36
NM20220901081,2022,FALL,1.62,3,5,19,0.085263158,18.02576853,19.44277595,20.574,37.8003,-75.2739,18.05,32.53,6.91,18.48
NM20220901082,2022,FALL,2.0077,1,3,9,0.223077778,36.237558,21.2960499,24.35352,37.6037,-75.3253,18.39,32.64,6.85,18.44
NM20220901083,2022,FALL,1.1219,4,3,9,0.124655556,28.75901222,18.86057937,16.764,37.6779,-75.4303,18.23,32.43,6.83,18.24
NM20220901084,2022,FALL,4.4354,4,5,15,0.295693333,25.0752612,19.46443969,13.5636,37.5828,-75.4549,18.45,32.52,6.85,18.48
NM20220901085,2022,FALL,0.702,3,3,11,0.063818182,28.92726891,21.29493058,18.56232,37.623,-75.4508,18.46,32.52,6.87,18.5
NM20220901086,2022,FALL,4.7049,5,4,14,0.336064286,26.55933871,18.39047395,16.55064,37.7075,-75.467,18.05,32.49,6.55,18.09
NM20220901087,2022,FALL,0.803,4,4,18,0.044611111,23.80139411,18.29631935,11.70432,37.5419,-75.5745,18.39,32.23,6.74,18.32
NM20220901088,2022,FALL,0.17,1,4,12,0.014166667,24.0461735,22.48486547,14.29512,37.4971,-75.5795,18.35,32.28,6.5,18.33
NM20220901089,2022,FALL,2.247,4,5,15,0.1498,23.7874532,15.62250992,13.95984,37.4042,-75.6224,18.51,32.28,6.49,18.35
NM20220901090,2022,FALL,0.135,1,2,6,0.0225,23.19210433,15.35826472,13.28928,37.333,-75.6537,18.58,32.35,7,18.54
NM20220901091,2022,FALL,0,0,1,5,0,12.38,12.38,8.382,37.2888,-75.7095,18.64,32.41,7.13,18.58
NM20220901092,2022,FALL,0.664,4,5,16,0.0415,24.67153638,26.69825322,18.7452,37.4681,-75.5093,18.48,32.47,6.64,18.44
NM20220901093,2022,FALL,0,0,2,4,0,48.2544975,54.425397,14.7828,37.3575,-75.5667,18.56,32.48,6.78,18.55
NM20220901094,2022,FALL,0,0,3,5,0,45.455182,50.89620654,17.03832,37.3319,-75.6062,18.66,32.48,7.05,18.67
NM20220901095,2022,FALL,1.077,2,4,14,0.076928571,28.30931243,19.93896606,14.29512,37.1846,-75.6961,18.36,32.56,6.94,18.32
NM20220901096,2022,FALL,1.5469,5,7,23,0.067256522,28.0278135,21.54809612,18.31848,36.7472,-75.7931,17.44,32.61,6.84,17.48
NM20220901097,2022,FALL,0,0,3,7,0,22.59830657,16.80292038,10.14984,36.5536,-75.8492,17.52,29.17,7.94,17.42
NM20220901098,2022,FALL,5.198,1,4,10,0.5198,29.1631286,16.07669336,10.78992,36.9797,-75.8651,17.39,32.31,6.95,17.38
NM20220901099,2022,FALL,0,0,3,10,0,29.965879,16.47299601,8.90016,36.9645,-75.8998,17.1,31.29,7.06,17.18
NM20220901100,2022,FALL,0.1557,2,3,12,0.012975,22.08774833,17.07188357,9.57072,36.8365,-75.9351,18.58,30.41,6.58,16.87
NM20220901101,2022,FALL,1.602,1,3,10,0.1602,29.1793398,16.40283834,7.37616,36.8899,-75.9715,17,30.54,6.94,16.85
NM20220901102,2022,FALL,0.467,5,4,19,0.024578947,20.50945042,14.20063963,21.39696,36.9661,-75.666,18.96,32.74,6.86,18.92
NM20220901103,2022,FALL,0.053,1,3,13,0.004076923,28.40518077,18.62879118,17.49552,37.0455,-75.7153,18.79,32.48,6.95,18.78
NM20220901104,2022,FALL,0.232,1,7,20,0.0116,25.71121155,18.85543289,14.38656,37.0812,-75.7189,18.64,32.38,6.83,18.63
NM20220901105,2022,FALL,0.747,6,4,15,0.0498,26.83924413,24.98216113,14.9352,36.9315,-75.7952,19.35,32.47,6.54,18.54
NM20220901106,2022,FALL,0,0,3,9,0,33.14945844,18.54057942,8.59536,37.1169,-75.8178,16.92,32.38,7.48,16.92
NM20220901107,2022,FALL,0.576,2,6,28,0.020571429,19.35444821,17.6732608,18.34896,36.7923,-75.8135,17.26,32.46,6.37,17.38
NM20220901108,2022,FALL,0.0715,3,4,15,0.004766667,28.44752573,20.01091084,15.45336,36.7555,-75.8309,19.04,31.98,6.55,17.36
NM20220901109,2022,FALL,0.478,2,6,17,0.028117647,25.48929353,17.65762498,19.05,36.8591,-75.8258,19.19,32.24,6.27,18.39
NM20220901110,2022,FALL,0.266,1,5,15,0.017733333,26.35583187,18.56152035,16.33728,36.7289,-75.8546,17.2,32.21,6.78,16.96
NM20220901111,2022,FALL,0.3937,1,3,11,0.035790909,30.76166164,24.8930769,11.00328,36.9458,-75.9017,18.53,31.23,6.6,17.23
NM20220901112,2022,FALL,0,0,4,14,0,27.34929414,17.99423292,11.21664,36.0709,-75.6805,17.94,32.31,6.67,18.13
NM20220901113,2022,FALL,0.0745,1,4,12,0.006208333,28.1957765,17.61454743,10.45464,36.355,-75.8042,17.76,32.49,7,18.24
NM20220901114,2022,FALL,0,0,4,14,0,25.62210214,17.08397612,13.80744,35.8685,-75.5635,18.05,32.11,6.84,17.94
NM20220901115,2022,FALL,0.0204,1,5,16,0.001275,24.84520525,19.7667936,23.71344,36.2029,-75.6946,18.05,33.17,6.78,17.98
NM20220901116,2022,FALL,0.5027,4,5,15,0.033513333,24.82776893,16.87147216,18.16608,36.3553,-75.7701,17.96,32.87,6.74,17.63
NM20220901117,2022,FALL,0,0,4,15,0,26.62196413,18.47724213,19.9644,36.4668,-75.774,17.92,32.84,6.62,17.82
NM20220901118,2022,FALL,0.191,1,5,16,0.0119375,25.62660238,18.29887083,15.60576,36.395,-75.7873,17.82,32.53,5.99,17.78
NM20220901119,2022,FALL,0,0,3,9,0,22.58662067,17.96216235,10.5156,35.5333,-75.4514,19.05,32.21,6.67,19.67
NM20220901120,2022,FALL,0,0,2,10,0,17.05,16.8864332,14.75232,35.2447,-75.4782,20.05,33.25,6.4,19.79
NM20220901121,2022,FALL,0.403,1,3,11,0.036636364,21.97431582,19.28467502,20.4216,35.404,-75.4163,20.05,32.83,6.55,20.2
NM20220901122,2022,FALL,0.667,5,5,15,0.044466667,21.88988293,18.90028132,18.65376,35.4713,-75.4187,20.01,32.67,6.49,20.39
NM20220901123,2022,FALL,0,0,5,15,0,24.10039827,17.86756193,17.8308,35.3191,-75.447,20.23,33.23,6.47,20.08
NM20220901124,2022,FALL,0,0,3,13,0,26.56408538,17.50674885,18.288,35.8211,-75.506,18.22,32.51,6.72,18.04
NM20220901125,2022,FALL,2.7203,10,4,25,0.108812,21.95768453,9.194238281,20.66544,41.0985,-71.9992,19.63,32.06,6.68,19.82
NM20220901126,2022,FALL,2.7551,2,6,22,0.125231818,25.88490351,8.71028443,24.01824,41.1621,-71.7377,16.37,32.99,6.08,18
NM20220901127,2022,FALL,0.9913,5,3,16,0.06195625,16.48376513,8.475118975,24.04872,41.137,-72.0429,19.6,32.07,6.6,19.78
NM20220901128,2022,FALL,11.842,10,8,34,0.348294118,28.27456678,8.961322493,38.13048,41.2848,-71.6783,18.02,33.11,5.89,19.27
NM20220901129,2022,FALL,15.352,10,6,24,0.639666667,25.6882597,10.34171314,39.9288,41.2748,-71.7192,17.87,33.11,5.93,19.23
NM20220901130,2022,FALL,10.603,9,7,39,0.271871795,26.771343,10.06168467,39.41064,41.2602,-71.7897,17.32,32.74,5.93,19.43
NM20220901131,2022,FALL,2.867,7,8,42,0.068261905,25.86421304,16.11552821,42.79392,41.2162,-71.8308,17.53,32.74,5.82,19.73
NM20220901132,2022,FALL,4.076,4,5,33,0.123515152,24.08038758,11.04488397,36.97224,41.2614,-71.8265,17.45,32.72,6.18,19.39
NM20220901133,2022,FALL,9.551,7,9,23,0.41526087,24.54727478,9.436940649,34.1376,41.2402,-71.7927,17.25,32.79,5.87,19.54
NM20220901134,2022,FALL,5.545,5,8,26,0.213269231,30.35524133,10.00109492,44.6532,41.2796,-71.7883,18.38,32.98,6.01,19.42
NM20220901135,2022,FALL,12.239,10,7,33,0.370878788,22.83612417,9.312175799,23.10384,41.4364,-71.4133,16.91,33.28,5.66,18.99
NM20220901136,2022,FALL,5.389,8,7,32,0.16840625,19.21058069,7.915957,27.18816,41.4358,-71.3949,17,33.28,5.64,19.06
NM20220901137,2022,FALL,10.978,9,8,38,0.288894737,24.99094489,14.14940906,26.15184,41.352,-71.0269,18.09,33.08,6.38,18.42
NM20220901138,2022,FALL,17.698,6,5,30,0.589933333,23.15357453,11.79882507,34.29,41.3921,-71.0009,18.03,33.11,6.33,18.71
NM20220901139,2022,FALL,1.049,6,3,30,0.034966667,20.85504447,9.007117282,23.34768,41.3926,-71.1414,18.21,33.18,5.76,19.02
NM20220901140,2022,FALL,8.087,8,7,34,0.237852941,20.45234559,15.10422477,22.73808,41.3809,-71.4485,16.64,33.24,5.13,19.15
NM20220901141,2022,FALL,7.288,4,4,21,0.347047619,23.99958784,7.915363184,35.69208,41.2357,-71.5999,18.47,32.98,6.51,18.63
NM20220901142,2022,FALL,6.317,11,5,31,0.203774194,19.90179846,11.69582667,31.21152,41.3537,-71.0054,18.09,33.06,6.47,18.55
NM20220901143,2022,FALL,3.51,5,5,32,0.1096875,20.68651419,9.383830962,40.17264,41.2901,-70.9711,15.74,33.12,5.4,18.72
NM20220901144,2022,FALL,3.555,10,6,43,0.082674419,22.981719,9.043675061,32.4612,41.3267,-71.0242,17.04,33.17,5.86,18.46
NM20220901145,2022,FALL,0.7623,4,5,31,0.024590323,22.83889802,10.46403368,34.68624,41.3256,-71.2282,17.16,33.18,5.68,19.13
NM20220901146,2022,FALL,4.765,7,9,55,0.086636364,26.51321303,9.952231217,32.1564,41.4074,-71.3083,18.28,33.36,5.97,19.69
NM20220901147,2022,FALL,3.5337,11,7,43,0.08217907,30.79756785,11.99654419,42.91584,41.1575,-71.4034,13.85,33.2,5.28,18.98
NM20220901148,2022,FALL,21.05,13,6,39,0.53974359,26.15662349,13.3148753,44.16552,41.2028,-71.4193,13.88,33.2,5.83,18.73
NM20220901149,2022,FALL,3.987,9,7,26,0.153346154,26.26563589,9.423460845,39.95928,41.2346,-71.5311,16.71,32.95,5.86,18.8
NM20220901150,2022,FALL,4.631,6,6,25,0.18524,24.52172177,8.770099773,30.57144,41.2581,-71.5566,14.4,33.13,5.44,19.13
NM20230401001,2023,SPRING,5.608,6,9,28,0.200285714,30.31201611,10.92921727,19.5072,41.0406,-71.8787,12.6,31.04,9.03,12.64
NM20230401002,2023,SPRING,15.798,7,6,22,0.718090909,28.47180012,27.57157001,18.8976,41.0091,-71.9255,12.42,31.27,9.12,12.57
NM20230401003,2023,SPRING,19.995,4,5,14,1.428214286,44.67923652,49.83422257,12.71016,40.9731,-72.0845,13.23,31.41,9.31,13.41
NM20230401004,2023,SPRING,3.805,1,4,11,0.345909091,25.54872999,24.82123307,10.3632,40.9807,-72.0656,13.08,31.37,9.18,13.12
NM20230401005,2023,SPRING,5.602,2,3,15,0.373466667,21.21333333,11.04842723,16.764,40.9677,-72.0334,12.43,31.48,9.52,12.91
NM20230401006,2023,SPRING,8.883,7,8,24,0.370125,30.06432624,10.92663654,15.8496,40.8726,-72.3333,11.95,31.87,9.56,13.52
NM20230401007,2023,SPRING,6.415,3,5,17,0.377352941,25.63808121,20.49649543,13.716,40.9406,-72.1666,13.18,31.53,9.44,13.49
NM20230401008,2023,SPRING,7.034,7,7,20,0.3517,39.33753681,43.51110899,10.9728,40.6325,-73.1689,10.6,32.54,8.77,12.39
NM20230401009,2023,SPRING,0.78,1,6,19,0.041052632,23.75562287,30.7690851,10.54608,40.7772,-72.6752,12.28,31.96,9.44,13.29
NM20230401010,2023,SPRING,11.563,4,6,27,0.428259259,21.16581841,12.33303128,18.5928,40.8083,-72.5097,11.57,32.08,8.62,14.29
NM20230401011,2023,SPRING,0.024,1,5,17,0.001411765,16.61176471,14.36136364,15.5448,40.6459,-73.0663,10.98,32.46,9.52,13.75
NM20230401012,2023,SPRING,0.126,1,7,22,0.005727273,35.6831666,39.97178792,18.288,40.6428,-73.0278,11.13,32.42,9.51,13.82
NM20230401013,2023,SPRING,0.064,1,4,11,0.005818182,16.85454545,9.84972008,14.9352,40.5564,-73.5133,11.48,32.03,8.43,13.72
NM20230401014,2023,SPRING,2.012,3,6,14,0.143714286,57.33455937,47.05392493,13.4112,40.5547,-73.6051,11.37,32.08,7.78,13.67
NM20230401015,2023,SPRING,0.844,1,4,5,0.1688,18.54,18.54,14.6304,40.6152,-73.2153,10.63,32.52,8.89,12.38
NM20230401016,2023,SPRING,4.619,4,7,13,0.355307692,34.10891196,58.1634816,15.5448,40.6069,-73.2541,10.16,32.49,8.67,12.77
NM20230401017,2023,SPRING,4.125,8,6,17,0.242647059,33.92154479,27.68575857,13.4112,40.5714,-73.4933,10.92,32.12,8.22,13.84
NM20230401018,2023,SPRING,8.835,3,4,10,0.8835,28.24863428,10.27086395,11.8872,40.5282,-73.8796,12.98,30.99,9.59,13.3
NM20230401019,2023,SPRING,8.345,5,7,20,0.41725,31.97967363,11.8580935,11.5824,40.387,-73.9575,10.38,31.85,9.19,13.83
NM20230401020,2023,SPRING,0.292,4,4,8,0.0365,23.9686665,11.61418384,17.9832,40.3821,-73.9122,9.69,32.51,7.77,13.74
NM20230401021,2023,SPRING,16.207,5,6,21,0.771761905,20.60110664,15.57940755,21.9456,40.506,-73.8027,11.6,32.22,7.19,13.39
NM20230401022,2023,SPRING,3.272,8,8,29,0.112827586,29.44174079,19.55472836,20.1168,40.2832,-73.9319,9.51,32.69,8.2,14.76
NM20230401023,2023,SPRING,0,0,2,11,0,14.56363636,9.12308323,14.6304,39.7814,-74.0556,13.21,31.44,9.25,15.6
NM20230401024,2023,SPRING,13.013,7,7,20,0.65065,39.90157461,19.63893435,10.0584,39.7197,-74.0897,13.11,31.64,9.03,13.75
NM20230401025,2023,SPRING,1.406,4,4,13,0.108153846,13.94615385,12.78888889,24.6888,40.0844,-73.9893,8.76,32.81,6.96,14.7
NM20230401026,2023,SPRING,0.082,2,5,10,0.0082,18.3018018,9.335977159,19.5072,40.0148,-74.0317,9.42,32.5,6.21,14.35
NM20230401027,2023,SPRING,11.081,4,7,17,0.651823529,40.97609187,33.26055202,17.3736,39.6941,-74.083,11.57,31.72,8.72,13.48
NM20230401028,2023,SPRING,0.464,2,4,11,0.042181818,16.91330067,9.708292374,15.42288,39.4635,-74.2517,13.56,32.01,8.3,14.12
NM20230401029,2023,SPRING,55.05,6,4,10,5.505,24.91825685,9.886330274,10.0584,39.3943,-74.3089,13.77,31.99,8.43,14.42
NM20230401030,2023,SPRING,4.183,8,6,16,0.2614375,44.64012495,31.71990155,15.02664,39.2061,-74.5787,12.95,31.95,7.45,14.94
NM20230401031,2023,SPRING,0.148,3,1,5,0.0296,9.56,9.56,12.31392,39.1946,-74.6227,12.54,32.1,7.43,15.19
NM20230401032,2023,SPRING,0,0,1,3,0,9.966666667,9.966666667,19.2024,39.5749,-74.1013,10.61,32.49,6.73,14.36
NM20230401033,2023,SPRING,0,0,4,5,0,24.9124196,24.9124196,20.7264,39.5809,-74.1062,10.51,32.47,6.99,14.05
NM20230401034,2023,SPRING,0.238,2,3,11,0.021636364,15.83636364,10.47376884,16.1544,39.5682,-74.1468,11.02,32.43,6.64,14.12
NM20230401035,2023,SPRING,1.202,1,2,6,0.200333333,13.98024191,14.49480133,16.4592,39.5842,-74.1682,12.26,31.99,7.47,14.2
NM20230401036,2023,SPRING,0.355,2,4,10,0.0355,19.94417969,9.850330009,14.6304,39.5363,-74.2142,13.88,31.9,8.54,14.18
NM20230401037,2023,SPRING,12.929,12,6,17,0.760529412,40.80697453,38.02627675,17.9832,39.2157,-74.4587,12.49,32.34,8.53,15.43
NM20230401038,2023,SPRING,5.073,4,3,9,0.563666667,17.36996311,9.234834867,11.8872,39.1316,-74.667,14.13,31.98,8.25,15.07
NM20230401039,2023,SPRING,6.52,4,6,19,0.343157895,35.85797782,13.22923305,14.478,38.9668,-74.7922,15.39,32.21,8.69,15.94
NM20230401040,2023,SPRING,0.017,1,1,2,0.0085,10.35,10.35,16.09344,39.0567,-74.4788,11.38,32.61,8.29,15.68
NM20230401041,2023,SPRING,1.0206,3,3,7,0.1458,14.31428571,10.60137931,18.25752,39.0347,-74.5378,10.86,32.68,7.73,15.26
NM20230401042,2023,SPRING,0.028,1,1,1,0.028,9.8,9.8,19.05,39.0554,-74.5277,11.41,32.46,8.38,15.56
NM20230401043,2023,SPRING,0.168,1,3,7,0.024,13.48571429,13.48571429,13.59408,39.0941,-74.5527,11.08,32.61,8.02,15.4
NM20230401044,2023,SPRING,0,0,3,8,0,35.6086803,47.89902978,15.94104,39.0283,-74.5961,12.36,32.21,7.98,15.61
NM20230401045,2023,SPRING,4.949,4,5,11,0.449909091,48.72363093,49.55084825,14.53896,38.856,-74.6689,14.38,32.2,8.94,15.1
NM20230401046,2023,SPRING,0,0,2,6,0,12.2,8.825898639,14.7828,39.0539,-74.6649,13.35,32.05,8.22,15.71
NM20230401047,2023,SPRING,6.877,4,4,13,0.529,27.24096462,9.616998742,9.93648,38.8578,-74.902,15.57,32,8.56,15.76
NM20230401048,2023,SPRING,7.171,8,5,20,0.35855,22.784442,10.01561922,12.86256,38.8953,-74.8294,15.29,32.2,8.67,15.71
NM20230401049,2023,SPRING,0.488,3,2,10,0.0488,15.71,10.03781103,12.07008,38.9134,-74.8574,15.89,32.15,8.63,16.57
NM20230401050,2023,SPRING,12.705,8,6,12,1.05875,35.20303392,9.420948532,12.13104,38.8303,-74.9217,13.81,31.92,8.48,14.41
NM20230401052,2023,SPRING,0.031,1,2,3,0.010333333,9.1,9.1,15.78864,38.7981,-74.7282,12.67,32.46,8.4,14.59
NM20230401053,2023,SPRING,0,0,3,7,0,17.28977171,19.64180043,18.80616,38.7675,-74.7669,11.86,32.55,8.15,14.9
NM20230401054,2023,SPRING,0.047,1,1,5,0.0094,9.3,9.3,14.87424,38.7671,-74.9112,13.76,31.84,8.37,14.47
NM20230401055,2023,SPRING,0.497,3,4,9,0.055222222,16.97492289,8.642890678,16.97736,38.456,-74.9493,14.23,32.17,7.94,16.52
NM20230401056,2023,SPRING,5.527,6,4,10,0.5527,31.9350994,21.15932638,19.6596,38.5952,-74.9306,13.53,31.66,7.84,16.35
NM20230401057,2023,SPRING,0.899,3,5,16,0.0561875,23.99715138,18.15351609,12.92352,38.4729,-74.992,14.41,32.02,8.21,16.48
NM20230401058,2023,SPRING,26.568,4,5,18,1.476,26.97803866,17.08894619,15.02664,38.6202,-75.015,15.8,29.85,9.1,16.55
NM20230401059,2023,SPRING,1.971,3,3,7,0.281571429,33.13950907,50.17914088,19.05,38.615,-74.7581,11.92,32.6,8.55,15.84
NM20230401060,2023,SPRING,2.459,4,4,10,0.2459,51.7014758,48.40936148,22.21992,38.542,-74.8532,12.31,32.6,8.16,15.68
NM20230401061,2023,SPRING,0.022,2,2,9,0.002444444,12.46666667,11.585,25.38984,38.6834,-74.8566,12.68,32.35,8.66,16.12
NM20230401062,2023,SPRING,0.235,1,3,9,0.026111111,13.3,17.35205479,32.67456,38.7289,-74.905,11.24,32.88,7.46,16.1
NM20230401063,2023,SPRING,0.145,1,2,6,0.024166667,10.61666667,12.2027027,28.77312,38.7063,-74.9038,11.52,32.76,7.54,15.5
NM20230401064,2023,SPRING,0.602,1,4,14,0.043,17.94285714,19.75948718,15.78864,38.3049,-75.0559,14.7,32.01,8.27,16.37
NM20230401065,2023,SPRING,3.006,3,4,12,0.2505,32.8078541,28.3592128,13.19784,38.2475,-75.1115,14.76,32.08,8.4,16.3
NM20230401066,2023,SPRING,3.303,3,3,6,0.5505,59.7520396,64.79168572,23.43912,38.3441,-74.8516,13.31,32.62,8.54,15.94
NM20230401067,2023,SPRING,0,0,3,3,0,29.00788867,48.82028514,18.19656,38.2866,-74.8743,13.38,32.67,8.82,15.87
NM20230401068,2023,SPRING,0,0,1,5,0,9.52,9.52,19.87296,38.2552,-74.9246,13.32,32.72,8.4,15.92
NM20230401069,2023,SPRING,0.159,1,1,5,0.0318,8.88,8.88,13.35024,38.3721,-74.9304,13.93,32.43,8.27,16.29
NM20230401070,2023,SPRING,0.533,2,4,9,0.059222222,23.24047356,8.942398613,20.14728,38.2837,-74.9595,13.32,32.67,8.2,16.25
NM20230401071,2023,SPRING,1.858,3,2,6,0.309666667,18.65,18.998,16.39824,38.4172,-74.9795,13.93,32.24,8.08,16.22
NM20230401072,2023,SPRING,0.531,1,4,8,0.066375,21.62641025,20.81778127,15.42288,38.4428,-75.0087,14.5,31.88,8.15,16.37
NM20230401073,2023,SPRING,0,0,6,9,0,40.41617219,53.60948821,14.53896,38.18,-75.0475,13.42,32.65,8.27,16.33
NM20230401074,2023,SPRING,3.318,3,3,13,0.255230769,17.65453165,18.62394628,8.8392,37.9491,-75.2851,14.56,32.05,8.47,15.51
NM20230401075,2023,SPRING,0,0,2,7,0,14.84285714,17.81472473,10.0584,37.7792,-75.5034,14.6,32.12,9.01,17.08
NM20230401076,2023,SPRING,0.5825,4,5,14,0.041607143,22.8568669,18.13199153,11.21664,37.6576,-75.5539,15.56,32.36,8.46,16.7
NM20230401077,2023,SPRING,0.806,3,6,18,0.044777778,24.12071301,34.31351532,13.4112,37.8514,-75.3229,13.89,32,9.09,15.27
NM20230401078,2023,SPRING,1.206,5,5,13,0.092769231,22.76043839,18.79579165,12.55776,37.5589,-75.5702,16.69,32.56,8.11,17.48
NM20230401079,2023,SPRING,2.219,5,6,18,0.123277778,28.82224596,20.86957591,20.7264,38.0066,-75.05,12.9,32.68,8.71,14.25
NM20230401080,2023,SPRING,4.307,5,9,19,0.226684211,18.67587469,18.24052284,15.5448,37.9972,-75.202,13.76,32.13,8.46,14.48
NM20230401081,2023,SPRING,1.31,2,3,9,0.145555556,15.92222222,15.92222222,14.9352,37.7536,-75.3543,13.86,32.24,8.71,15.49
NM20230401082,2023,SPRING,23.091,4,5,13,1.776230769,25.17983663,23.07668206,24.0792,37.7579,-75.3547,14.31,32.24,8.67,15.86
NM20230401083,2023,SPRING,7.442,4,5,12,0.620166667,23.52483013,24.79813649,14.44752,37.7826,-75.3532,13.83,32.09,9.15,15.39
NM20230401084,2023,SPRING,1.582,2,4,14,0.113,24.83509986,50.92951681,19.2024,37.6052,-75.4428,13.6,32.45,8.83,15.59
NM20230401085,2023,SPRING,0.631,3,4,14,0.045071429,19.61757204,21.54304034,15.8496,37.6742,-75.449,13.67,32.32,8.91,15.33
NM20230401086,2023,SPRING,0.285,2,3,7,0.040714286,19.21410733,19.05484392,15.5448,37.718,-75.4447,13.71,32.42,8.57,15.76
NM20230401087,2023,SPRING,0,0,3,10,0,14.81,18.59241379,13.716,37.5443,-75.518,14.58,32.3,8.78,15.72
NM20230401088,2023,SPRING,0,0,4,8,0,20.77126425,17.51425285,12.4968,37.2549,-75.6775,14.75,32.62,8.71,16.99
NM20230401089,2023,SPRING,0.144,1,3,11,0.013090909,26.204898,18.18117094,14.1732,37.2182,-75.7039,14.75,32.53,8.72,15.78
NM20230401090,2023,SPRING,0,0,5,9,0,26.82605597,16.37929574,9.72312,37.2449,-75.7232,14.94,32.56,8.87,17.18
NM20230401091,2023,SPRING,0,0,2,6,0,19.12276414,19.12276414,7.74192,37.2933,-75.7211,15.56,32.29,8.81,17.02
NM20230401092,2023,SPRING,1.179,5,5,13,0.090692308,17.21195092,18.41068546,14.9352,37.5004,-75.4717,13.77,32.46,8.72,15.43
NM20230401093,2023,SPRING,0,0,4,8,0,17.4875,17.67222222,13.35024,37.5137,-75.5486,14.3,32.45,8.7,15.48
NM20230401094,2023,SPRING,0.15,1,3,11,0.013636364,15.15156787,15.70706925,14.1732,37.3669,-75.5904,14.87,32.6,8.52,15.64
NM20230401095,2023,SPRING,0.766,1,2,4,0.1915,47.4950255,59.11614644,17.0688,37.2809,-75.6416,14.36,32.66,8.55,15.15
NM20230401096,2023,SPRING,0,0,3,5,0,34.45871078,34.45871078,13.4112,37.0693,-75.7829,14.6,32.19,8.41,14.79
NM20230401097,2023,SPRING,0,0,2,6,0,17.05,17.70909091,7.22376,37.1431,-75.8139,14.97,31.8,8.47,15.6
NM20230401098,2023,SPRING,0,0,3,7,0,21.1,20.825,12.192,36.9765,-75.8503,14.8,31.71,8.61,15.06
NM20230401099,2023,SPRING,0.138,1,3,6,0.023,42.368177,60.33837484,12.61872,36.9871,-75.8472,13.86,32.15,8.88,14.37
NM20230401100,2023,SPRING,0.155,4,3,13,0.011923077,29.50729646,25.76463872,12.40536,36.7444,-75.8867,12.7,31.78,8.98,14.44
NM20230401101,2023,SPRING,0,0,2,6,0,20,19.30484848,10.0584,36.9914,-75.9455,15.96,29.81,8.61,16.67
NM20230401102,2023,SPRING,2.494,1,4,9,0.277111111,35.23687,54.20341951,17.73936,36.6585,-75.6859,10.89,33.23,9.1,15.27
NM20230401104,2023,SPRING,0,0,3,14,0,17.6,17.988,17.64792,37.1021,-75.6956,14.17,32.7,8.6,15.44
NM20230401105,2023,SPRING,0.364,2,3,5,0.0728,46.695838,59.66566153,19.01952,36.9282,-75.7071,13.22,32.8,9.03,14.43
NM20230401106,2023,SPRING,0.075,2,2,5,0.015,18.88,20.27777778,16.764,36.9697,-75.7651,14.07,32.6,8.66,14.79
NM20230401107,2023,SPRING,0.685,2,4,13,0.052692308,26.94337646,40.99115048,16.764,36.5906,-75.7923,11.32,32.74,8.54,15.07
NM20230401108,2023,SPRING,0.704,4,5,14,0.050285714,26.83399357,34.60773189,13.47216,36.5775,-75.8232,11.93,32.16,8.66,15.11
NM20230401109,2023,SPRING,0,0,4,11,0,18.40909091,18.40909091,13.716,36.9467,-75.8228,14.73,31.54,8.52,14.95
NM20230401110,2023,SPRING,1.28,3,4,8,0.16,38.186855,61.58643938,16.67256,36.6525,-75.8296,11.55,32.62,8.9,14.94
NM20230401111,2023,SPRING,0.789,5,3,13,0.060692308,30.03838815,44.98145147,16.33728,36.6943,-75.848,11.69,32.46,8.93,14.94
NM20230401112,2023,SPRING,0,0,2,5,0,49.2276044,60.46172074,9.26592,36.2775,-75.7806,14.83,29.89,8.92,14.8
NM20230401113,2023,SPRING,0,0,4,7,0,43.19274735,53.86211909,9.78408,36.3049,-75.7882,14.87,29.73,8.98,14.8
NM20230401114,2023,SPRING,0.267,1,2,7,0.038142857,38.86866371,60.93548163,18.77568,36.4619,-75.717,11.3,33,8.92,14.89
NM20230401115,2023,SPRING,0.241,2,4,10,0.0241,33.8774086,55.34188956,19.78152,36.4059,-75.7123,11.32,32.92,9.04,14.7
NM20230401116,2023,SPRING,0.063,1,3,10,0.0063,28.9393398,16.4516704,19.78152,35.9181,-75.5628,14.79,31.97,8.79,14.86
NM20230401117,2023,SPRING,0,0,3,9,0,33.96550822,47.90789593,19.87296,36.3409,-75.7053,11.93,32.53,8.98,14.21
NM20230401118,2023,SPRING,0,0,3,13,0,25.62446077,21.04946732,12.07008,36.3511,-75.797,14.52,30.2,9.04,14.85
NM20230401119,2023,SPRING,0.362,2,2,10,0.0362,15.38,15.53915058,11.24712,35.3588,-75.4771,16.92,33.63,8.19,16.62
NM20230401120,2023,SPRING,0,0,2,7,0,35.60332429,53.54003957,14.99616,35.7843,-75.5022,14.82,32.18,8.77,14.85
NM20230401121,2023,SPRING,0.598,3,3,11,0.054363636,21.63801494,17.99607941,18.7452,35.3207,-75.4229,17.01,33.68,8.38,16.44
NM20230401122,2023,SPRING,0.031,1,2,5,0.0062,16.8,16.8,17.00784,35.6034,-75.4069,14.16,32.7,8.83,14.31
NM20230401123,2023,SPRING,0.098,1,2,10,0.0098,18.05,17.63305914,18.56232,35.615,-75.4321,14.36,32.72,8.83,14.39
NM20230401124,2023,SPRING,0.38,5,3,11,0.034545455,16.38814273,13.57430108,13.22832,35.3322,-75.4732,16.9,33.58,8.34,16.53
NM20230401125,2023,SPRING,5.836,4,5,19,0.307157895,19.96315789,17.49379087,27.7368,41.3036,-71.6509,11.6,32.56,8.41,14.52
NM20230401126,2023,SPRING,6.91,5,5,26,0.265769231,20.25384615,9.320725781,21.336,41.3158,-71.707,12.26,32.1,9.26,15.53
NM20230401127,2023,SPRING,11.102,7,6,28,0.3965,21.60342029,14.03998232,22.86,41.1365,-72.0462,12.43,30.4,9.14,12.86
NM20230401128,2023,SPRING,3.7015,8,5,37,0.100040541,21.39255616,17.08307022,37.7952,41.155,-71.698,12.47,32.43,8.84,13.74
NM20230401129,2023,SPRING,26.8274,6,7,41,0.654326829,22.1958678,17.07923635,38.7096,41.266,-71.7042,10.79,32.59,9.14,13.2
NM20230401130,2023,SPRING,8.3405,5,4,28,0.297875,18.85357143,13.85904353,35.6616,41.2005,-71.7417,12.35,32.37,8.75,14.47
NM20230401131,2023,SPRING,5.3512,5,4,21,0.254819048,16.00952381,12.87921746,35.3568,41.2225,-71.7865,12.18,31.71,8.93,14.56
NM20230401132,2023,SPRING,20.6766,5,4,29,0.712986207,23.56206897,16.94411765,40.8432,41.2807,-71.7903,12.47,31.99,9.51,14.25
NM20230401133,2023,SPRING,8.9695,6,3,17,0.527617647,18.75451506,16.97295118,32.6136,41.2104,-71.8987,11.09,32.27,8.54,12.99
NM20230401134,2023,SPRING,4.49,8,6,21,0.213809524,31.98908975,13.77436436,30.48,41.1563,-71.9161,11.67,31.21,9.14,12.5
NM20230401135,2023,SPRING,5.1352,6,6,18,0.285288889,18.17764544,11.09340011,24.9936,41.3575,-71.4582,12.06,32.7,8.84,14.55
NM20230401136,2023,SPRING,13.4107,6,5,28,0.478953571,18.89285714,10.72453503,26.8224,41.434,-71.4003,12.28,32.45,8.05,14.94
NM20230401137,2023,SPRING,7.045,9,5,30,0.234833333,21.92666667,12.15488102,23.1648,41.3874,-71.0512,13.03,32.77,8.84,14.38
NM20230401138,2023,SPRING,3.717,8,8,50,0.07434,25.80619896,13.74663002,26.2128,41.3647,-71.0742,13.06,32.76,8.68,14.83
NM20230401139,2023,SPRING,6.467,7,7,41,0.157731707,21.84390244,17.7822689,39.624,41.2891,-71.4976,10.2,33.01,7.55,14.99
NM20230401140,2023,SPRING,6.485,7,5,32,0.20265625,25.88576906,11.0346196,23.4696,41.4266,-71.2497,12.41,32.76,8.68,15.19
NM20230401141,2023,SPRING,11.7083,7,5,20,0.585415,20.79,20.5136,38.7096,41.1807,-71.4266,9.77,33,6.99,14.79
NM20230401142,2023,SPRING,7.1677,9,5,35,0.204791429,21.61621131,15.49525183,32.9184,41.3255,-70.9114,11.47,32.86,8.68,14.14
NM20230401143,2023,SPRING,9.834,10,5,33,0.298,23.44819152,17.00859589,35.052,41.3103,-71.0494,10.93,32.91,8.64,13.78
NM20230401144,2023,SPRING,4.507,6,5,15,0.300466667,16.88666667,11.37278403,35.9664,41.3035,-71.4028,10.34,32.87,7.15,14.56
NM20230401145,2023,SPRING,8.596,11,6,31,0.277290323,19.40322581,16.13797753,37.4904,41.2727,-71.3081,9.95,33.06,7.27,13.15
NM20230401146,2023,SPRING,12.995,7,6,29,0.448103448,20.90689655,15.29840498,31.6992,41.4156,-71.3249,12.07,32.82,8.11,14.77
NM20230401147,2023,SPRING,19.8696,12,6,40,0.49674,21.885,16.06688844,37.1856,41.291,-70.9651,11.57,32.86,8.25,14.28
NM20230401148,2023,SPRING,12.645,6,4,21,0.602142857,20.2047619,16.35970588,39.0144,41.2329,-71.4642,10,32.96,7.1,14.25
NM20230401149,2023,SPRING,16.063,8,8,22,0.730136364,29.46081658,34.22519049,37.4904,41.1928,-71.491,10.95,32.78,8.88,14.33
NM20230401150,2023,SPRING,8.131,3,3,10,0.8131,22.08,20.18666667,30.7848,41.1367,-71.5219,10.57,32.85,8.31,14.53
NM20230901001,2023,FALL,1.243,7,5,23,0.054043478,27.1063777,17.42192763,19.01952,41.0392,-71.8801,17.27,30.81,7,17.17
NM20230901002,2023,FALL,0.392,2,3,3,0.130666667,15.4,15.4,15.48384,41.0092,-71.9709,17.2,30.84,6.04,16.74
NM20230901003,2023,FALL,0,0,4,10,0,18.15,8.397029646,14.6304,40.9524,-72.1423,16.53,30.92,7.96,16.24
NM20230901004,2023,FALL,1.317,4,5,13,0.101307692,29.37872462,40.69725898,15.8496,40.9803,-72.0317,16.52,30.88,7.86,16.13
NM20230901005,2023,FALL,18.506,3,7,29,0.638137931,25.52116641,9.06272812,17.0688,40.8842,-72.3054,16.5,31,7.47,16.12
NM20230901006,2023,FALL,1.088,1,4,9,0.120888889,20.34075933,12.2532339,18.1356,40.8443,-72.404,16.62,31.32,7.63,16.54
NM20230901007,2023,FALL,3.818,1,4,12,0.318166667,31.18645433,36.7242029,15.8496,40.9626,-72.1044,16.55,30.94,8,16.06
NM20230901008,2023,FALL,3.244,6,10,33,0.09830303,23.78971885,25.02266642,10.668,40.7334,-72.8316,16.44,31.52,8.07,15.98
NM20230901009,2023,FALL,0,0,4,13,0,11.75384615,7.964650615,12.4968,40.6645,-73.0256,16.88,31.89,6.61,16.59
NM20230901010,2023,FALL,2.407,3,8,21,0.114619048,30.27195276,9.536427436,14.9352,40.8109,-72.5328,16.62,31.32,7.63,16.54
NM20230901011,2023,FALL,13.307,4,8,30,0.443566667,20.39482743,8.64620586,17.3736,40.6953,-72.9257,16.64,31.76,6.84,17.07
NM20230901012,2023,FALL,0.399,2,3,14,0.0285,14.92857143,8.189739153,18.288,40.6752,-72.9588,16.76,31.81,6.51,16.47
NM20230901013,2023,FALL,2.943,7,6,21,0.140142857,27.05270562,19.01041245,12.192,40.5649,-73.5408,17.31,31.56,5.9,17.19
NM20230901014,2023,FALL,0.479,2,4,15,0.031933333,14.56956528,16.18194063,9.7536,40.564,-73.6185,17.37,31.47,6.02,17.19
NM20230901015,2023,FALL,0.448,2,4,14,0.032,13.14285714,8.810654713,13.4112,40.5683,-73.4824,17.09,31.44,5.79,16.8
NM20230901016,2023,FALL,11.569,10,6,18,0.642722222,36.10797264,8.462666098,18.8976,40.5692,-73.3728,17.69,31.97,6.09,17.47
NM20230901017,2023,FALL,0.881,3,2,29,0.03037931,17.27241379,8.719543343,17.3736,40.5467,-73.5085,17.57,31.95,5.57,17.29
NM20230901018,2023,FALL,7.163,6,5,11,0.651181818,37.17382815,40.41064455,12.192,40.3992,-73.9548,17.5,31.22,6.06,16.6
NM20230901019,2023,FALL,2.668,7,2,13,0.205230769,19.76403,26.69075556,12.8016,40.5388,-73.8798,17.42,32.12,5.59,17
NM20230901020,2023,FALL,2.261,5,8,16,0.1413125,38.63971157,42.91853371,17.0688,40.5477,-73.7042,17.08,31.71,6.32,16.51
NM20230901021,2023,FALL,0.344,2,3,8,0.043,20.63003025,20.63003025,21.336,40.5158,-73.6975,17.65,32.07,6.16,16.47
NM20230901022,2023,FALL,1.871,5,4,24,0.077958333,15.70416667,13.28686192,24.6888,40.294,-73.9134,17.36,31.36,7.1,16.9
NM20230901023,2023,FALL,0.285,1,4,15,0.019,15.7125068,11.98574129,13.4112,39.7572,-74.0642,17.56,31.07,7.67,17.09
NM20230901024,2023,FALL,2.631,4,6,20,0.13155,33.12971506,12.78588396,14.6304,39.8258,-74.0613,,,,
NM20230901025,2023,FALL,0.443,2,7,20,0.02215,29.46575469,26.09703527,17.9832,40.1207,-73.9916,17.42,31.19,6.5,17.13
NM20230901026,2023,FALL,0.852,5,3,11,0.077454545,19.20607257,25.22337094,20.7264,39.6855,-74.0279,17.86,31.78,7.37,17.44
NM20230901027,2023,FALL,0.504,2,4,9,0.056,23.01991584,8.073428939,19.5072,40.0211,-74.0296,17.43,31.56,6.41,16.9
NM20230901028,2023,FALL,12.237,8,7,18,0.679833333,33.06378675,20.40602567,11.8872,39.2853,-74.5083,16.81,31.26,6.7,16.4
NM20230901029,2023,FALL,0,0,2,6,0,20.36666667,21.27333333,11.5824,39.6392,-74.1687,16.84,31.27,7.69,17.01
NM20230901030,2023,FALL,1.056,2,6,7,0.150857143,23.23837933,26.60466382,10.9728,39.4303,-74.2638,16.79,31.36,7.23,16.55
NM20230901031,2023,FALL,0,0,3,9,0,18.86666667,19.09078834,10.0584,39.4057,-74.3071,16.51,31.14,7.11,15.96
NM20230901032,2023,FALL,0.823,2,3,16,0.0514375,15.10625,7.105574342,17.0688,39.6166,-74.1439,16.92,31.56,7.32,16.99
NM20230901033,2023,FALL,4.726,2,2,2,2.363,37.52567769,43.90108431,17.0688,39.4531,-74.1718,17,31.54,7.55,17.02
NM20230901034,2023,FALL,0,0,2,7,0,8.585714286,6.117032258,17.0688,39.5059,-74.1628,16.88,31.45,7.79,16.65
NM20230901035,2023,FALL,1.998,5,4,11,0.181636364,16.62943534,8.38074888,18.5928,39.4406,-74.2089,16.81,31.41,7.57,16.49
NM20230901036,2023,FALL,0.029,5,2,13,0.002230769,15.65384615,9.895,13.1064,39.5336,-74.2206,17.08,31.62,7.39,17.21
NM20230901037,2023,FALL,3.339,8,5,10,0.3339,41.94716558,46.11649815,18.5928,39.2327,-74.4452,17.03,31.6,6.83,16.9
NM20230901038,2023,FALL,0,0,3,7,0,20.12857143,21.98131484,15.24,39.0837,-74.688,16.79,31.28,6.45,16.41
NM20230901039,2023,FALL,8.031,2,4,12,0.66925,31.44165749,26.33883461,14.0208,38.9153,-74.6256,17.71,31.53,6.47,17.46
NM20230901040,2023,FALL,3.227,4,5,20,0.16135,27.50993427,17.54872727,22.86,38.8848,-74.6024,17.65,31.55,6.64,17.59
NM20230901041,2023,FALL,0,0,3,4,0,15.975,15.975,13.4112,39.1198,-74.6126,16.86,31.48,6.76,16.65
NM20230901042,2023,FALL,5.457,5,4,13,0.419769231,21.41500462,16.68235039,15.24,38.9195,-74.6574,17.42,31.63,7.1,17.34
NM20230901043,2023,FALL,0.528,1,2,3,0.176,26.64814467,26.64814467,16.764,38.9269,-74.7016,17.34,31.58,7.35,17.33
NM20230901044,2023,FALL,0,0,3,3,0,17.96666667,17.96666667,13.1064,38.941,-74.7134,16.97,31.02,6.69,16.77
NM20230901045,2023,FALL,0,0,4,15,0,20.70666667,22.42384615,11.5824,38.968,-74.7357,17.15,30.88,6.84,16.59
NM20230901046,2023,FALL,0.971,4,5,16,0.0606875,24.35048738,22.17174758,13.1064,38.929,-74.7902,16.79,30.53,6.74,16.59
NM20230901047,2023,FALL,0,0,2,7,0,18.28571429,18.88293651,11.8872,38.7047,-75.0559,17.24,29.72,6.97,18.03
NM20230901048,2023,FALL,8.285,2,7,18,0.460277778,28.55358602,18.04659658,13.4112,38.8459,-74.9105,17.21,30.6,6.5,17.46
NM20230901049,2023,FALL,0.3696,3,6,14,0.0264,24.22564254,18.36236325,10.668,38.8642,-74.8911,17.2,30.34,6.36,17.34
NM20230901050,2023,FALL,0,0,4,11,0,25.52503735,21.18277673,14.9352,38.5216,-75.0296,17.65,31.13,6.92,18.46
NM20230901051,2023,FALL,9.67,4,4,6,1.611666667,31.21809458,42.48208555,16.764,38.8459,-74.7378,17.52,32.22,6.92,17.41
NM20230901052,2023,FALL,1.075,5,3,18,0.059722222,14.45555556,11.21897436,17.9832,38.4889,-74.8762,17.61,32.06,7.03,17.89
NM20230901053,2023,FALL,3.245,1,5,17,0.190882353,24.44596534,21.51621307,18.288,38.7834,-74.9445,17.17,30.96,7.35,17.69
NM20230901054,2023,FALL,0,0,5,10,0,20.08,22.33098592,17.0688,38.5248,-74.9643,17.45,31.44,7.07,17.71
NM20230901055,2023,FALL,4.024,4,5,15,0.268266667,27.71607532,17.49569479,17.6784,38.7065,-74.9549,16.88,29.84,7.48,16.95
NM20230901056,2023,FALL,0,0,2,6,0,18.61666667,18.21764706,14.3256,38.6911,-74.9804,17.23,30.87,6.85,17.58
NM20230901057,2023,FALL,0,0,1,1,0,20.7,20.7,14.9352,38.8431,-74.8056,17.28,31.2,6.55,17.77
NM20230901058,2023,FALL,0,0,2,6,0,21.26666667,21.33333333,13.4112,38.6217,-75.0089,17.4,30.6,7.06,18
NM20230901059,2023,FALL,8.314,6,5,17,0.489058824,35.02918271,28.43494041,23.7744,38.5931,-74.8853,17.49,32.02,7.49,16.98
NM20230901060,2023,FALL,0.831,1,3,13,0.063923077,15.03076923,15.81052632,30.48,38.6056,-74.8037,17.5,32.25,7.6,16.99
NM20230901061,2023,FALL,0.776,4,3,23,0.03373913,20.95217391,18.92460177,24.384,38.5881,-74.8361,17.56,32.28,7.56,16.11
NM20230901062,2023,FALL,5.87,4,5,19,0.308947368,18.29285663,16.12588115,28.0416,38.6564,-74.8485,17.6,32.11,7.3,16.77
NM20230901063,2023,FALL,0.155,2,4,13,0.011923077,16.56923077,17.61770188,19.812,38.7428,-74.9682,16.95,29.96,7.26,17.52
NM20230901064,2023,FALL,0.97,1,3,18,0.053888889,20.87290789,15.26682018,10.9728,38.3074,-75.0756,18.13,31.29,5.6,18.9
NM20230901065,2023,FALL,0,0,2,7,0,17.27142857,16.57546545,14.0208,38.1199,-75.156,17.87,31.48,5.77,19.34
NM20230901066,2023,FALL,4.091,4,4,11,0.371909091,42.52749281,38.48716669,18.5928,38.3662,-74.8287,17.71,32.35,7.04,18.06
NM20230901067,2023,FALL,0.082,1,2,7,0.011714286,21.14285714,21.5255814,17.3736,38.3147,-74.9806,17.76,31.93,6.82,18.9
NM20230901068,2023,FALL,0,0,2,4,0,22.85,23.18461538,13.716,38.0748,-75.0154,17.95,31.95,6.62,18.42
NM20230901069,2023,FALL,0.036,1,2,5,0.0072,17.2,17.2,17.3736,38.0392,-75.0382,17.95,31.95,6.62,18.42
NM20230901070,2023,FALL,0.066,1,2,8,0.00825,17.475,16.98178948,15.8496,38.2946,-75.0377,17.71,31.66,6.79,19.27
NM20230901071,2023,FALL,0,0,3,7,0,19.77142857,20.10944016,13.716,38.2284,-75.0587,17.98,31.55,6.41,18.6
NM20230901072,2023,FALL,0,0,2,12,0,16.025,18.52428327,13.4112,38.2538,-75.0972,18.32,31.3,5.67,19.24
NM20230901073,2023,FALL,0,0,4,12,0,18.85,20.35870227,12.8016,38.1131,-75.11,17.95,31.59,6.14,18.6
NM20230901074,2023,FALL,0,0,3,12,0,12.1,16.12738708,7.9248,37.9406,-75.2955,18.75,31.36,5.17,19.44
NM20230901075,2023,FALL,4.645,2,5,10,0.4645,20.64244931,16.64236982,9.99744,37.7356,-75.5302,16,31.68,6.96,15.81
NM20230901076,2023,FALL,5.513,4,5,12,0.459416667,29.9391391,20.25853641,15.8496,37.9973,-75.1338,18.5,31.82,5.25,19.91
NM20230901077,2023,FALL,1.189,2,2,8,0.148625,34.46570475,20.68062272,8.2296,38.0175,-75.1403,18.13,31.77,5.69,19.59
NM20230901078,2023,FALL,0,0,4,15,0,12.65333333,16.38049646,11.21664,37.8184,-75.4417,15.9,31.72,7.2,15.87
NM20230901079,2023,FALL,0,0,3,9,0,47.76513048,24.83224691,14.9352,37.9425,-75.1737,18.32,32.15,6.54,19.43
NM20230901080,2023,FALL,1.634,2,6,15,0.108933333,28.33707055,22.7231682,21.0312,37.9186,-75.2038,18.48,31.73,5.15,20.32
NM20230901081,2023,FALL,2.478,3,5,18,0.137666667,17.86666667,21.57950714,23.1648,37.8459,-75.2323,18.44,32.24,5.31,19.31
NM20230901082,2023,FALL,0,0,4,15,0,19.28,17.94075248,15.81912,37.7266,-75.3906,18.98,31.71,5.63,19.65
NM20230901083,2023,FALL,0,0,4,9,0,15.9,16.2170185,14.56944,37.7556,-75.3825,16.31,31.68,6.91,16.27
NM20230901084,2023,FALL,0.52,1,3,7,0.074285714,20.78571429,22.6875,21.70176,37.6114,-75.4004,16.77,31.79,7.04,16.65
NM20230901085,2023,FALL,0,0,2,10,0,19.22,18.73269429,20.33016,37.6413,-75.4576,16.77,31.79,7.04,16.65
NM20230901086,2023,FALL,0,0,3,9,0,18.3,18.69760637,18.22704,37.6706,-75.4879,16.43,31.66,6.84,16.2
NM20230901087,2023,FALL,0,0,2,8,0,12.6,15.47110877,8.44296,37.2683,-75.73,15.82,31.67,7.56,16.13
NM20230901088,2023,FALL,0,0,3,10,0,17.44,21.67220306,13.8684,37.3931,-75.6206,16.4,32.04,7.71,15.55
NM20230901089,2023,FALL,1.042,2,4,23,0.045304348,20.67628687,16.74313627,11.39952,37.4665,-75.6088,16.34,31.88,7.07,16.66
NM20230901090,2023,FALL,0.632,2,2,12,0.052666667,14.025,16.05365879,11.00328,37.4194,-75.6294,16.06,31.7,7.6,16.23
NM20230901091,2023,FALL,0,0,2,6,0,19.45,19.65762266,12.46632,37.2657,-75.6909,16.51,31.89,7.29,16.37
NM20230901092,2023,FALL,0.01,1,4,7,0.001428571,36.505146,46.24525212,18.22704,37.3424,-75.5038,17.05,32.38,7.38,16.56
NM20230901093,2023,FALL,0.109,1,2,3,0.036333333,27.66826752,27.66826752,18.86712,37.2972,-75.5561,17.08,32.46,7.66,16.73
NM20230901094,2023,FALL,0,0,2,3,0,60.69879758,60.69879758,17.58696,37.3039,-75.5797,16.87,32.41,7.82,16.66
NM20230901095,2023,FALL,0.404,1,2,9,0.044888889,18.38888889,20.81685393,13.65504,37.1979,-75.6468,16.81,32.09,7.35,17.72
NM20230901096,2023,FALL,0.027,1,4,13,0.002076923,15.48461538,16.22346286,10.45464,37.1093,-75.7905,15.91,31.66,7.23,16.11
NM20230901097,2023,FALL,0,0,4,11,0,13.8,12.36267143,8.96112,37.1229,-75.8106,15.58,31.67,7.32,15.67
NM20230901098,2023,FALL,0.501,2,4,13,0.038538462,29.10529277,32.46794965,13.1064,37.0168,-75.8401,18.76,31.96,5.79,19.48
NM20230901099,2023,FALL,0,0,1,1,0,17.4,17.4,12.77112,36.9406,-75.88,16.8,31.59,7.67,16.08
NM20230901100,2023,FALL,0.506,2,4,10,0.0506,19.41,19.76823529,8.8392,37.0419,-75.8787,18.98,31.71,5.63,19.65
NM20230901101,2023,FALL,0,0,2,10,0,18.53,19.30079661,12.58824,36.7707,-75.9093,16.74,31.73,7.67,16.53
NM20230901104,2023,FALL,0,0,3,9,0,32.57615356,53.58880274,21.0312,36.9068,-75.6916,18.66,32.38,6.81,19.14
NM20230901105,2023,FALL,1.124,1,3,9,0.124888889,43.96434721,49.39898724,18.288,36.9348,-75.6886,18.7,32.31,6.28,19.3
NM20230901106,2023,FALL,0,0,1,2,0,20.35,20.35,13.53312,37.0683,-75.7044,16.78,32.09,7.69,17.81
NM20230901107,2023,FALL,0,0,3,12,0,14.625,12.28911392,15.02664,36.7134,-75.7609,17.5,32.19,7.56,17.71
NM20230901108,2023,FALL,0.212,2,2,6,0.035333333,19.08333333,19.41818182,20.02536,36.7683,-75.7573,17.53,32.22,7.6,17.68
NM20230901110,2023,FALL,3.604,3,3,11,0.327636364,19.23636364,19.31473684,16.764,36.9694,-75.792,18.72,31.85,5.63,19.15
NM20230901111,2023,FALL,0,0,2,9,0,19.3,20.49363636,15.5448,36.9826,-75.8176,18.73,31.95,5.81,19.3
NM20230901112,2023,FALL,0,0,3,11,0,20.22804964,17.2186119,9.93648,36.4876,-75.8407,17.62,32.02,5.51,17.9
NM20230901113,2023,FALL,0,0,3,12,0,24.84984567,17.15748321,10.8204,36.4117,-75.8166,17.28,31.73,5.46,16.95
NM20230901114,2023,FALL,0.161,1,2,2,0.0805,15.35,15.35,21.06168,36.4557,-75.7103,17.75,32.59,6.9,17.61
NM20230901115,2023,FALL,0.013,1,5,13,0.001,22.64087031,19.68394839,15.6972,35.8796,-75.5634,17.56,30.51,7.23,17.9
NM20230901116,2023,FALL,0,0,3,13,0,30.36107246,20.00239121,18.77568,36.13,-75.6766,17.54,31.96,6.88,16.54
NM20230901117,2023,FALL,0.032,1,2,10,0.0032,19.22,19.07007443,16.88592,36.1822,-75.7209,17.27,31.94,6.2,16.31
NM20230901118,2023,FALL,1.636,2,4,9,0.181777778,16.78888889,17.102,20.20824,36.4405,-75.7771,17.68,32.37,6.58,17.29
NM20230901119,2023,FALL,0,0,3,8,0,32.15550475,34.9632851,12.13104,35.4806,-75.4613,17.69,30.9,7.46,17.82
NM20230901120,2023,FALL,0,0,1,1,0,13.1,13.1,16.03248,35.5585,-75.4356,17.93,30.89,7.42,17.89
NM20230901122,2023,FALL,0,0,1,1,0,24.1,24.1,19.53768,35.5606,-75.3789,18.09,31.07,7.48,18.75
NM20230901123,2023,FALL,0,0,1,2,0,19.45,19.45,14.69136,35.6751,-75.4608,17.35,30.09,7.96,18.06
NM20230901124,2023,FALL,1.216,2,4,12,0.101333333,23.55695083,21.47184172,20.54352,35.7909,-75.4749,17.8,30.91,7.56,17.82
NM20230901125,2023,FALL,1.71,6,4,21,0.081428571,15.65238095,8.567045966,31.0896,41.1146,-72.0433,17.79,29.97,7.19,17
NM20230901126,2023,FALL,0.897,3,5,22,0.040772727,13.80909091,8.518540152,24.81072,41.0848,-71.9718,17.8,29.94,7.04,17.35
NM20230901127,2023,FALL,1.297,4,6,19,0.068263158,19.52708976,8.711982663,21.00072,41.0875,-71.9944,17.79,29.94,7.02,17.41
NM20230901128,2023,FALL,1.13,2,6,33,0.034242424,19.11870515,18.03418097,36.81984,41.1903,-71.961,17.61,30.39,6.97,16.61
NM20230901129,2023,FALL,5.098,9,5,29,0.175793103,23.96455266,7.922921343,35.26536,41.1883,-71.6239,17.26,31.5,7.59,17.62
NM20230901130,2023,FALL,8.974,7,7,41,0.218878049,17.41946307,11.77219444,42.3672,41.2765,-71.8007,16.91,31.66,6.82,18.28
NM20230901131,2023,FALL,5.017,10,6,41,0.122365854,19.57317073,15.18554033,42.18432,41.2003,-71.7967,16.78,31.39,6.43,18.26
NM20230901132,2023,FALL,32.223,7,6,40,0.805575,24.07942975,20.06741118,39.04488,41.2083,-71.8283,16.99,31.31,6.32,18.84
NM20230901133,2023,FALL,0.829,3,5,24,0.034541667,17.47916667,12.86028601,32.4612,41.2173,-71.9214,17.51,30.88,6.76,18.71
NM20230901134,2023,FALL,1.373,6,5,29,0.047344828,16.84137931,14.77267784,43.15968,41.236,-71.944,17.25,31.2,6.71,17.99
NM20230901135,2023,FALL,4.201,4,4,28,0.150035714,18.55357143,8.261688965,35.02152,41.1747,-71.5313,16.19,31.9,6.74,16.97
NM20230901136,2023,FALL,20.81,9,6,35,0.594571429,15.59142857,10.74824415,25.96896,41.4176,-71.4314,16.27,31.79,6.46,17.8
NM20230901137,2023,FALL,0.935,7,4,20,0.04675,18.16,9.561089499,24.65832,41.4276,-71.252,16.54,31.71,6.28,16.77
NM20230901138,2023,FALL,1.523,7,6,18,0.084611111,20.1078866,11.7259517,26.67,41.4246,-71.2917,16.36,31.77,6.37,17.65
NM20230901139,2023,FALL,7.313,9,3,15,0.487533333,15.85333333,14.27728571,38.49624,41.2758,-71.4155,15.91,31.93,6.88,16.83
NM20230901140,2023,FALL,5.666,6,8,42,0.134904762,21.68015079,19.78228885,45.38472,41.2807,-71.4984,16.24,31.79,7.2,17.24
NM20230901141,2023,FALL,3.402,6,5,28,0.1215,15.13928571,12.60001057,35.69208,41.3169,-70.8922,16.18,31.78,7.01,16.99
NM20230901142,2023,FALL,0.697,5,6,30,0.023233333,18.54453433,16.26152695,38.92296,41.2888,-70.9634,16.07,31.77,6.9,16.93
NM20230901143,2023,FALL,3.149,8,4,18,0.174944444,19.85070689,8.869423897,30.3276,41.3838,-71.2754,15.96,31.84,7.02,17.38
NM20230901144,2023,FALL,3.72,9,4,34,0.109411765,20.36764706,12.91426917,33.71088,41.3203,-71.2436,16.04,31.78,5.25,17.17
NM20230901145,2023,FALL,2.634,9,5,41,0.064243902,18.60243902,14.05572023,35.60064,41.3289,-71.2165,15.94,31.79,7.03,17.22
NM20230901146,2023,FALL,4.203,7,6,23,0.18273913,16.50644007,11.61450159,32.43072,41.3685,-71.4179,16.03,31.85,6.7,17.49
NM20230901147,2023,FALL,9.965,12,6,32,0.31140625,20.54064119,14.04442846,41.51376,41.2104,-71.4186,14.78,32.29,5.63,17.01
NM20230901148,2023,FALL,6.84,10,5,29,0.235862069,23.00840297,15.09280509,35.90544,41.3014,-71.3955,16.25,31.7,7.27,17.34
NM20230901149,2023,FALL,6.777,13,5,39,0.173769231,21.24358974,18.11991086,47.18304,41.1479,-71.4112,14.6,32.29,5.11,15.53
NM20230901150,2023,FALL,20.231,6,6,34,0.595029412,18.55632557,14.99270188,32.4612,41.38,-71.4174,17.04,31.51,6.76,17.86
